Timestamp	Time [s]	WL 1[nm]	WL 2[nm]	WL 3[nm]	WL 4[nm]	WL 5[nm]	WL 6[nm]	WL 7[nm]	WL 8[nm]	
2025-08-19T09:52:09Z	3593.00000	1555.20071	1538.07139	1524.95511
2025-08-19T09:52:09Z	3593.00000	1555.20047	1538.07138	1524.95480
2025-08-19T09:52:09Z	3593.00000	1555.20057	1538.07113	1524.95482
2025-08-19T09:52:09Z	3594.00000	1555.20091	1538.07101	1524.95512
2025-08-19T09:52:09Z	3594.00000	1555.20048	1538.07048	1524.95463
2025-08-19T09:52:09Z	3594.00000	1555.20057	1538.07044	1524.95480
2025-08-19T09:52:09Z	3594.00000	1555.20061	1538.07036	1524.95472
2025-08-19T09:52:09Z	3594.00000	1555.20075	1538.07080	1524.95493
2025-08-19T09:52:10Z	3594.00000	1555.20045	1538.07054	1524.95462
2025-08-19T09:52:10Z	3594.00000	1555.20060	1538.07030	1524.95473
2025-08-19T09:52:10Z	3594.00000	1555.20035	1538.06974	1524.95442
2025-08-19T09:52:10Z	3594.00000	1555.20062	1538.06975	1524.95457
2025-08-19T09:52:10Z	3594.00000	1555.20171	1538.06992	1524.95473
2025-08-19T09:52:10Z	3595.00000	1555.20255	1538.06957	1524.95486
2025-08-19T09:52:10Z	3595.00000	1555.20230	1538.06862	1524.95438
2025-08-19T09:52:10Z	3595.00000	1555.20270	1538.06856	1524.95460
2025-08-19T09:52:10Z	3595.00000	1555.20308	1538.06857	1524.95469
2025-08-19T09:52:10Z	3595.00000	1555.20353	1538.06831	1524.95477
2025-08-19T09:52:11Z	3595.00000	1555.20484	1538.06826	1524.95483
2025-08-19T09:52:11Z	3595.00000	1555.20530	1538.06814	1524.95458
2025-08-19T09:52:11Z	3595.00000	1555.20491	1538.06876	1524.95484
2025-08-19T09:52:11Z	3595.00000	1555.20412	1538.06857	1524.95440
2025-08-19T09:52:11Z	3595.00000	1555.20420	1538.06909	1524.95480
2025-08-19T09:52:11Z	3596.00000	1555.20373	1538.06908	1524.95466
2025-08-19T09:52:11Z	3596.00000	1555.20380	1538.06938	1524.95465
2025-08-19T09:52:11Z	3596.00000	1555.20374	1538.06962	1524.95448
2025-08-19T09:52:11Z	3596.00000	1555.20303	1538.06940	1524.95386
2025-08-19T09:52:12Z	3596.00000	1555.20251	1538.06932	1524.95338
2025-08-19T09:52:12Z	3596.00000	1555.20203	1538.06917	1524.95360
2025-08-19T09:52:12Z	3596.00000	1555.20169	1538.06909	1524.95315
2025-08-19T09:52:12Z	3596.00000	1555.20129	1538.06884	1524.95452
2025-08-19T09:52:12Z	3596.00000	1555.20189	1538.06946	1524.95778
2025-08-19T09:52:12Z	3597.00000	1555.20101	1538.06850	1524.95892
2025-08-19T09:52:12Z	3597.00000	1555.20093	1538.06838	1524.95816
2025-08-19T09:52:12Z	3597.00000	1555.20108	1538.06863	1524.95794
2025-08-19T09:52:12Z	3597.00000	1555.20120	1538.06865	1524.95672
2025-08-19T09:52:12Z	3597.00000	1555.20218	1538.06934	1524.95647
2025-08-19T09:52:13Z	3597.00000	1555.20252	1538.06936	1524.95559
2025-08-19T09:52:13Z	3597.00000	1555.20331	1538.07041	1524.95505
2025-08-19T09:52:13Z	3597.00000	1555.20395	1538.07158	1524.95468
2025-08-19T09:52:13Z	3597.00000	1555.20383	1538.07188	1524.95394
2025-08-19T09:52:13Z	3597.00000	1555.20349	1538.07108	1524.95369
2025-08-19T09:52:13Z	3598.00000	1555.20315	1538.07177	1524.95398
2025-08-19T09:52:13Z	3598.00000	1555.20264	1538.07164	1524.95335
2025-08-19T09:52:13Z	3598.00000	1555.20199	1538.07213	1524.95249
2025-08-19T09:52:13Z	3598.00000	1555.20232	1538.07129	1524.95232
2025-08-19T09:52:13Z	3598.00000	1555.20250	1538.07071	1524.95260
2025-08-19T09:52:14Z	3598.00000	1555.20213	1538.06923	1524.95260
2025-08-19T09:52:14Z	3598.00000	1555.20229	1538.06786	1524.95297
2025-08-19T09:52:14Z	3598.00000	1555.20470	1538.06735	1524.95339
2025-08-19T09:52:14Z	3598.00000	1555.20475	1538.06759	1524.95361
2025-08-19T09:52:14Z	3598.00000	1555.20370	1538.06803	1524.95398
2025-08-19T09:52:14Z	3599.00000	1555.20335	1538.06842	1524.95398
2025-08-19T09:52:14Z	3599.00000	1555.20254	1538.06976	1524.95278
2025-08-19T09:52:14Z	3599.00000	1555.20404	1538.07239	1524.95269
2025-08-19T09:52:14Z	3599.00000	1555.20447	1538.07302	1524.95280
2025-08-19T09:52:14Z	3599.00000	1555.20522	1538.07298	1524.95293
2025-08-19T09:52:15Z	3599.00000	1555.20679	1538.07279	1524.95555
2025-08-19T09:52:15Z	3599.00000	1555.20656	1538.07233	1524.95535
2025-08-19T09:52:15Z	3599.00000	1555.20547	1538.07188	1524.95520
2025-08-19T09:52:15Z	3599.00000	1555.20464	1538.07151	1524.95513
2025-08-19T09:52:15Z	3599.00000	1555.20419	1538.07121	1524.95495
2025-08-19T09:52:15Z	3600.00000	1555.20338	1538.07055	1524.95436
2025-08-19T09:52:15Z	3600.00000	1555.20314	1538.07044	1524.95446
2025-08-19T09:52:15Z	3600.00000	1555.20256	1538.07010	1524.95428
2025-08-19T09:52:15Z	3600.00000	1555.20266	1538.07058	1524.95488
2025-08-19T09:52:15Z	3600.00000	1555.20260	1538.07055	1524.95598
2025-08-19T09:52:16Z	3600.00000	1555.20230	1538.07013	1524.95648
2025-08-19T09:52:16Z	3600.00000	1555.20247	1538.07005	1524.95691
2025-08-19T09:52:16Z	3600.00000	1555.20241	1538.06977	1524.95662
2025-08-19T09:52:16Z	3600.00000	1555.20254	1538.06987	1524.95626
2025-08-19T09:52:16Z	3600.00000	1555.20219	1538.06981	1524.95513
2025-08-19T09:52:16Z	3601.00000	1555.20216	1538.07050	1524.95484
2025-08-19T09:52:16Z	3601.00000	1555.20143	1538.07082	1524.95418
2025-08-19T09:52:16Z	3601.00000	1555.20132	1538.07132	1524.95426
2025-08-19T09:52:16Z	3601.00000	1555.20127	1538.07134	1524.95457
2025-08-19T09:52:16Z	3601.00000	1555.20112	1538.07093	1524.95494
2025-08-19T09:52:17Z	3601.00000	1555.20125	1538.07095	1524.95590
2025-08-19T09:52:17Z	3601.00000	1555.20098	1538.07100	1524.95513
2025-08-19T09:52:17Z	3601.00000	1555.20071	1538.07100	1524.95505
2025-08-19T09:52:17Z	3601.00000	1555.20089	1538.07089	1524.95604
2025-08-19T09:52:17Z	3601.00000	1555.20066	1538.07031	1524.95619
2025-08-19T09:52:17Z	3602.00000	1555.20115	1538.07103	1524.95669
2025-08-19T09:52:17Z	3602.00000	1555.20078	1538.07109	1524.95618
2025-08-19T09:52:17Z	3602.00000	1555.20120	1538.07096	1524.95670
2025-08-19T09:52:17Z	3602.00000	1555.20158	1538.07073	1524.95673
2025-08-19T09:52:17Z	3602.00000	1555.20175	1538.07083	1524.95641
2025-08-19T09:52:18Z	3602.00000	1555.20122	1538.07061	1524.95557
2025-08-19T09:52:18Z	3602.00000	1555.20143	1538.07122	1524.95566
2025-08-19T09:52:18Z	3602.00000	1555.20056	1538.07103	1524.95456
2025-08-19T09:52:18Z	3602.00000	1555.20142	1538.07270	1524.95511
2025-08-19T09:52:18Z	3602.00000	1555.20473	1538.07391	1524.95467
2025-08-19T09:52:18Z	3603.00000	1555.20518	1538.07435	1524.95477
2025-08-19T09:52:18Z	3603.00000	1555.20675	1538.07484	1524.95341
2025-08-19T09:52:18Z	3603.00000	1555.20990	1538.07548	1524.95355
2025-08-19T09:52:18Z	3603.00000	1555.20874	1538.07688	1524.95289
2025-08-19T09:52:18Z	3603.00000	1555.20540	1538.07629	1524.95196
2025-08-19T09:52:19Z	3603.00000	1555.20568	1538.07836	1524.95303
2025-08-19T09:52:19Z	3603.00000	1555.20515	1538.07812	1524.95195
2025-08-19T09:52:19Z	3603.00000	1555.20938	1538.08026	1524.95371
2025-08-19T09:52:19Z	3603.00000	1555.21094	1538.08049	1524.95476
2025-08-19T09:52:19Z	3603.00000	1555.20847	1538.07782	1524.95530
2025-08-19T09:52:19Z	3604.00000	1555.20743	1538.07461	1524.95458
2025-08-19T09:52:19Z	3604.00000	1555.20903	1538.07447	1524.95512
2025-08-19T09:52:19Z	3604.00000	1555.21021	1538.07471	1524.95532
2025-08-19T09:52:19Z	3604.00000	1555.21026	1538.07491	1524.95507
2025-08-19T09:52:19Z	3604.00000	1555.20999	1538.07539	1524.95506
2025-08-19T09:52:20Z	3604.00000	1555.20876	1538.07523	1524.95520
2025-08-19T09:52:20Z	3604.00000	1555.20862	1538.07485	1524.95511
2025-08-19T09:52:20Z	3604.00000	1555.20768	1538.07452	1524.95542
2025-08-19T09:52:20Z	3604.00000	1555.20692	1538.07400	1524.95540
2025-08-19T09:52:20Z	3604.00000	1555.20721	1538.07359	1524.95572
2025-08-19T09:52:20Z	3605.00000	1555.20679	1538.07293	1524.95544
2025-08-19T09:52:20Z	3605.00000	1555.20623	1538.07287	1524.95562
2025-08-19T09:52:20Z	3605.00000	1555.20536	1538.07200	1524.95510
2025-08-19T09:52:20Z	3605.00000	1555.20529	1538.07204	1524.95542
2025-08-19T09:52:20Z	3605.00000	1555.20449	1538.07138	1524.95500
2025-08-19T09:52:21Z	3605.00000	1555.20605	1538.07143	1524.95518
2025-08-19T09:52:21Z	3605.00000	1555.20594	1538.07124	1524.95490
2025-08-19T09:52:21Z	3605.00000	1555.20505	1538.07091	1524.95518
2025-08-19T09:52:21Z	3605.00000	1555.20439	1538.07068	1524.95581
2025-08-19T09:52:21Z	3605.00000	1555.20433	1538.07073	1524.95711
2025-08-19T09:52:21Z	3606.00000	1555.20363	1538.07013	1524.95734
2025-08-19T09:52:21Z	3606.00000	1555.20407	1538.07041	1524.95838
2025-08-19T09:52:21Z	3606.00000	1555.20476	1538.07011	1524.95817
2025-08-19T09:52:21Z	3606.00000	1555.20489	1538.06979	1524.95823
2025-08-19T09:52:21Z	3606.00000	1555.20532	1538.07029	1524.95905
2025-08-19T09:52:22Z	3606.00000	1555.20525	1538.07032	1524.95976
2025-08-19T09:52:22Z	3606.00000	1555.20359	1538.07000	1524.95891
2025-08-19T09:52:22Z	3606.00000	1555.20482	1538.07272	1524.96026
2025-08-19T09:52:22Z	3606.00000	1555.20525	1538.07375	1524.96025
2025-08-19T09:52:22Z	3606.00000	1555.20430	1538.07437	1524.96112
2025-08-19T09:52:22Z	3607.00000	1555.20425	1538.07568	1524.96075
2025-08-19T09:52:22Z	3607.00000	1555.20317	1538.07547	1524.95932
2025-08-19T09:52:22Z	3607.00000	1555.20277	1538.07729	1524.95795
2025-08-19T09:52:22Z	3607.00000	1555.20226	1538.07893	1524.95738
2025-08-19T09:52:22Z	3607.00000	1555.20237	1538.08110	1524.95801
2025-08-19T09:52:23Z	3607.00000	1555.20249	1538.08215	1524.95671
2025-08-19T09:52:23Z	3607.00000	1555.20339	1538.08080	1524.95576
2025-08-19T09:52:23Z	3607.00000	1555.20511	1538.07679	1524.95463
2025-08-19T09:52:23Z	3607.00000	1555.20606	1538.07520	1524.95397
2025-08-19T09:52:23Z	3607.00000	1555.20746	1538.07411	1524.95350
2025-08-19T09:52:23Z	3608.00000	1555.20796	1538.07249	1524.95289
2025-08-19T09:52:23Z	3608.00000	1555.20842	1538.07146	1524.95249
2025-08-19T09:52:23Z	3608.00000	1555.20677	1538.07048	1524.95238
2025-08-19T09:52:23Z	3608.00000	1555.20621	1538.07002	1524.95199
2025-08-19T09:52:23Z	3608.00000	1555.20579	1538.06929	1524.95182
2025-08-19T09:52:24Z	3608.00000	1555.20514	1538.06809	1524.95127
2025-08-19T09:52:24Z	3608.00000	1555.20498	1538.06795	1524.95173
2025-08-19T09:52:24Z	3608.00000	1555.20381	1538.06738	1524.95178
2025-08-19T09:52:24Z	3608.00000	1555.20209	1538.06618	1524.95139
2025-08-19T09:52:24Z	3608.00000	1555.20201	1538.06656	1524.95226
2025-08-19T09:52:24Z	3609.00000	1555.20111	1538.06617	1524.95214
2025-08-19T09:52:24Z	3609.00000	1555.20052	1538.06689	1524.95172
2025-08-19T09:52:24Z	3609.00000	1555.20052	1538.06744	1524.95179
2025-08-19T09:52:24Z	3609.00000	1555.20062	1538.06776	1524.95239
2025-08-19T09:52:24Z	3609.00000	1555.19962	1538.06755	1524.95235
2025-08-19T09:52:25Z	3609.00000	1555.19945	1538.06760	1524.95218
2025-08-19T09:52:25Z	3609.00000	1555.19985	1538.06727	1524.95167
2025-08-19T09:52:25Z	3609.00000	1555.19973	1538.06716	1524.95160
2025-08-19T09:52:25Z	3609.00000	1555.19924	1538.06675	1524.95114
2025-08-19T09:52:25Z	3609.00000	1555.19958	1538.06722	1524.95164
2025-08-19T09:52:25Z	3610.00000	1555.19891	1538.06674	1524.95126
2025-08-19T09:52:25Z	3610.00000	1555.19875	1538.06659	1524.95149
2025-08-19T09:52:25Z	3610.00000	1555.19875	1538.06656	1524.95168
2025-08-19T09:52:25Z	3610.00000	1555.19839	1538.06625	1524.95152
2025-08-19T09:52:25Z	3610.00000	1555.19823	1538.06630	1524.95155
2025-08-19T09:52:26Z	3610.00000	1555.19798	1538.06629	1524.95153
2025-08-19T09:52:26Z	3610.00000	1555.19780	1538.06637	1524.95155
2025-08-19T09:52:26Z	3610.00000	1555.19742	1538.06630	1524.95123
2025-08-19T09:52:26Z	3610.00000	1555.19742	1538.06637	1524.95126
2025-08-19T09:52:26Z	3610.00000	1555.19768	1538.06650	1524.95140
2025-08-19T09:52:26Z	3611.00000	1555.19746	1538.06614	1524.95114
2025-08-19T09:52:26Z	3611.00000	1555.19767	1538.06626	1524.95140
2025-08-19T09:52:26Z	3611.00000	1555.19783	1538.06625	1524.95149
2025-08-19T09:52:26Z	3611.00000	1555.19759	1538.06597	1524.95129
2025-08-19T09:52:26Z	3611.00000	1555.19743	1538.06593	1524.95130
2025-08-19T09:52:27Z	3611.00000	1555.19743	1538.06595	1524.95134
2025-08-19T09:52:27Z	3611.00000	1555.19749	1538.06617	1524.95179
2025-08-19T09:52:27Z	3611.00000	1555.19728	1538.06608	1524.95184
2025-08-19T09:52:27Z	3611.00000	1555.19705	1538.06586	1524.95201
2025-08-19T09:52:27Z	3611.00000	1555.19702	1538.06592	1524.95245
2025-08-19T09:52:27Z	3612.00000	1555.19707	1538.06637	1524.95272
2025-08-19T09:52:27Z	3612.00000	1555.19701	1538.06686	1524.95243
2025-08-19T09:52:27Z	3612.00000	1555.19744	1538.06891	1524.95262
2025-08-19T09:52:27Z	3612.00000	1555.19460	1538.06615	1524.94926
2025-08-19T09:52:27Z	3612.00000	1555.19653	1538.06716	1524.95106
2025-08-19T09:52:28Z	3612.00000	1555.19572	1538.06565	1524.95070
2025-08-19T09:52:28Z	3612.00000	1555.19705	1538.06797	1524.95156
2025-08-19T09:52:28Z	3612.00000	1555.19555	1538.06976	1524.95051
2025-08-19T09:52:28Z	3612.00000	1555.19550	1538.07059	1524.95036
2025-08-19T09:52:28Z	3612.00000	1555.19576	1538.07144	1524.94980
2025-08-19T09:52:28Z	3613.00000	1555.19587	1538.06866	1524.94823
2025-08-19T09:52:28Z	3613.00000	1555.19827	1538.06820	1524.94866
2025-08-19T09:52:28Z	3613.00000	1555.19991	1538.06796	1524.94904
2025-08-19T09:52:28Z	3613.00000	1555.20069	1538.06767	1524.94906
2025-08-19T09:52:28Z	3613.00000	1555.19939	1538.06669	1524.94830
2025-08-19T09:52:29Z	3613.00000	1555.20101	1538.06582	1524.94813
2025-08-19T09:52:29Z	3613.00000	1555.20372	1538.06449	1524.94780
2025-08-19T09:52:29Z	3613.00000	1555.20208	1538.06401	1524.94768
2025-08-19T09:52:29Z	3613.00000	1555.20195	1538.06528	1524.94931
2025-08-19T09:52:29Z	3613.00000	1555.20018	1538.06462	1524.94879
2025-08-19T09:52:29Z	3614.00000	1555.19934	1538.06531	1524.94855
2025-08-19T09:52:29Z	3614.00000	1555.19885	1538.06810	1524.94861
2025-08-19T09:52:29Z	3614.00000	1555.19806	1538.06785	1524.94844
2025-08-19T09:52:29Z	3614.00000	1555.19941	1538.06657	1524.94813
2025-08-19T09:52:29Z	3614.00000	1555.20252	1538.06633	1524.94842
2025-08-19T09:52:30Z	3614.00000	1555.20336	1538.06528	1524.94800
2025-08-19T09:52:30Z	3614.00000	1555.20109	1538.06385	1524.94758
2025-08-19T09:52:30Z	3614.00000	1555.20121	1538.06537	1524.94996
2025-08-19T09:52:30Z	3614.00000	1555.19977	1538.06479	1524.94964
2025-08-19T09:52:30Z	3614.00000	1555.19603	1538.06191	1524.94703
2025-08-19T09:52:30Z	3615.00000	1555.19803	1538.06492	1524.94957
2025-08-19T09:52:30Z	3615.00000	1555.19534	1538.06318	1524.94765
2025-08-19T09:52:30Z	3615.00000	1555.19470	1538.06296	1524.94710
2025-08-19T09:52:30Z	3615.00000	1555.19721	1538.06563	1524.94949
2025-08-19T09:52:30Z	3615.00000	1555.19605	1538.06416	1524.94861
2025-08-19T09:52:31Z	3615.00000	1555.19897	1538.06619	1524.95112
2025-08-19T09:52:31Z	3615.00000	1555.20047	1538.06701	1524.95324
2025-08-19T09:52:31Z	3615.00000	1555.20000	1538.06627	1524.95220
2025-08-19T09:52:31Z	3615.00000	1555.20158	1538.06642	1524.95204
2025-08-19T09:52:31Z	3615.00000	1555.20986	1538.06759	1524.95147
2025-08-19T09:52:31Z	3616.00000	1555.20983	1538.06603	1524.95011
2025-08-19T09:52:31Z	3616.00000	1555.20798	1538.06639	1524.95068
2025-08-19T09:52:31Z	3616.00000	1555.20499	1538.06558	1524.94997
2025-08-19T09:52:31Z	3616.00000	1555.20376	1538.06589	1524.95000
2025-08-19T09:52:31Z	3616.00000	1555.20414	1538.06745	1524.95198
2025-08-19T09:52:32Z	3616.00000	1555.20374	1538.06832	1524.95316
2025-08-19T09:52:32Z	3616.00000	1555.20416	1538.06799	1524.95340
2025-08-19T09:52:32Z	3616.00000	1555.20420	1538.06837	1524.95397
2025-08-19T09:52:32Z	3616.00000	1555.20391	1538.06873	1524.95391
2025-08-19T09:52:32Z	3616.00000	1555.20337	1538.06870	1524.95322
2025-08-19T09:52:32Z	3617.00000	1555.20274	1538.06901	1524.95345
2025-08-19T09:52:32Z	3617.00000	1555.20206	1538.06876	1524.95331
2025-08-19T09:52:32Z	3617.00000	1555.20176	1538.06856	1524.95340
2025-08-19T09:52:32Z	3617.00000	1555.20155	1538.06870	1524.95352
2025-08-19T09:52:32Z	3617.00000	1555.20119	1538.06851	1524.95352
2025-08-19T09:52:33Z	3617.00000	1555.20098	1538.06794	1524.95358
2025-08-19T09:52:33Z	3617.00000	1555.20056	1538.06733	1524.95322
2025-08-19T09:52:33Z	3617.00000	1555.20122	1538.06774	1524.95342
2025-08-19T09:52:33Z	3617.00000	1555.20130	1538.06797	1524.95355
2025-08-19T09:52:33Z	3617.00000	1555.20653	1538.06867	1524.95422
2025-08-19T09:52:33Z	3618.00000	1555.20824	1538.06873	1524.95440
2025-08-19T09:52:33Z	3618.00000	1555.20852	1538.06865	1524.95442
2025-08-19T09:52:33Z	3618.00000	1555.20751	1538.06874	1524.95423
2025-08-19T09:52:33Z	3618.00000	1555.20641	1538.06940	1524.95433
2025-08-19T09:52:33Z	3618.00000	1555.20523	1538.06933	1524.95398
2025-08-19T09:52:34Z	3618.00000	1555.20418	1538.06946	1524.95401
2025-08-19T09:52:34Z	3618.00000	1555.20360	1538.06948	1524.95403
2025-08-19T09:52:34Z	3618.00000	1555.20335	1538.06985	1524.95447
2025-08-19T09:52:34Z	3618.00000	1555.20287	1538.06978	1524.95446
2025-08-19T09:52:34Z	3618.00000	1555.20279	1538.07024	1524.95490
2025-08-19T09:52:34Z	3619.00000	1555.20219	1538.06995	1524.95438
2025-08-19T09:52:34Z	3619.00000	1555.20255	1538.07141	1524.95466
2025-08-19T09:52:34Z	3619.00000	1555.20207	1538.07069	1524.95434
2025-08-19T09:52:34Z	3619.00000	1555.20463	1538.07261	1524.95693
2025-08-19T09:52:34Z	3619.00000	1555.20631	1538.07400	1524.95898
2025-08-19T09:52:35Z	3619.00000	1555.20957	1538.07724	1524.96258
2025-08-19T09:52:35Z	3619.00000	1555.20962	1538.07710	1524.96276
2025-08-19T09:52:35Z	3619.00000	1555.21287	1538.07940	1524.96529
2025-08-19T09:52:35Z	3619.00000	1555.21232	1538.07860	1524.96459
2025-08-19T09:52:35Z	3619.00000	1555.21530	1538.08168	1524.96706
2025-08-19T09:52:35Z	3620.00000	1555.23121	1538.09836	1524.98255
2025-08-19T09:52:35Z	3620.00000	1555.23878	1538.10678	1524.99031
2025-08-19T09:52:35Z	3620.00000	1555.24549	1538.11404	1524.99742
2025-08-19T09:52:35Z	3620.00000	1555.24787	1538.11686	1525.00018
2025-08-19T09:52:35Z	3620.00000	1555.26409	1538.13397	1525.01647
2025-08-19T09:52:36Z	3620.00000	1555.28780	1538.15832	1525.04035
2025-08-19T09:52:36Z	3620.00000	1555.29312	1538.16391	1525.04594
2025-08-19T09:52:36Z	3620.00000	1555.30035	1538.17067	1525.05279
2025-08-19T09:52:36Z	3620.00000	1555.31438	1538.18396	1525.06611
2025-08-19T09:52:36Z	3620.00000	1555.31159	1538.18134	1525.06367
2025-08-19T09:52:36Z	3621.00000	1555.31180	1538.18192	1525.06380
2025-08-19T09:52:36Z	3621.00000	1555.31529	1538.18530	1525.06712
2025-08-19T09:52:36Z	3621.00000	1555.31860	1538.18795	1525.06987
2025-08-19T09:52:36Z	3621.00000	1555.31745	1538.18633	1525.06851
2025-08-19T09:52:36Z	3621.00000	1555.32612	1538.19454	1525.07678
2025-08-19T09:52:37Z	3621.00000	1555.33146	1538.19970	1525.08193
2025-08-19T09:52:37Z	3621.00000	1555.34312	1538.21088	1525.09310
2025-08-19T09:52:37Z	3621.00000	1555.32677	1538.19505	1525.07762
2025-08-19T09:52:37Z	3621.00000	1555.32461	1538.19296	1525.07589
2025-08-19T09:52:37Z	3621.00000	1555.32404	1538.19218	1525.07533
2025-08-19T09:52:37Z	3622.00000	1555.32520	1538.19322	1525.07671
2025-08-19T09:52:37Z	3622.00000	1555.32380	1538.19213	1525.07575
2025-08-19T09:52:37Z	3622.00000	1555.32255	1538.19122	1525.07489
2025-08-19T09:52:37Z	3622.00000	1555.32295	1538.19192	1525.07549
2025-08-19T09:52:37Z	3622.00000	1555.32275	1538.19197	1525.07575
2025-08-19T09:52:38Z	3622.00000	1555.32284	1538.19228	1525.07603
2025-08-19T09:52:38Z	3622.00000	1555.32233	1538.19221	1525.07608
2025-08-19T09:52:38Z	3622.00000	1555.32141	1538.19206	1525.07592
2025-08-19T09:52:38Z	3622.00000	1555.32187	1538.19286	1525.07659
2025-08-19T09:52:38Z	3622.00000	1555.31796	1538.18941	1525.07286
2025-08-19T09:52:38Z	3623.00000	1555.31719	1538.18852	1525.07099
2025-08-19T09:52:38Z	3623.00000	1555.31747	1538.18898	1525.06997
2025-08-19T09:52:38Z	3623.00000	1555.32099	1538.19041	1525.07206
2025-08-19T09:52:38Z	3623.00000	1555.32208	1538.19061	1525.07251
2025-08-19T09:52:38Z	3623.00000	1555.32334	1538.19182	1525.07146
2025-08-19T09:52:39Z	3623.00000	1555.32147	1538.19441	1525.06952
2025-08-19T09:52:39Z	3623.00000	1555.31886	1538.19730	1525.06789
2025-08-19T09:52:39Z	3623.00000	1555.32082	1538.19919	1525.06680
2025-08-19T09:52:39Z	3623.00000	1555.32370	1538.20068	1525.06706
2025-08-19T09:52:39Z	3623.00000	1555.32448	1538.20026	1525.06640
2025-08-19T09:52:39Z	3624.00000	1555.32519	1538.19783	1525.06660
2025-08-19T09:52:39Z	3624.00000	1555.32619	1538.19625	1525.06715
2025-08-19T09:52:39Z	3624.00000	1555.32337	1538.19761	1525.06515
2025-08-19T09:52:39Z	3624.00000	1555.32581	1538.20309	1525.06771
2025-08-19T09:52:39Z	3624.00000	1555.32308	1538.19795	1525.06491
2025-08-19T09:52:40Z	3624.00000	1555.32245	1538.19547	1525.06732
2025-08-19T09:52:40Z	3624.00000	1555.32196	1538.19290	1525.06839
2025-08-19T09:52:40Z	3624.00000	1555.32302	1538.19155	1525.07006
2025-08-19T09:52:40Z	3624.00000	1555.31983	1538.18550	1525.06711
2025-08-19T09:52:40Z	3624.00000	1555.32242	1538.18686	1525.06935
2025-08-19T09:52:40Z	3625.00000	1555.32274	1538.18618	1525.06791
2025-08-19T09:52:40Z	3625.00000	1555.32044	1538.18486	1525.06609
2025-08-19T09:52:40Z	3625.00000	1555.31812	1538.18530	1525.06492
2025-08-19T09:52:40Z	3625.00000	1555.31790	1538.18845	1525.06628
2025-08-19T09:52:40Z	3625.00000	1555.31796	1538.19303	1525.06791
2025-08-19T09:52:41Z	3625.00000	1555.31682	1538.19440	1525.06849
2025-08-19T09:52:41Z	3625.00000	1555.32016	1538.19850	1525.07242
2025-08-19T09:52:41Z	3625.00000	1555.32678	1538.20408	1525.07831
2025-08-19T09:52:41Z	3625.00000	1555.32816	1538.20530	1525.07886
2025-08-19T09:52:41Z	3625.00000	1555.32886	1538.20567	1525.07815
2025-08-19T09:52:41Z	3626.00000	1555.32774	1538.20011	1525.07529
2025-08-19T09:52:41Z	3626.00000	1555.32865	1538.19742	1525.07428
2025-08-19T09:52:41Z	3626.00000	1555.32822	1538.19487	1525.07370
2025-08-19T09:52:41Z	3626.00000	1555.32659	1538.19238	1525.07376
2025-08-19T09:52:41Z	3626.00000	1555.32442	1538.18990	1525.07382
2025-08-19T09:52:42Z	3626.00000	1555.32313	1538.18827	1525.07393
2025-08-19T09:52:42Z	3626.00000	1555.32229	1538.18667	1525.07369
2025-08-19T09:52:42Z	3626.00000	1555.32204	1538.18535	1525.07339
2025-08-19T09:52:42Z	3626.00000	1555.32285	1538.18589	1525.07371
2025-08-19T09:52:42Z	3626.00000	1555.31826	1538.18223	1525.06962
2025-08-19T09:52:42Z	3627.00000	1555.31745	1538.18288	1525.06950
2025-08-19T09:52:42Z	3627.00000	1555.31662	1538.18386	1525.06891
2025-08-19T09:52:42Z	3627.00000	1555.31390	1538.18179	1525.06702
2025-08-19T09:52:42Z	3627.00000	1555.31478	1538.18273	1525.06847
2025-08-19T09:52:43Z	3627.00000	1555.31444	1538.18212	1525.06826
2025-08-19T09:52:43Z	3627.00000	1555.31416	1538.18167	1525.06811
2025-08-19T09:52:43Z	3627.00000	1555.31490	1538.18192	1525.06868
2025-08-19T09:52:43Z	3627.00000	1555.32162	1538.18823	1525.07457
2025-08-19T09:52:43Z	3627.00000	1555.32144	1538.18816	1525.07403
2025-08-19T09:52:43Z	3628.00000	1555.32059	1538.18748	1525.07298
2025-08-19T09:52:43Z	3628.00000	1555.32057	1538.18735	1525.07258
2025-08-19T09:52:43Z	3628.00000	1555.32028	1538.18755	1525.07246
2025-08-19T09:52:43Z	3628.00000	1555.31971	1538.18751	1525.07210
2025-08-19T09:52:43Z	3628.00000	1555.31995	1538.18803	1525.07254
2025-08-19T09:52:44Z	3628.00000	1555.31953	1538.18795	1525.07234
2025-08-19T09:52:44Z	3628.00000	1555.31914	1538.18810	1525.07241
2025-08-19T09:52:44Z	3628.00000	1555.31913	1538.18868	1525.07256
2025-08-19T09:52:44Z	3628.00000	1555.31965	1538.19011	1525.07308
2025-08-19T09:52:44Z	3628.00000	1555.31953	1538.19055	1525.07311
2025-08-19T09:52:44Z	3629.00000	1555.31941	1538.19064	1525.07304
2025-08-19T09:52:44Z	3629.00000	1555.31920	1538.19037	1525.07301
2025-08-19T09:52:44Z	3629.00000	1555.31918	1538.19025	1525.07311
2025-08-19T09:52:44Z	3629.00000	1555.31877	1538.18986	1525.07278
2025-08-19T09:52:44Z	3629.00000	1555.33529	1538.20612	1525.08892
2025-08-19T09:52:45Z	3629.00000	1555.33886	1538.20964	1525.09250
2025-08-19T09:52:45Z	3629.00000	1555.33043	1538.20143	1525.08454
2025-08-19T09:52:45Z	3629.00000	1555.40155	1538.27149	1525.15248
2025-08-19T09:52:45Z	3629.00000	1555.40174	1538.27079	1525.15195
2025-08-19T09:52:45Z	3630.00000	1555.39634	1538.26434	1525.14640
2025-08-19T09:52:45Z	3630.00000	1555.43488	1538.30216	1525.18432
2025-08-19T09:52:45Z	3630.00000	1555.43249	1538.29953	1525.18147
2025-08-19T09:52:46Z	3630.00000	1555.42874	1538.29543	1525.17739
2025-08-19T09:52:46Z	3630.00000	1555.41294	1538.27951	1525.16148
2025-08-19T09:52:46Z	3630.00000	1555.41080	1538.27723	1525.15937
2025-08-19T09:52:46Z	3631.00000	1555.43489	1538.30140	1525.18297
2025-08-19T09:52:46Z	3631.00000	1555.44125	1538.30762	1525.18911
2025-08-19T09:52:46Z	3631.00000	1555.44196	1538.30794	1525.18943
2025-08-19T09:52:46Z	3631.00000	1555.45041	1538.31648	1525.19786
2025-08-19T09:52:46Z	3631.00000	1555.44649	1538.31327	1525.19413
2025-08-19T09:52:47Z	3631.00000	1555.44059	1538.30782	1525.18845
2025-08-19T09:52:47Z	3631.00000	1555.43626	1538.30402	1525.18440
2025-08-19T09:52:47Z	3631.00000	1555.43628	1538.30408	1525.18530
2025-08-19T09:52:47Z	3631.00000	1555.43579	1538.30362	1525.18532
2025-08-19T09:52:47Z	3632.00000	1555.43555	1538.30330	1525.18533
2025-08-19T09:52:47Z	3632.00000	1555.43584	1538.30392	1525.18551
2025-08-19T09:52:47Z	3632.00000	1555.43500	1538.30450	1525.18529
2025-08-19T09:52:47Z	3632.00000	1555.43493	1538.30594	1525.18707
2025-08-19T09:52:48Z	3632.00000	1555.42921	1538.30022	1525.18184
2025-08-19T09:52:48Z	3632.00000	1555.42924	1538.29813	1525.17997
2025-08-19T09:52:48Z	3633.00000	1555.42966	1538.29835	1525.18019
2025-08-19T09:52:48Z	3633.00000	1555.42906	1538.29792	1525.17997
2025-08-19T09:52:48Z	3633.00000	1555.42699	1538.29534	1525.17732
2025-08-19T09:52:49Z	3633.00000	1555.43296	1538.29857	1525.18016
2025-08-19T09:52:49Z	3633.00000	1555.43247	1538.29598	1525.17779
2025-08-19T09:52:49Z	3633.00000	1555.43463	1538.29274	1525.17500
2025-08-19T09:52:49Z	3634.00000	1555.43514	1538.29372	1525.17571
2025-08-19T09:52:49Z	3634.00000	1555.42833	1538.29235	1525.17308
2025-08-19T09:52:49Z	3634.00000	1555.42663	1538.29390	1525.17279
2025-08-19T09:52:50Z	3634.00000	1555.42658	1538.29418	1525.17300
2025-08-19T09:52:50Z	3634.00000	1555.42626	1538.29371	1525.17279
2025-08-19T09:52:50Z	3634.00000	1555.42618	1538.29340	1525.17277
2025-08-19T09:52:50Z	3634.00000	1555.42690	1538.29401	1525.17370
2025-08-19T09:52:50Z	3635.00000	1555.42441	1538.29170	1525.17178
2025-08-19T09:52:50Z	3635.00000	1555.42435	1538.29184	1525.17216
2025-08-19T09:52:50Z	3635.00000	1555.42379	1538.29163	1525.17198
2025-08-19T09:52:50Z	3635.00000	1555.42535	1538.29349	1525.17360
2025-08-19T09:52:51Z	3635.00000	1555.42722	1538.29555	1525.17578
2025-08-19T09:52:51Z	3635.00000	1555.43292	1538.30152	1525.18169
2025-08-19T09:52:51Z	3635.00000	1555.42763	1538.29575	1525.17679
2025-08-19T09:52:51Z	3635.00000	1555.42544	1538.29354	1525.17419
2025-08-19T09:52:51Z	3636.00000	1555.42566	1538.29470	1525.17397
2025-08-19T09:52:51Z	3636.00000	1555.42573	1538.29487	1525.17350
2025-08-19T09:52:51Z	3636.00000	1555.42325	1538.29198	1525.17099
2025-08-19T09:52:51Z	3636.00000	1555.42579	1538.29429	1525.17375
2025-08-19T09:52:52Z	3636.00000	1555.42455	1538.29266	1525.17254
2025-08-19T09:52:52Z	3636.00000	1555.42558	1538.29412	1525.17433
2025-08-19T09:52:52Z	3636.00000	1555.42313	1538.29174	1525.17208
2025-08-19T09:52:52Z	3636.00000	1555.42468	1538.29366	1525.17381
2025-08-19T09:52:52Z	3637.00000	1555.42600	1538.29498	1525.17516
2025-08-19T09:52:52Z	3637.00000	1555.42879	1538.29783	1525.17788
2025-08-19T09:52:52Z	3637.00000	1555.43270	1538.30135	1525.18114
2025-08-19T09:52:53Z	3637.00000	1555.43271	1538.30102	1525.18091
2025-08-19T09:52:53Z	3637.00000	1555.43380	1538.30135	1525.18126
2025-08-19T09:52:53Z	3637.00000	1555.43369	1538.30086	1525.18063
2025-08-19T09:52:53Z	3637.00000	1555.43264	1538.30033	1525.18016
2025-08-19T09:52:53Z	3638.00000	1555.43298	1538.30105	1525.18108
2025-08-19T09:52:53Z	3638.00000	1555.43300	1538.30166	1525.18134
2025-08-19T09:52:53Z	3638.00000	1555.43230	1538.30151	1525.18101
2025-08-19T09:52:53Z	3638.00000	1555.43286	1538.30226	1525.18193
2025-08-19T09:52:54Z	3638.00000	1555.43271	1538.30200	1525.18171
2025-08-19T09:52:54Z	3638.00000	1555.45406	1538.32297	1525.20297
2025-08-19T09:52:54Z	3638.00000	1555.43484	1538.30370	1525.18343
2025-08-19T09:52:54Z	3638.00000	1555.43486	1538.30378	1525.18351
2025-08-19T09:52:54Z	3639.00000	1555.47823	1538.34696	1525.22736
2025-08-19T09:52:54Z	3639.00000	1555.50195	1538.36992	1525.25130
2025-08-19T09:52:54Z	3639.00000	1555.48767	1538.35595	1525.23695
2025-08-19T09:52:54Z	3639.00000	1555.48162	1538.34985	1525.23085
2025-08-19T09:52:54Z	3639.00000	1555.51270	1538.37994	1525.26200
2025-08-19T09:52:55Z	3639.00000	1555.51474	1538.38181	1525.26407
2025-08-19T09:52:55Z	3639.00000	1555.51246	1538.37943	1525.26172
2025-08-19T09:52:55Z	3639.00000	1555.45457	1538.32281	1525.20323
2025-08-19T09:52:55Z	3640.00000	1555.43608	1538.30484	1525.18495
2025-08-19T09:52:55Z	3640.00000	1555.46137	1538.33041	1525.21072
2025-08-19T09:52:55Z	3640.00000	1555.47478	1538.34361	1525.22428
2025-08-19T09:52:55Z	3640.00000	1555.48861	1538.35710	1525.23825
2025-08-19T09:52:56Z	3640.00000	1555.52460	1538.39205	1525.27409
2025-08-19T09:52:56Z	3640.00000	1555.53908	1538.40729	1525.28845
2025-08-19T09:52:56Z	3640.00000	1555.47661	1538.34720	1525.22643
2025-08-19T09:52:56Z	3641.00000	1555.54360	1538.41199	1525.29276
2025-08-19T09:52:56Z	3641.00000	1555.56162	1538.42971	1525.30981
2025-08-19T09:52:56Z	3641.00000	1555.55594	1538.42454	1525.30415
2025-08-19T09:52:56Z	3641.00000	1555.55287	1538.42115	1525.30077
2025-08-19T09:52:56Z	3641.00000	1555.55785	1538.42540	1525.30536
2025-08-19T09:52:57Z	3641.00000	1555.55617	1538.42319	1525.30358
2025-08-19T09:52:57Z	3641.00000	1555.55726	1538.42400	1525.30464
2025-08-19T09:52:57Z	3641.00000	1555.55629	1538.42268	1525.30349
2025-08-19T09:52:57Z	3641.00000	1555.55675	1538.42264	1525.30374
2025-08-19T09:52:57Z	3641.00000	1555.55556	1538.42070	1525.30228
2025-08-19T09:52:57Z	3642.00000	1555.55701	1538.42113	1525.30292
2025-08-19T09:52:57Z	3642.00000	1555.55484	1538.41834	1525.30038
2025-08-19T09:52:57Z	3642.00000	1555.55269	1538.41661	1525.29881
2025-08-19T09:52:57Z	3642.00000	1555.55188	1538.41617	1525.29844
2025-08-19T09:52:57Z	3642.00000	1555.55029	1538.41489	1525.29734
2025-08-19T09:52:58Z	3642.00000	1555.55326	1538.41596	1525.29855
2025-08-19T09:52:58Z	3642.00000	1555.55419	1538.41532	1525.29832
2025-08-19T09:52:58Z	3642.00000	1555.55592	1538.41598	1525.30099
2025-08-19T09:52:58Z	3642.00000	1555.55674	1538.41533	1525.30172
2025-08-19T09:52:58Z	3642.00000	1555.55816	1538.41527	1525.30259
2025-08-19T09:52:58Z	3643.00000	1555.55902	1538.41561	1525.30360
2025-08-19T09:52:58Z	3643.00000	1555.55880	1538.41499	1525.30349
2025-08-19T09:52:58Z	3643.00000	1555.55948	1538.41548	1525.30406
2025-08-19T09:52:58Z	3643.00000	1555.55909	1538.41515	1525.30360
2025-08-19T09:52:58Z	3643.00000	1555.55824	1538.41424	1525.30238
2025-08-19T09:52:59Z	3643.00000	1555.55812	1538.41325	1525.30064
2025-08-19T09:52:59Z	3643.00000	1555.55939	1538.41392	1525.30138
2025-08-19T09:52:59Z	3643.00000	1555.55936	1538.41360	1525.30117
2025-08-19T09:52:59Z	3643.00000	1555.55941	1538.41319	1525.30079
2025-08-19T09:52:59Z	3643.00000	1555.56079	1538.41418	1525.30197
2025-08-19T09:52:59Z	3644.00000	1555.55997	1538.41336	1525.30123
2025-08-19T09:52:59Z	3644.00000	1555.56099	1538.41599	1525.30304
2025-08-19T09:52:59Z	3644.00000	1555.55983	1538.41687	1525.30249
2025-08-19T09:52:59Z	3644.00000	1555.55834	1538.41867	1525.30228
2025-08-19T09:52:59Z	3644.00000	1555.55762	1538.42122	1525.30268
2025-08-19T09:53:00Z	3644.00000	1555.55751	1538.42322	1525.30268
2025-08-19T09:53:00Z	3644.00000	1555.55636	1538.42314	1525.30108
2025-08-19T09:53:00Z	3644.00000	1555.55580	1538.42246	1525.29985
2025-08-19T09:53:00Z	3644.00000	1555.55592	1538.42203	1525.29947
2025-08-19T09:53:00Z	3644.00000	1555.55599	1538.42149	1525.29896
2025-08-19T09:53:00Z	3645.00000	1555.55657	1538.42210	1525.29958
2025-08-19T09:53:00Z	3645.00000	1555.55856	1538.42476	1525.30217
2025-08-19T09:53:00Z	3645.00000	1555.55705	1538.42418	1525.30146
2025-08-19T09:53:00Z	3645.00000	1555.55401	1538.42214	1525.29922
2025-08-19T09:53:00Z	3645.00000	1555.54942	1538.41817	1525.29533
2025-08-19T09:53:01Z	3645.00000	1555.54988	1538.41899	1525.29664
2025-08-19T09:53:01Z	3645.00000	1555.54889	1538.41773	1525.29653
2025-08-19T09:53:01Z	3645.00000	1555.54699	1538.41501	1525.29517
2025-08-19T09:53:01Z	3645.00000	1555.54913	1538.41599	1525.29689
2025-08-19T09:53:01Z	3645.00000	1555.54709	1538.41276	1525.29421
2025-08-19T09:53:01Z	3646.00000	1555.54979	1538.41481	1525.29633
2025-08-19T09:53:01Z	3646.00000	1555.54918	1538.41428	1525.29627
2025-08-19T09:53:01Z	3646.00000	1555.54709	1538.41310	1525.29558
2025-08-19T09:53:01Z	3646.00000	1555.54642	1538.41377	1525.29667
2025-08-19T09:53:01Z	3646.00000	1555.54578	1538.41395	1525.29701
2025-08-19T09:53:02Z	3646.00000	1555.54568	1538.41459	1525.29724
2025-08-19T09:53:02Z	3646.00000	1555.54515	1538.41443	1525.29739
2025-08-19T09:53:02Z	3646.00000	1555.54238	1538.41195	1525.29548
2025-08-19T09:53:02Z	3646.00000	1555.54455	1538.41410	1525.29767
2025-08-19T09:53:02Z	3646.00000	1555.54298	1538.41217	1525.29567
2025-08-19T09:53:02Z	3647.00000	1555.54520	1538.41381	1525.29758
2025-08-19T09:53:02Z	3647.00000	1555.54345	1538.41172	1525.29561
2025-08-19T09:53:02Z	3647.00000	1555.54337	1538.41122	1525.29514
2025-08-19T09:53:02Z	3647.00000	1555.54380	1538.41130	1525.29523
2025-08-19T09:53:02Z	3647.00000	1555.54767	1538.41477	1525.29876
2025-08-19T09:53:03Z	3647.00000	1555.54839	1538.41545	1525.29917
2025-08-19T09:53:03Z	3647.00000	1555.54891	1538.41606	1525.29954
2025-08-19T09:53:03Z	3647.00000	1555.54863	1538.41564	1525.29860
2025-08-19T09:53:03Z	3647.00000	1555.54822	1538.41506	1525.29774
2025-08-19T09:53:03Z	3647.00000	1555.54861	1538.41534	1525.29773
2025-08-19T09:53:03Z	3648.00000	1555.54862	1538.41545	1525.29749
2025-08-19T09:53:03Z	3648.00000	1555.54851	1538.41559	1525.29724
2025-08-19T09:53:03Z	3648.00000	1555.54823	1538.41544	1525.29686
2025-08-19T09:53:03Z	3648.00000	1555.54853	1538.41567	1525.29718
2025-08-19T09:53:03Z	3648.00000	1555.54804	1538.41526	1525.29675
2025-08-19T09:53:04Z	3648.00000	1555.54818	1538.41548	1525.29700
2025-08-19T09:53:04Z	3648.00000	1555.54764	1538.41513	1525.29651
2025-08-19T09:53:04Z	3648.00000	1555.54767	1538.41556	1525.29647
2025-08-19T09:53:04Z	3648.00000	1555.54790	1538.41593	1525.29672
2025-08-19T09:53:04Z	3648.00000	1555.54779	1538.41579	1525.29662
2025-08-19T09:53:04Z	3649.00000	1555.54889	1538.41705	1525.29777
2025-08-19T09:53:04Z	3649.00000	1555.55217	1538.42043	1525.30093
2025-08-19T09:53:04Z	3649.00000	1555.56566	1538.43303	1525.31372
2025-08-19T09:53:04Z	3649.00000	1555.56138	1538.42809	1525.30941
2025-08-19T09:53:04Z	3649.00000	1555.53913	1538.40607	1525.28771
2025-08-19T09:53:05Z	3649.00000	1555.55206	1538.41832	1525.30009
2025-08-19T09:53:05Z	3649.00000	1555.54435	1538.41056	1525.29259
2025-08-19T09:53:05Z	3649.00000	1555.56533	1538.43059	1525.31261
2025-08-19T09:53:05Z	3649.00000	1555.61563	1538.48015	1525.36140
2025-08-19T09:53:05Z	3649.00000	1555.61875	1538.48298	1525.36448
2025-08-19T09:53:05Z	3650.00000	1555.60235	1538.46652	1525.34832
2025-08-19T09:53:05Z	3650.00000	1555.62744	1538.49149	1525.37302
2025-08-19T09:53:05Z	3650.00000	1555.64878	1538.51280	1525.39444
2025-08-19T09:53:05Z	3650.00000	1555.64686	1538.51101	1525.39240
2025-08-19T09:53:05Z	3650.00000	1555.63899	1538.50321	1525.38446
2025-08-19T09:53:06Z	3650.00000	1555.63191	1538.49595	1525.37748
2025-08-19T09:53:06Z	3650.00000	1555.63218	1538.49619	1525.37779
2025-08-19T09:53:06Z	3650.00000	1555.62657	1538.49052	1525.37214
2025-08-19T09:53:06Z	3650.00000	1555.62737	1538.49114	1525.37277
2025-08-19T09:53:06Z	3650.00000	1555.62033	1538.48382	1525.36530
2025-08-19T09:53:06Z	3651.00000	1555.63413	1538.49665	1525.37820
2025-08-19T09:53:06Z	3651.00000	1555.63691	1538.49820	1525.37977
2025-08-19T09:53:06Z	3651.00000	1555.64202	1538.50228	1525.38392
2025-08-19T09:53:06Z	3651.00000	1555.63899	1538.49857	1525.38016
2025-08-19T09:53:06Z	3651.00000	1555.64692	1538.50673	1525.38848
2025-08-19T09:53:07Z	3651.00000	1555.65267	1538.51346	1525.39530
2025-08-19T09:53:07Z	3651.00000	1555.66429	1538.52590	1525.40810
2025-08-19T09:53:07Z	3651.00000	1555.68367	1538.54527	1525.42817
2025-08-19T09:53:07Z	3651.00000	1555.67208	1538.53466	1525.41712
2025-08-19T09:53:07Z	3651.00000	1555.66926	1538.53227	1525.41467
2025-08-19T09:53:07Z	3652.00000	1555.66694	1538.53033	1525.41285
2025-08-19T09:53:07Z	3652.00000	1555.66703	1538.53050	1525.41325
2025-08-19T09:53:07Z	3652.00000	1555.66662	1538.53021	1525.41307
2025-08-19T09:53:07Z	3652.00000	1555.66744	1538.53078	1525.41360
2025-08-19T09:53:07Z	3652.00000	1555.66662	1538.52950	1525.41226
2025-08-19T09:53:08Z	3652.00000	1555.66730	1538.52962	1525.41226
2025-08-19T09:53:08Z	3652.00000	1555.66779	1538.52974	1525.41212
2025-08-19T09:53:08Z	3652.00000	1555.66808	1538.53036	1525.41278
2025-08-19T09:53:08Z	3652.00000	1555.66794	1538.53057	1525.41302
2025-08-19T09:53:08Z	3652.00000	1555.66632	1538.52899	1525.41154
2025-08-19T09:53:08Z	3653.00000	1555.66789	1538.53030	1525.41299
2025-08-19T09:53:08Z	3653.00000	1555.66683	1538.52905	1525.41171
2025-08-19T09:53:08Z	3653.00000	1555.66675	1538.52872	1525.41144
2025-08-19T09:53:08Z	3653.00000	1555.66677	1538.52892	1525.41168
2025-08-19T09:53:08Z	3653.00000	1555.66521	1538.52796	1525.41073
2025-08-19T09:53:09Z	3653.00000	1555.66586	1538.52897	1525.41181
2025-08-19T09:53:09Z	3653.00000	1555.66368	1538.52724	1525.41008
2025-08-19T09:53:09Z	3653.00000	1555.66325	1538.52710	1525.40993
2025-08-19T09:53:09Z	3653.00000	1555.66333	1538.52738	1525.41028
2025-08-19T09:53:09Z	3653.00000	1555.66286	1538.52674	1525.40974
2025-08-19T09:53:09Z	3654.00000	1555.66388	1538.52741	1525.41074
2025-08-19T09:53:09Z	3654.00000	1555.66361	1538.52713	1525.41055
2025-08-19T09:53:09Z	3654.00000	1555.66346	1538.52712	1525.41056
2025-08-19T09:53:09Z	3654.00000	1555.66425	1538.52785	1525.41136
2025-08-19T09:53:09Z	3654.00000	1555.66395	1538.52763	1525.41123
2025-08-19T09:53:10Z	3654.00000	1555.66423	1538.52807	1525.41157
2025-08-19T09:53:10Z	3654.00000	1555.66548	1538.52937	1525.41299
2025-08-19T09:53:10Z	3654.00000	1555.66532	1538.52930	1525.41328
2025-08-19T09:53:10Z	3654.00000	1555.66522	1538.52931	1525.41360
2025-08-19T09:53:10Z	3654.00000	1555.66483	1538.52887	1525.41297
2025-08-19T09:53:10Z	3655.00000	1555.66437	1538.52833	1525.41214
2025-08-19T09:53:10Z	3655.00000	1555.66478	1538.52869	1525.41261
2025-08-19T09:53:10Z	3655.00000	1555.66365	1538.52753	1525.41123
2025-08-19T09:53:10Z	3655.00000	1555.66252	1538.52646	1525.40982
2025-08-19T09:53:10Z	3655.00000	1555.66071	1538.52470	1525.40772
2025-08-19T09:53:11Z	3655.00000	1555.66130	1538.52550	1525.40853
2025-08-19T09:53:11Z	3655.00000	1555.66004	1538.52427	1525.40701
2025-08-19T09:53:11Z	3655.00000	1555.66015	1538.52437	1525.40696
2025-08-19T09:53:11Z	3655.00000	1555.66151	1538.52581	1525.40820
2025-08-19T09:53:11Z	3655.00000	1555.65935	1538.52358	1525.40602
2025-08-19T09:53:11Z	3656.00000	1555.65852	1538.52274	1525.40513
2025-08-19T09:53:11Z	3656.00000	1555.65669	1538.52091	1525.40318
2025-08-19T09:53:11Z	3656.00000	1555.65665	1538.52072	1525.40296
2025-08-19T09:53:11Z	3656.00000	1555.65894	1538.52298	1525.40527
2025-08-19T09:53:11Z	3656.00000	1555.65802	1538.52222	1525.40456
2025-08-19T09:53:12Z	3656.00000	1555.65981	1538.52401	1525.40639
2025-08-19T09:53:12Z	3656.00000	1555.65855	1538.52285	1525.40517
2025-08-19T09:53:12Z	3656.00000	1555.65902	1538.52331	1525.40557
2025-08-19T09:53:12Z	3656.00000	1555.65928	1538.52368	1525.40581
2025-08-19T09:53:12Z	3656.00000	1555.65646	1538.52090	1525.40309
2025-08-19T09:53:12Z	3657.00000	1555.65922	1538.52344	1525.40591
2025-08-19T09:53:12Z	3657.00000	1555.66030	1538.52451	1525.40708
2025-08-19T09:53:12Z	3657.00000	1555.65832	1538.52255	1525.40507
2025-08-19T09:53:12Z	3657.00000	1555.65786	1538.52223	1525.40472
2025-08-19T09:53:12Z	3657.00000	1555.65843	1538.52286	1525.40533
2025-08-19T09:53:13Z	3657.00000	1555.65792	1538.52231	1525.40483
2025-08-19T09:53:13Z	3657.00000	1555.65834	1538.52268	1525.40526
2025-08-19T09:53:13Z	3657.00000	1555.65804	1538.52249	1525.40496
2025-08-19T09:53:13Z	3657.00000	1555.66007	1538.52450	1525.40694
2025-08-19T09:53:13Z	3657.00000	1555.65958	1538.52415	1525.40651
2025-08-19T09:53:13Z	3658.00000	1555.66282	1538.52755	1525.40986
2025-08-19T09:53:13Z	3658.00000	1555.66272	1538.52759	1525.40985
2025-08-19T09:53:13Z	3658.00000	1555.66206	1538.52701	1525.40922
2025-08-19T09:53:13Z	3658.00000	1555.66084	1538.52603	1525.40802
2025-08-19T09:53:13Z	3658.00000	1555.65885	1538.52421	1525.40595
2025-08-19T09:53:14Z	3658.00000	1555.65821	1538.52367	1525.40519
2025-08-19T09:53:14Z	3658.00000	1555.65924	1538.52470	1525.40610
2025-08-19T09:53:14Z	3658.00000	1555.65880	1538.52407	1525.40552
2025-08-19T09:53:14Z	3658.00000	1555.66012	1538.52469	1525.40642
2025-08-19T09:53:14Z	3658.00000	1555.66044	1538.52472	1525.40687
2025-08-19T09:53:14Z	3659.00000	1555.65955	1538.52379	1525.40620
2025-08-19T09:53:14Z	3659.00000	1555.66100	1538.52515	1525.40790
2025-08-19T09:53:14Z	3659.00000	1555.65918	1538.52331	1525.40625
2025-08-19T09:53:14Z	3659.00000	1555.66053	1538.52453	1525.40764
2025-08-19T09:53:14Z	3659.00000	1555.65971	1538.52358	1525.40676
2025-08-19T09:53:15Z	3659.00000	1555.66011	1538.52377	1525.40700
2025-08-19T09:53:15Z	3659.00000	1555.66066	1538.52429	1525.40754
2025-08-19T09:53:15Z	3659.00000	1555.66064	1538.52448	1525.40739
2025-08-19T09:53:15Z	3659.00000	1555.66130	1538.52526	1525.40809
2025-08-19T09:53:15Z	3659.00000	1555.66011	1538.52426	1525.40679
2025-08-19T09:53:15Z	3660.00000	1555.66131	1538.52551	1525.40795
2025-08-19T09:53:15Z	3660.00000	1555.65993	1538.52422	1525.40652
2025-08-19T09:53:15Z	3660.00000	1555.65998	1538.52427	1525.40649
2025-08-19T09:53:15Z	3660.00000	1555.66062	1538.52491	1525.40713
2025-08-19T09:53:15Z	3660.00000	1555.65966	1538.52399	1525.40616
2025-08-19T09:53:16Z	3660.00000	1555.66155	1538.52591	1525.40808
2025-08-19T09:53:16Z	3660.00000	1555.66015	1538.52481	1525.40671
2025-08-19T09:53:16Z	3660.00000	1555.66025	1538.52518	1525.40684
2025-08-19T09:53:16Z	3660.00000	1555.65998	1538.52511	1525.40668
2025-08-19T09:53:16Z	3660.00000	1555.66412	1538.52913	1525.41094
2025-08-19T09:53:16Z	3661.00000	1555.66254	1538.52756	1525.40941
2025-08-19T09:53:16Z	3661.00000	1555.66351	1538.52832	1525.41033
2025-08-19T09:53:16Z	3661.00000	1555.66297	1538.52777	1525.40990
2025-08-19T09:53:16Z	3661.00000	1555.66276	1538.52749	1525.40961
2025-08-19T09:53:16Z	3661.00000	1555.66362	1538.52826	1525.41042
2025-08-19T09:53:17Z	3661.00000	1555.66323	1538.52783	1525.40993
2025-08-19T09:53:17Z	3661.00000	1555.66340	1538.52788	1525.41005
2025-08-19T09:53:17Z	3661.00000	1555.66303	1538.52738	1525.40967
2025-08-19T09:53:17Z	3661.00000	1555.66358	1538.52788	1525.41022
2025-08-19T09:53:17Z	3661.00000	1555.66320	1538.52731	1525.40979
2025-08-19T09:53:17Z	3662.00000	1555.66323	1538.52723	1525.40974
2025-08-19T09:53:17Z	3662.00000	1555.66362	1538.52743	1525.41008
2025-08-19T09:53:17Z	3662.00000	1555.66331	1538.52706	1525.40965
2025-08-19T09:53:17Z	3662.00000	1555.66371	1538.52733	1525.40989
2025-08-19T09:53:17Z	3662.00000	1555.66365	1538.52710	1525.40960
2025-08-19T09:53:18Z	3662.00000	1555.66320	1538.52663	1525.40920
2025-08-19T09:53:18Z	3662.00000	1555.66389	1538.52734	1525.41001
2025-08-19T09:53:18Z	3662.00000	1555.66311	1538.52665	1525.40937
2025-08-19T09:53:18Z	3662.00000	1555.66457	1538.52814	1525.41091
2025-08-19T09:53:18Z	3662.00000	1555.66275	1538.52643	1525.40924
2025-08-19T09:53:18Z	3663.00000	1555.66436	1538.52760	1525.41057
2025-08-19T09:53:18Z	3663.00000	1555.66242	1538.52413	1525.40734
2025-08-19T09:53:18Z	3663.00000	1555.66518	1538.52512	1525.40879
2025-08-19T09:53:18Z	3663.00000	1555.69003	1538.54919	1525.43394
2025-08-19T09:53:18Z	3663.00000	1555.69369	1538.55338	1525.43826
2025-08-19T09:53:19Z	3663.00000	1555.68144	1538.54167	1525.42637
2025-08-19T09:53:19Z	3663.00000	1555.75746	1538.61375	1525.49857
2025-08-19T09:53:19Z	3663.00000	1555.78018	1538.63544	1525.51938
2025-08-19T09:53:19Z	3663.00000	1555.76459	1538.61990	1525.50447
2025-08-19T09:53:19Z	3663.00000	1555.76319	1538.61866	1525.50326
2025-08-19T09:53:19Z	3664.00000	1555.78439	1538.63977	1525.52351
2025-08-19T09:53:19Z	3664.00000	1555.77872	1538.63448	1525.51850
2025-08-19T09:53:19Z	3664.00000	1555.77488	1538.63106	1525.51522
2025-08-19T09:53:19Z	3664.00000	1555.76829	1538.62496	1525.50936
2025-08-19T09:53:19Z	3664.00000	1555.76497	1538.62215	1525.50653
2025-08-19T09:53:20Z	3664.00000	1555.76543	1538.62300	1525.50713
2025-08-19T09:53:20Z	3664.00000	1555.77567	1538.63358	1525.51710
2025-08-19T09:53:20Z	3664.00000	1555.79850	1538.65679	1525.53911
2025-08-19T09:53:20Z	3664.00000	1555.79882	1538.65746	1525.53948
2025-08-19T09:53:20Z	3664.00000	1555.81448	1538.67351	1525.55495
2025-08-19T09:53:20Z	3665.00000	1555.79890	1538.65798	1525.53979
2025-08-19T09:53:20Z	3665.00000	1555.78941	1538.64882	1525.53090
2025-08-19T09:53:20Z	3665.00000	1555.79522	1538.65507	1525.53689
2025-08-19T09:53:20Z	3665.00000	1555.79143	1538.65137	1525.53319
2025-08-19T09:53:20Z	3665.00000	1555.79307	1538.65284	1525.53477
2025-08-19T09:53:21Z	3665.00000	1555.79240	1538.65227	1525.53425
2025-08-19T09:53:21Z	3665.00000	1555.79359	1538.65358	1525.53561
2025-08-19T09:53:21Z	3665.00000	1555.79317	1538.65344	1525.53548
2025-08-19T09:53:21Z	3665.00000	1555.79278	1538.65333	1525.53539
2025-08-19T09:53:21Z	3665.00000	1555.79196	1538.65271	1525.53472
2025-08-19T09:53:21Z	3666.00000	1555.79291	1538.65138	1525.53325
2025-08-19T09:53:21Z	3666.00000	1555.79159	1538.64987	1525.53169
2025-08-19T09:53:21Z	3666.00000	1555.79198	1538.64932	1525.53105
2025-08-19T09:53:21Z	3666.00000	1555.79316	1538.65247	1525.53080
2025-08-19T09:53:21Z	3666.00000	1555.79354	1538.65315	1525.53005
2025-08-19T09:53:22Z	3666.00000	1555.79410	1538.65559	1525.53160
2025-08-19T09:53:22Z	3666.00000	1555.79329	1538.65382	1525.52992
2025-08-19T09:53:22Z	3666.00000	1555.79403	1538.65482	1525.53263
2025-08-19T09:53:22Z	3666.00000	1555.79274	1538.65414	1525.53343
2025-08-19T09:53:22Z	3666.00000	1555.79239	1538.65417	1525.53361
2025-08-19T09:53:22Z	3667.00000	1555.79559	1538.65777	1525.53831
2025-08-19T09:53:22Z	3667.00000	1555.79291	1538.65621	1525.53883
2025-08-19T09:53:22Z	3667.00000	1555.79104	1538.65505	1525.53751
2025-08-19T09:53:22Z	3667.00000	1555.78997	1538.65397	1525.53613
2025-08-19T09:53:22Z	3667.00000	1555.78980	1538.65443	1525.53593
2025-08-19T09:53:23Z	3667.00000	1555.79032	1538.65561	1525.53618
2025-08-19T09:53:23Z	3667.00000	1555.79038	1538.65582	1525.53552
2025-08-19T09:53:23Z	3667.00000	1555.78943	1538.65684	1525.53381
2025-08-19T09:53:23Z	3667.00000	1555.78946	1538.65836	1525.53377
2025-08-19T09:53:23Z	3667.00000	1555.78812	1538.65787	1525.53306
2025-08-19T09:53:23Z	3668.00000	1555.78931	1538.65796	1525.53406
2025-08-19T09:53:23Z	3668.00000	1555.78862	1538.65753	1525.53511
2025-08-19T09:53:23Z	3668.00000	1555.78732	1538.65654	1525.53620
2025-08-19T09:53:23Z	3668.00000	1555.78650	1538.65581	1525.53743
2025-08-19T09:53:23Z	3668.00000	1555.78777	1538.65582	1525.53784
2025-08-19T09:53:24Z	3668.00000	1555.78952	1538.65564	1525.53723
2025-08-19T09:53:24Z	3668.00000	1555.79104	1538.65593	1525.53670
2025-08-19T09:53:24Z	3668.00000	1555.79356	1538.65769	1525.53817
2025-08-19T09:53:24Z	3668.00000	1555.79418	1538.65848	1525.53897
2025-08-19T09:53:24Z	3668.00000	1555.79328	1538.65706	1525.53783
2025-08-19T09:53:24Z	3669.00000	1555.79432	1538.65738	1525.53848
2025-08-19T09:53:24Z	3669.00000	1555.79340	1538.65527	1525.53683
2025-08-19T09:53:24Z	3669.00000	1555.79317	1538.65402	1525.53574
2025-08-19T09:53:24Z	3669.00000	1555.79387	1538.65350	1525.53552
2025-08-19T09:53:24Z	3669.00000	1555.79487	1538.65355	1525.53571
2025-08-19T09:53:25Z	3669.00000	1555.79747	1538.65528	1525.53730
2025-08-19T09:53:25Z	3669.00000	1555.79503	1538.65258	1525.53452
2025-08-19T09:53:25Z	3669.00000	1555.79892	1538.65650	1525.53818
2025-08-19T09:53:25Z	3669.00000	1555.79516	1538.65252	1525.53471
2025-08-19T09:53:25Z	3669.00000	1555.79753	1538.65472	1525.53721
2025-08-19T09:53:25Z	3670.00000	1555.79662	1538.65370	1525.53610
2025-08-19T09:53:25Z	3670.00000	1555.79714	1538.65421	1525.53637
2025-08-19T09:53:25Z	3670.00000	1555.79614	1538.65317	1525.53493
2025-08-19T09:53:25Z	3670.00000	1555.79514	1538.65220	1525.53365
2025-08-19T09:53:25Z	3670.00000	1555.79589	1538.65306	1525.53472
2025-08-19T09:53:26Z	3670.00000	1555.79432	1538.65208	1525.53445
2025-08-19T09:53:26Z	3670.00000	1555.79415	1538.65264	1525.53580
2025-08-19T09:53:26Z	3670.00000	1555.79276	1538.65202	1525.53567
2025-08-19T09:53:26Z	3670.00000	1555.79231	1538.65202	1525.53571
2025-08-19T09:53:26Z	3670.00000	1555.79304	1538.65274	1525.53554
2025-08-19T09:53:26Z	3671.00000	1555.79136	1538.65234	1525.53376
2025-08-19T09:53:26Z	3671.00000	1555.78995	1538.65234	1525.53302
2025-08-19T09:53:26Z	3671.00000	1555.78932	1538.65244	1525.53243
2025-08-19T09:53:26Z	3671.00000	1555.78893	1538.65196	1525.53072
2025-08-19T09:53:26Z	3671.00000	1555.78848	1538.65228	1525.53040
2025-08-19T09:53:27Z	3671.00000	1555.78651	1538.65124	1525.52902
2025-08-19T09:53:27Z	3671.00000	1555.78717	1538.65246	1525.52968
2025-08-19T09:53:27Z	3671.00000	1555.78690	1538.65255	1525.52902
2025-08-19T09:53:27Z	3671.00000	1555.78661	1538.65219	1525.52814
2025-08-19T09:53:27Z	3671.00000	1555.78822	1538.65255	1525.52839
2025-08-19T09:53:27Z	3672.00000	1555.78878	1538.65126	1525.52792
2025-08-19T09:53:27Z	3672.00000	1555.79115	1538.65166	1525.52934
2025-08-19T09:53:27Z	3672.00000	1555.78946	1538.64850	1525.52726
2025-08-19T09:53:27Z	3672.00000	1555.79050	1538.64954	1525.52891
2025-08-19T09:53:27Z	3672.00000	1555.78958	1538.64889	1525.52875
2025-08-19T09:53:28Z	3672.00000	1555.78629	1538.64571	1525.52615
2025-08-19T09:53:28Z	3672.00000	1555.78843	1538.64791	1525.52863
2025-08-19T09:53:28Z	3672.00000	1555.78653	1538.64618	1525.52706
2025-08-19T09:53:28Z	3672.00000	1555.78837	1538.64838	1525.52898
2025-08-19T09:53:28Z	3672.00000	1555.78691	1538.64700	1525.52769
2025-08-19T09:53:28Z	3673.00000	1555.78624	1538.64603	1525.52700
2025-08-19T09:53:28Z	3673.00000	1555.78753	1538.64675	1525.52801
2025-08-19T09:53:28Z	3673.00000	1555.78544	1538.64447	1525.52612
2025-08-19T09:53:28Z	3673.00000	1555.78607	1538.64519	1525.52693
2025-08-19T09:53:28Z	3673.00000	1555.78722	1538.64649	1525.52827
2025-08-19T09:53:29Z	3673.00000	1555.78517	1538.64457	1525.52657
2025-08-19T09:53:29Z	3673.00000	1555.78666	1538.64615	1525.52809
2025-08-19T09:53:29Z	3673.00000	1555.78567	1538.64525	1525.52721
2025-08-19T09:53:29Z	3673.00000	1555.78651	1538.64614	1525.52809
2025-08-19T09:53:29Z	3673.00000	1555.78790	1538.64747	1525.52933
2025-08-19T09:53:29Z	3674.00000	1555.78856	1538.64808	1525.52984
2025-08-19T09:53:29Z	3674.00000	1555.78813	1538.64734	1525.52934
2025-08-19T09:53:29Z	3674.00000	1555.78827	1538.64738	1525.52988
2025-08-19T09:53:29Z	3674.00000	1555.78843	1538.64785	1525.53009
2025-08-19T09:53:29Z	3674.00000	1555.78814	1538.64799	1525.52985
2025-08-19T09:53:30Z	3674.00000	1555.78923	1538.64946	1525.53082
2025-08-19T09:53:30Z	3674.00000	1555.78845	1538.64903	1525.53000
2025-08-19T09:53:30Z	3674.00000	1555.78853	1538.64935	1525.53000
2025-08-19T09:53:30Z	3674.00000	1555.78867	1538.64971	1525.53011
2025-08-19T09:53:30Z	3674.00000	1555.78849	1538.64955	1525.52995
2025-08-19T09:53:30Z	3675.00000	1555.78793	1538.64896	1525.52952
2025-08-19T09:53:30Z	3675.00000	1555.78912	1538.64999	1525.53068
2025-08-19T09:53:30Z	3675.00000	1555.78004	1538.64067	1525.52215
2025-08-19T09:53:30Z	3675.00000	1555.78218	1538.64269	1525.52423
2025-08-19T09:53:30Z	3675.00000	1555.80192	1538.66243	1525.54332
2025-08-19T09:53:31Z	3675.00000	1555.79636	1538.65674	1525.53795
2025-08-19T09:53:31Z	3675.00000	1555.83064	1538.69165	1525.57189
2025-08-19T09:53:31Z	3675.00000	1555.85467	1538.71625	1525.59648
2025-08-19T09:53:31Z	3675.00000	1555.84432	1538.70596	1525.58606
2025-08-19T09:53:31Z	3675.00000	1555.84810	1538.71071	1525.59001
2025-08-19T09:53:31Z	3676.00000	1555.85674	1538.72029	1525.59902
2025-08-19T09:53:31Z	3676.00000	1555.86723	1538.73157	1525.60992
2025-08-19T09:53:31Z	3676.00000	1555.86400	1538.72892	1525.60697
2025-08-19T09:53:31Z	3676.00000	1555.87415	1538.73952	1525.61765
2025-08-19T09:53:31Z	3676.00000	1555.88527	1538.75082	1525.62912
2025-08-19T09:53:32Z	3676.00000	1555.88842	1538.75402	1525.63213
2025-08-19T09:53:32Z	3676.00000	1555.88156	1538.74729	1525.62500
2025-08-19T09:53:32Z	3676.00000	1555.88264	1538.74864	1525.62599
2025-08-19T09:53:32Z	3676.00000	1555.88812	1538.75432	1525.63135
2025-08-19T09:53:32Z	3676.00000	1555.88408	1538.74994	1525.62719
2025-08-19T09:53:32Z	3677.00000	1555.88723	1538.75268	1525.63040
2025-08-19T09:53:32Z	3677.00000	1555.88966	1538.75475	1525.63289
2025-08-19T09:53:32Z	3677.00000	1555.89170	1538.75620	1525.63492
2025-08-19T09:53:32Z	3677.00000	1555.89730	1538.76135	1525.64035
2025-08-19T09:53:32Z	3677.00000	1555.90463	1538.76832	1525.64755
2025-08-19T09:53:33Z	3677.00000	1555.89911	1538.76230	1525.64185
2025-08-19T09:53:33Z	3677.00000	1555.89985	1538.76254	1525.64219
2025-08-19T09:53:33Z	3677.00000	1555.90052	1538.76291	1525.64263
2025-08-19T09:53:33Z	3677.00000	1555.90495	1538.76722	1525.64696
2025-08-19T09:53:33Z	3677.00000	1555.90199	1538.76406	1525.64420
2025-08-19T09:53:33Z	3678.00000	1555.90174	1538.76378	1525.64408
2025-08-19T09:53:33Z	3678.00000	1555.90222	1538.76434	1525.64458
2025-08-19T09:53:33Z	3678.00000	1555.90133	1538.76340	1525.64358
2025-08-19T09:53:33Z	3678.00000	1555.90238	1538.76419	1525.64439
2025-08-19T09:53:33Z	3678.00000	1555.90102	1538.76266	1525.64292
2025-08-19T09:53:34Z	3678.00000	1555.90254	1538.76405	1525.64423
2025-08-19T09:53:34Z	3678.00000	1555.90100	1538.76243	1525.64269
2025-08-19T09:53:34Z	3678.00000	1555.90124	1538.76262	1525.64286
2025-08-19T09:53:34Z	3678.00000	1555.90126	1538.76248	1525.64290
2025-08-19T09:53:34Z	3678.00000	1555.90069	1538.76181	1525.64222
2025-08-19T09:53:34Z	3679.00000	1555.90074	1538.76175	1525.64218
2025-08-19T09:53:34Z	3679.00000	1555.90090	1538.76192	1525.64230
2025-08-19T09:53:34Z	3679.00000	1555.89984	1538.76097	1525.64141
2025-08-19T09:53:34Z	3679.00000	1555.90113	1538.76232	1525.64279
2025-08-19T09:53:34Z	3679.00000	1555.89718	1538.75854	1525.63918
2025-08-19T09:53:35Z	3679.00000	1555.89994	1538.76137	1525.64208
2025-08-19T09:53:35Z	3679.00000	1555.89793	1538.75945	1525.64035
2025-08-19T09:53:35Z	3679.00000	1555.89771	1538.75932	1525.64039
2025-08-19T09:53:35Z	3679.00000	1555.90147	1538.76321	1525.64414
2025-08-19T09:53:35Z	3679.00000	1555.89994	1538.76176	1525.64249
2025-08-19T09:53:35Z	3680.00000	1555.90094	1538.76277	1525.64348
2025-08-19T09:53:35Z	3680.00000	1555.90141	1538.76305	1525.64363
2025-08-19T09:53:35Z	3680.00000	1555.89987	1538.76129	1525.64186
2025-08-19T09:53:35Z	3680.00000	1555.90071	1538.76204	1525.64244
2025-08-19T09:53:35Z	3680.00000	1555.89992	1538.76126	1525.64156
2025-08-19T09:53:36Z	3680.00000	1555.90012	1538.76161	1525.64188
2025-08-19T09:53:36Z	3680.00000	1555.89968	1538.76129	1525.64147
2025-08-19T09:53:36Z	3680.00000	1555.89896	1538.76059	1525.64085
2025-08-19T09:53:36Z	3680.00000	1555.89732	1538.75901	1525.63935
2025-08-19T09:53:36Z	3680.00000	1555.89708	1538.75880	1525.63926
2025-08-19T09:53:36Z	3681.00000	1555.89717	1538.75900	1525.63949
2025-08-19T09:53:36Z	3681.00000	1555.89728	1538.75914	1525.63954
2025-08-19T09:53:36Z	3681.00000	1555.89692	1538.75865	1525.63911
2025-08-19T09:53:36Z	3681.00000	1555.90053	1538.76226	1525.64262
2025-08-19T09:53:37Z	3681.00000	1555.89928	1538.76081	1525.64119
2025-08-19T09:53:37Z	3681.00000	1555.89771	1538.75905	1525.63958
2025-08-19T09:53:37Z	3681.00000	1555.89701	1538.75825	1525.63882
2025-08-19T09:53:37Z	3681.00000	1555.89754	1538.75875	1525.63930
2025-08-19T09:53:37Z	3681.00000	1555.89741	1538.75862	1525.63920
2025-08-19T09:53:37Z	3682.00000	1555.89833	1538.75957	1525.64009
2025-08-19T09:53:37Z	3682.00000	1555.89633	1538.75767	1525.63808
2025-08-19T09:53:37Z	3682.00000	1555.89707	1538.75848	1525.63889
2025-08-19T09:53:37Z	3682.00000	1555.89638	1538.75774	1525.63825
2025-08-19T09:53:37Z	3682.00000	1555.89701	1538.75844	1525.63893
2025-08-19T09:53:38Z	3682.00000	1555.89709	1538.75855	1525.63902
2025-08-19T09:53:38Z	3682.00000	1555.89701	1538.75869	1525.63894
2025-08-19T09:53:38Z	3682.00000	1555.89767	1538.75957	1525.63960
2025-08-19T09:53:38Z	3682.00000	1555.89634	1538.75839	1525.63833
2025-08-19T09:53:38Z	3682.00000	1555.89601	1538.75817	1525.63799
2025-08-19T09:53:38Z	3683.00000	1555.89484	1538.75706	1525.63680
2025-08-19T09:53:38Z	3683.00000	1555.89978	1538.76203	1525.64160
2025-08-19T09:53:38Z	3683.00000	1555.89953	1538.76174	1525.64121
2025-08-19T09:53:38Z	3683.00000	1555.89891	1538.76103	1525.64054
2025-08-19T09:53:38Z	3683.00000	1555.89731	1538.75924	1525.63879
2025-08-19T09:53:39Z	3683.00000	1555.89599	1538.75776	1525.63740
2025-08-19T09:53:39Z	3683.00000	1555.89734	1538.75893	1525.63866
2025-08-19T09:53:39Z	3683.00000	1555.89738	1538.75884	1525.63858
2025-08-19T09:53:39Z	3683.00000	1555.89731	1538.75861	1525.63830
2025-08-19T09:53:39Z	3683.00000	1555.89725	1538.75860	1525.63828
2025-08-19T09:53:39Z	3684.00000	1555.89663	1538.75804	1525.63785
2025-08-19T09:53:39Z	3684.00000	1555.89669	1538.75830	1525.63840
2025-08-19T09:53:39Z	3684.00000	1555.89630	1538.75811	1525.63855
2025-08-19T09:53:39Z	3684.00000	1555.89674	1538.75900	1525.63966
2025-08-19T09:53:40Z	3684.00000	1555.89528	1538.75822	1525.63850
2025-08-19T09:53:40Z	3684.00000	1555.89635	1538.76020	1525.63960
2025-08-19T09:53:40Z	3684.00000	1555.89613	1538.76063	1525.63950
2025-08-19T09:53:40Z	3684.00000	1555.89550	1538.76028	1525.63920
2025-08-19T09:53:40Z	3684.00000	1555.89630	1538.76095	1525.64022
2025-08-19T09:53:40Z	3685.00000	1555.89349	1538.75792	1525.63766
2025-08-19T09:53:40Z	3685.00000	1555.89591	1538.75987	1525.63998
2025-08-19T09:53:40Z	3685.00000	1555.89591	1538.75931	1525.63987
2025-08-19T09:53:40Z	3685.00000	1555.89528	1538.75783	1525.63900
2025-08-19T09:53:41Z	3685.00000	1555.89604	1538.75831	1525.63979
2025-08-19T09:53:41Z	3685.00000	1555.89422	1538.75639	1525.63801
2025-08-19T09:53:41Z	3685.00000	1555.89515	1538.75710	1525.63817
2025-08-19T09:53:41Z	3686.00000	1555.89490	1538.75708	1525.63738
2025-08-19T09:53:41Z	3686.00000	1555.89706	1538.76002	1525.63926
2025-08-19T09:53:41Z	3686.00000	1555.89452	1538.75770	1525.63653
2025-08-19T09:53:41Z	3686.00000	1555.89502	1538.75822	1525.63699
2025-08-19T09:53:42Z	3686.00000	1555.89549	1538.75853	1525.63743
2025-08-19T09:53:42Z	3686.00000	1555.89755	1538.76061	1525.63975
2025-08-19T09:53:42Z	3687.00000	1555.89733	1538.75991	1525.63966
2025-08-19T09:53:42Z	3687.00000	1555.89715	1538.75951	1525.63931
2025-08-19T09:53:42Z	3687.00000	1555.89683	1538.75880	1525.63873
2025-08-19T09:53:43Z	3687.00000	1555.89374	1538.75531	1525.63536
2025-08-19T09:53:43Z	3687.00000	1555.93014	1538.79151	1525.67038
2025-08-19T09:53:43Z	3688.00000	1555.99289	1538.85522	1525.73092
2025-08-19T09:53:43Z	3688.00000	1555.98274	1538.84514	1525.72055
2025-08-19T09:53:43Z	3688.00000	1555.99186	1538.85413	1525.72914
2025-08-19T09:53:43Z	3688.00000	1555.98714	1538.84878	1525.72426
2025-08-19T09:53:44Z	3688.00000	1556.00433	1538.86564	1525.74123
2025-08-19T09:53:44Z	3688.00000	1556.02285	1538.88318	1525.75944
2025-08-19T09:53:44Z	3688.00000	1556.02595	1538.88581	1525.76242
2025-08-19T09:53:44Z	3689.00000	1556.04067	1538.90010	1525.77709
2025-08-19T09:53:44Z	3689.00000	1556.03271	1538.89201	1525.76887
2025-08-19T09:53:45Z	3689.00000	1556.02525	1538.88433	1525.76104
2025-08-19T09:53:45Z	3689.00000	1556.02708	1538.88593	1525.76273
2025-08-19T09:53:45Z	3689.00000	1556.02785	1538.88622	1525.76320
2025-08-19T09:53:45Z	3690.00000	1556.02762	1538.88563	1525.76277
2025-08-19T09:53:45Z	3690.00000	1556.02793	1538.88593	1525.76326
2025-08-19T09:53:45Z	3690.00000	1556.02525	1538.88515	1525.76233
2025-08-19T09:53:46Z	3690.00000	1556.02341	1538.88459	1525.76170
2025-08-19T09:53:46Z	3690.00000	1556.02102	1538.88295	1525.75989
2025-08-19T09:53:46Z	3690.00000	1556.02091	1538.88319	1525.76020
2025-08-19T09:53:46Z	3691.00000	1556.02035	1538.88279	1525.75979
2025-08-19T09:53:46Z	3691.00000	1556.02161	1538.88278	1525.75969
2025-08-19T09:53:46Z	3691.00000	1556.02349	1538.88204	1525.75903
2025-08-19T09:53:46Z	3691.00000	1556.02565	1538.88170	1525.75854
2025-08-19T09:53:46Z	3691.00000	1556.02686	1538.88176	1525.75865
2025-08-19T09:53:47Z	3691.00000	1556.02570	1538.88126	1525.75810
2025-08-19T09:53:47Z	3691.00000	1556.02623	1538.88112	1525.75792
2025-08-19T09:53:47Z	3691.00000	1556.02739	1538.88288	1525.75972
2025-08-19T09:53:47Z	3691.00000	1556.02683	1538.88235	1525.75908
2025-08-19T09:53:47Z	3691.00000	1556.02536	1538.88072	1525.75721
2025-08-19T09:53:47Z	3692.00000	1556.02661	1538.88161	1525.75822
2025-08-19T09:53:47Z	3692.00000	1556.02708	1538.88201	1525.75855
2025-08-19T09:53:47Z	3692.00000	1556.02781	1538.88281	1525.75943
2025-08-19T09:53:47Z	3692.00000	1556.02597	1538.88088	1525.75780
2025-08-19T09:53:47Z	3692.00000	1556.02803	1538.88249	1525.75962
2025-08-19T09:53:48Z	3692.00000	1556.02812	1538.88197	1525.75916
2025-08-19T09:53:48Z	3692.00000	1556.02991	1538.88353	1525.76066
2025-08-19T09:53:48Z	3692.00000	1556.03005	1538.88361	1525.76076
2025-08-19T09:53:48Z	3692.00000	1556.02727	1538.88086	1525.75792
2025-08-19T09:53:48Z	3692.00000	1556.02817	1538.88198	1525.75898
2025-08-19T09:53:48Z	3693.00000	1556.02755	1538.88112	1525.75796
2025-08-19T09:53:48Z	3693.00000	1556.02774	1538.88122	1525.75807
2025-08-19T09:53:48Z	3693.00000	1556.02917	1538.88269	1525.75952
2025-08-19T09:53:48Z	3693.00000	1556.02760	1538.88120	1525.75794
2025-08-19T09:53:48Z	3693.00000	1556.02784	1538.88100	1525.75778
2025-08-19T09:53:49Z	3693.00000	1556.02905	1538.88189	1525.75879
2025-08-19T09:53:49Z	3693.00000	1556.02899	1538.88159	1525.75850
2025-08-19T09:53:49Z	3693.00000	1556.02935	1538.88182	1525.75874
2025-08-19T09:53:49Z	3693.00000	1556.02801	1538.88050	1525.75736
2025-08-19T09:53:49Z	3693.00000	1556.02861	1538.88122	1525.75802
2025-08-19T09:53:49Z	3694.00000	1556.02818	1538.88087	1525.75756
2025-08-19T09:53:49Z	3694.00000	1556.02804	1538.88172	1525.75839
2025-08-19T09:53:49Z	3694.00000	1556.02761	1538.88261	1525.75932
2025-08-19T09:53:49Z	3694.00000	1556.02609	1538.88195	1525.75870
2025-08-19T09:53:49Z	3694.00000	1556.02665	1538.88379	1525.76050
2025-08-19T09:53:50Z	3694.00000	1556.02529	1538.88328	1525.76002
2025-08-19T09:53:50Z	3694.00000	1556.02400	1538.88245	1525.75926
2025-08-19T09:53:50Z	3694.00000	1556.02387	1538.88242	1525.75953
2025-08-19T09:53:50Z	3694.00000	1556.02391	1538.88239	1525.75957
2025-08-19T09:53:50Z	3694.00000	1556.02385	1538.88179	1525.75886
2025-08-19T09:53:50Z	3695.00000	1556.02450	1538.88279	1525.75960
2025-08-19T09:53:50Z	3695.00000	1556.02397	1538.88284	1525.75945
2025-08-19T09:53:50Z	3695.00000	1556.02331	1538.88256	1525.75930
2025-08-19T09:53:50Z	3695.00000	1556.02361	1538.88324	1525.76003
2025-08-19T09:53:50Z	3695.00000	1556.02284	1538.88261	1525.75938
2025-08-19T09:53:51Z	3695.00000	1556.02895	1538.88883	1525.76573
2025-08-19T09:53:51Z	3695.00000	1556.03115	1538.89111	1525.76809
2025-08-19T09:53:51Z	3695.00000	1556.02332	1538.88346	1525.76030
2025-08-19T09:53:51Z	3695.00000	1556.01044	1538.87067	1525.74734
2025-08-19T09:53:51Z	3695.00000	1556.07939	1538.93833	1525.81521
2025-08-19T09:53:51Z	3696.00000	1556.10227	1538.96088	1525.83642
2025-08-19T09:53:51Z	3696.00000	1556.10763	1538.96629	1525.84160
2025-08-19T09:53:51Z	3696.00000	1556.10629	1538.96505	1525.84050
2025-08-19T09:53:51Z	3696.00000	1556.10431	1538.96329	1525.83890
2025-08-19T09:53:51Z	3696.00000	1556.10875	1538.96814	1525.84349
2025-08-19T09:53:52Z	3696.00000	1556.07196	1538.93241	1525.80994
2025-08-19T09:53:52Z	3696.00000	1556.07851	1538.93915	1525.81637
2025-08-19T09:53:52Z	3696.00000	1556.11093	1538.97144	1525.84666
2025-08-19T09:53:52Z	3696.00000	1556.12088	1538.98164	1525.85619
2025-08-19T09:53:52Z	3696.00000	1556.13578	1538.99687	1525.87057
2025-08-19T09:53:52Z	3697.00000	1556.15684	1539.01849	1525.89131
2025-08-19T09:53:52Z	3697.00000	1556.12850	1538.98984	1525.86392
2025-08-19T09:53:52Z	3697.00000	1556.13611	1538.99766	1525.87132
2025-08-19T09:53:52Z	3697.00000	1556.13154	1538.99302	1525.86705
2025-08-19T09:53:52Z	3697.00000	1556.13760	1538.99921	1525.87283
2025-08-19T09:53:53Z	3697.00000	1556.13454	1538.99614	1525.86995
2025-08-19T09:53:53Z	3697.00000	1556.13676	1538.99837	1525.87194
2025-08-19T09:53:53Z	3697.00000	1556.13527	1538.99685	1525.87042
2025-08-19T09:53:53Z	3697.00000	1556.13584	1538.99749	1525.87103
2025-08-19T09:53:53Z	3697.00000	1556.13452	1538.99624	1525.86979
2025-08-19T09:53:53Z	3698.00000	1556.13618	1538.99784	1525.87132
2025-08-19T09:53:53Z	3698.00000	1556.13415	1538.99576	1525.86930
2025-08-19T09:53:53Z	3698.00000	1556.13334	1538.99478	1525.86848
2025-08-19T09:53:53Z	3698.00000	1556.13224	1538.99362	1525.86738
2025-08-19T09:53:53Z	3698.00000	1556.13208	1538.99321	1525.86716
2025-08-19T09:53:54Z	3698.00000	1556.13681	1538.99410	1525.86770
2025-08-19T09:53:54Z	3698.00000	1556.13724	1538.99442	1525.86626
2025-08-19T09:53:54Z	3698.00000	1556.14093	1538.99862	1525.86759
2025-08-19T09:53:54Z	3698.00000	1556.13877	1538.99683	1525.86482
2025-08-19T09:53:54Z	3698.00000	1556.14107	1538.99956	1525.86665
2025-08-19T09:53:54Z	3699.00000	1556.13988	1538.99868	1525.86592
2025-08-19T09:53:54Z	3699.00000	1556.14061	1538.99981	1525.86934
2025-08-19T09:53:54Z	3699.00000	1556.14071	1538.99990	1525.87114
2025-08-19T09:53:54Z	3699.00000	1556.14107	1538.99868	1525.87233
2025-08-19T09:53:54Z	3699.00000	1556.13897	1538.99636	1525.87091
2025-08-19T09:53:55Z	3699.00000	1556.13953	1538.99667	1525.87195
2025-08-19T09:53:55Z	3699.00000	1556.13852	1538.99469	1525.87115
2025-08-19T09:53:55Z	3699.00000	1556.13869	1538.99442	1525.87123
2025-08-19T09:53:55Z	3699.00000	1556.13692	1538.99332	1525.87097
2025-08-19T09:53:55Z	3699.00000	1556.13540	1538.99346	1525.87225
2025-08-19T09:53:55Z	3700.00000	1556.13394	1538.99353	1525.87279
2025-08-19T09:53:55Z	3700.00000	1556.13269	1538.99339	1525.87451
2025-08-19T09:53:55Z	3700.00000	1556.13124	1538.99322	1525.87549
2025-08-19T09:53:55Z	3700.00000	1556.13008	1538.99315	1525.87341
2025-08-19T09:53:55Z	3700.00000	1556.13253	1538.99578	1525.87411
2025-08-19T09:53:56Z	3700.00000	1556.13337	1538.99615	1525.87348
2025-08-19T09:53:56Z	3700.00000	1556.13483	1538.99793	1525.87397
2025-08-19T09:53:56Z	3700.00000	1556.13533	1538.99943	1525.87449
2025-08-19T09:53:56Z	3700.00000	1556.13705	1539.00186	1525.87625
2025-08-19T09:53:56Z	3700.00000	1556.13572	1539.00100	1525.87536
2025-08-19T09:53:56Z	3701.00000	1556.13387	1538.99982	1525.87407
2025-08-19T09:53:56Z	3701.00000	1556.13394	1539.00032	1525.87421
2025-08-19T09:53:56Z	3701.00000	1556.13358	1539.00026	1525.87386
2025-08-19T09:53:56Z	3701.00000	1556.13282	1538.99982	1525.87251
2025-08-19T09:53:56Z	3701.00000	1556.13230	1538.99935	1525.87124
2025-08-19T09:53:57Z	3701.00000	1556.13176	1538.99883	1525.87008
2025-08-19T09:53:57Z	3701.00000	1556.13203	1538.99892	1525.87010
2025-08-19T09:53:57Z	3701.00000	1556.13154	1538.99811	1525.86973
2025-08-19T09:53:57Z	3701.00000	1556.13120	1538.99733	1525.86933
2025-08-19T09:53:57Z	3701.00000	1556.13078	1538.99631	1525.86859
2025-08-19T09:53:57Z	3702.00000	1556.13065	1538.99570	1525.86821
2025-08-19T09:53:57Z	3702.00000	1556.13159	1538.99599	1525.86881
2025-08-19T09:53:57Z	3702.00000	1556.13135	1538.99523	1525.86851
2025-08-19T09:53:57Z	3702.00000	1556.13094	1538.99424	1525.86819
2025-08-19T09:53:57Z	3702.00000	1556.13074	1538.99367	1525.86816
2025-08-19T09:53:58Z	3702.00000	1556.13140	1538.99393	1525.86905
2025-08-19T09:53:58Z	3702.00000	1556.13146	1538.99382	1525.86931
2025-08-19T09:53:58Z	3702.00000	1556.13068	1538.99282	1525.86885
2025-08-19T09:53:58Z	3702.00000	1556.13093	1538.99290	1525.86937
2025-08-19T09:53:58Z	3702.00000	1556.13044	1538.99243	1525.86904
2025-08-19T09:53:58Z	3703.00000	1556.13094	1538.99295	1525.86952
2025-08-19T09:53:58Z	3703.00000	1556.13097	1538.99304	1525.86933
2025-08-19T09:53:58Z	3703.00000	1556.12959	1538.99176	1525.86813
2025-08-19T09:53:58Z	3703.00000	1556.13107	1538.99329	1525.86984
2025-08-19T09:53:58Z	3703.00000	1556.13067	1538.99294	1525.86970
2025-08-19T09:53:59Z	3703.00000	1556.13191	1538.99429	1525.87118
2025-08-19T09:53:59Z	3703.00000	1556.13160	1538.99399	1525.87098
2025-08-19T09:53:59Z	3703.00000	1556.13246	1538.99495	1525.87214
2025-08-19T09:53:59Z	3703.00000	1556.13266	1538.99512	1525.87233
2025-08-19T09:53:59Z	3703.00000	1556.13327	1538.99580	1525.87264
2025-08-19T09:53:59Z	3704.00000	1556.13218	1538.99465	1525.87107
2025-08-19T09:53:59Z	3704.00000	1556.13457	1538.99703	1525.87274
2025-08-19T09:53:59Z	3704.00000	1556.13227	1538.99480	1525.86982
2025-08-19T09:53:59Z	3704.00000	1556.13366	1538.99646	1525.87013
2025-08-19T09:53:59Z	3704.00000	1556.13293	1538.99598	1525.86884
2025-08-19T09:54:00Z	3704.00000	1556.13424	1538.99751	1525.86960
2025-08-19T09:54:00Z	3704.00000	1556.13360	1538.99672	1525.86873
2025-08-19T09:54:00Z	3704.00000	1556.13295	1538.99586	1525.86762
2025-08-19T09:54:00Z	3704.00000	1556.13408	1538.99680	1525.86848
2025-08-19T09:54:00Z	3704.00000	1556.13410	1538.99642	1525.86805
2025-08-19T09:54:00Z	3705.00000	1556.13556	1538.99746	1525.86907
2025-08-19T09:54:00Z	3705.00000	1556.13650	1538.99791	1525.86963
2025-08-19T09:54:00Z	3705.00000	1556.15971	1539.02114	1525.89210
2025-08-19T09:54:00Z	3705.00000	1556.20206	1539.06281	1525.93429
2025-08-19T09:54:00Z	3705.00000	1556.24304	1539.10205	1525.97577
2025-08-19T09:54:01Z	3705.00000	1556.28876	1539.14534	1526.02198
2025-08-19T09:54:01Z	3705.00000	1556.28045	1539.13775	1526.01417
2025-08-19T09:54:01Z	3705.00000	1556.26204	1539.12100	1525.99670
2025-08-19T09:54:01Z	3705.00000	1556.30729	1539.16439	1526.04217
2025-08-19T09:54:01Z	3705.00000	1556.34918	1539.20532	1526.08273
2025-08-19T09:54:01Z	3706.00000	1556.33942	1539.19614	1526.07397
2025-08-19T09:54:01Z	3706.00000	1556.35042	1539.20729	1526.08488
2025-08-19T09:54:01Z	3706.00000	1556.27969	1539.13984	1526.01701
2025-08-19T09:54:01Z	3706.00000	1556.27216	1539.13289	1526.00965
2025-08-19T09:54:01Z	3706.00000	1556.27475	1539.13535	1526.01222
2025-08-19T09:54:02Z	3706.00000	1556.26854	1539.12856	1526.00483
2025-08-19T09:54:02Z	3706.00000	1556.27212	1539.13100	1526.00763
2025-08-19T09:54:02Z	3706.00000	1556.27117	1539.12946	1526.00614
2025-08-19T09:54:02Z	3706.00000	1556.27169	1539.12948	1526.00610
2025-08-19T09:54:02Z	3706.00000	1556.27132	1539.12881	1526.00551
2025-08-19T09:54:02Z	3707.00000	1556.27306	1539.12952	1526.00627
2025-08-19T09:54:02Z	3707.00000	1556.27137	1539.13193	1526.00406
2025-08-19T09:54:02Z	3707.00000	1556.27401	1539.13360	1526.00277
2025-08-19T09:54:02Z	3707.00000	1556.27467	1539.13343	1526.00091
2025-08-19T09:54:02Z	3707.00000	1556.27526	1539.13201	1526.00049
2025-08-19T09:54:03Z	3707.00000	1556.27746	1539.13084	1526.00330
2025-08-19T09:54:03Z	3707.00000	1556.27754	1539.12938	1526.00498
2025-08-19T09:54:03Z	3707.00000	1556.27664	1539.13111	1526.00690
2025-08-19T09:54:03Z	3707.00000	1556.27699	1539.13369	1526.00837
2025-08-19T09:54:03Z	3707.00000	1556.27263	1539.12932	1526.00499
2025-08-19T09:54:03Z	3708.00000	1556.27529	1539.13224	1526.00816
2025-08-19T09:54:03Z	3708.00000	1556.27359	1539.13087	1526.00692
2025-08-19T09:54:03Z	3708.00000	1556.27378	1539.13155	1526.00869
2025-08-19T09:54:03Z	3708.00000	1556.27369	1539.13210	1526.00993
2025-08-19T09:54:03Z	3708.00000	1556.27159	1539.13117	1526.00912
2025-08-19T09:54:04Z	3708.00000	1556.27136	1539.13162	1526.00941
2025-08-19T09:54:04Z	3708.00000	1556.26953	1539.13015	1526.00822
2025-08-19T09:54:04Z	3708.00000	1556.27047	1539.13140	1526.00953
2025-08-19T09:54:04Z	3708.00000	1556.27039	1539.13117	1526.01026
2025-08-19T09:54:04Z	3708.00000	1556.26762	1539.12870	1526.00811
2025-08-19T09:54:04Z	3709.00000	1556.26863	1539.12995	1526.01008
2025-08-19T09:54:04Z	3709.00000	1556.26809	1539.12958	1526.00984
2025-08-19T09:54:04Z	3709.00000	1556.27098	1539.13091	1526.01145
2025-08-19T09:54:04Z	3709.00000	1556.27480	1539.13214	1526.01342
2025-08-19T09:54:04Z	3709.00000	1556.27435	1539.13027	1526.01205
2025-08-19T09:54:05Z	3709.00000	1556.27437	1539.12954	1526.01180
2025-08-19T09:54:05Z	3709.00000	1556.27162	1539.12683	1526.00879
2025-08-19T09:54:05Z	3709.00000	1556.27355	1539.12937	1526.01051
2025-08-19T09:54:05Z	3709.00000	1556.27242	1539.12921	1526.00874
2025-08-19T09:54:05Z	3709.00000	1556.27065	1539.12829	1526.00636
2025-08-19T09:54:05Z	3710.00000	1556.27218	1539.13010	1526.00730
2025-08-19T09:54:05Z	3710.00000	1556.27228	1539.13037	1526.00687
2025-08-19T09:54:05Z	3710.00000	1556.27189	1539.13007	1526.00664
2025-08-19T09:54:05Z	3710.00000	1556.27164	1539.12999	1526.00611
2025-08-19T09:54:05Z	3710.00000	1556.27236	1539.13070	1526.00661
2025-08-19T09:54:06Z	3710.00000	1556.27321	1539.13142	1526.00708
2025-08-19T09:54:06Z	3710.00000	1556.27308	1539.13108	1526.00617
2025-08-19T09:54:06Z	3710.00000	1556.27368	1539.13143	1526.00603
2025-08-19T09:54:06Z	3710.00000	1556.27336	1539.13093	1526.00551
2025-08-19T09:54:06Z	3710.00000	1556.27358	1539.13082	1526.00535
2025-08-19T09:54:06Z	3711.00000	1556.27361	1539.13036	1526.00489
2025-08-19T09:54:06Z	3711.00000	1556.27292	1539.12903	1526.00382
2025-08-19T09:54:06Z	3711.00000	1556.27319	1539.12888	1526.00410
2025-08-19T09:54:06Z	3711.00000	1556.27229	1539.12800	1526.00380
2025-08-19T09:54:06Z	3711.00000	1556.27188	1539.12817	1526.00464
2025-08-19T09:54:07Z	3711.00000	1556.27032	1539.12765	1526.00481
2025-08-19T09:54:07Z	3711.00000	1556.26891	1539.12713	1526.00493
2025-08-19T09:54:07Z	3711.00000	1556.26752	1539.12670	1526.00477
2025-08-19T09:54:07Z	3711.00000	1556.26664	1539.12637	1526.00483
2025-08-19T09:54:07Z	3711.00000	1556.26718	1539.12697	1526.00589
2025-08-19T09:54:07Z	3712.00000	1556.26744	1539.12701	1526.00664
2025-08-19T09:54:07Z	3712.00000	1556.26819	1539.12718	1526.00728
2025-08-19T09:54:07Z	3712.00000	1556.26854	1539.12671	1526.00695
2025-08-19T09:54:07Z	3712.00000	1556.26976	1539.12684	1526.00746
2025-08-19T09:54:07Z	3712.00000	1556.27101	1539.12677	1526.00797
2025-08-19T09:54:08Z	3712.00000	1556.27140	1539.12550	1526.00789
2025-08-19T09:54:08Z	3712.00000	1556.27137	1539.12429	1526.00727
2025-08-19T09:54:08Z	3712.00000	1556.27106	1539.12405	1526.00644
2025-08-19T09:54:08Z	3712.00000	1556.27315	1539.12620	1526.00821
2025-08-19T09:54:08Z	3712.00000	1556.27045	1539.12378	1526.00517
2025-08-19T09:54:08Z	3713.00000	1556.27209	1539.12565	1526.00675
2025-08-19T09:54:08Z	3713.00000	1556.27035	1539.12417	1526.00432
2025-08-19T09:54:08Z	3713.00000	1556.27325	1539.12690	1526.00621
2025-08-19T09:54:08Z	3713.00000	1556.26947	1539.12407	1526.00193
2025-08-19T09:54:08Z	3713.00000	1556.27002	1539.12611	1526.00314
2025-08-19T09:54:09Z	3713.00000	1556.26684	1539.12503	1526.00103
2025-08-19T09:54:09Z	3713.00000	1556.26608	1539.12598	1526.00112
2025-08-19T09:54:09Z	3713.00000	1556.26539	1539.12697	1526.00111
2025-08-19T09:54:09Z	3713.00000	1556.26250	1539.12534	1525.99880
2025-08-19T09:54:09Z	3713.00000	1556.26162	1539.12566	1525.99841
2025-08-19T09:54:09Z	3714.00000	1556.26082	1539.12581	1525.99816
2025-08-19T09:54:09Z	3714.00000	1556.26316	1539.12864	1526.00099
2025-08-19T09:54:09Z	3714.00000	1556.26207	1539.12805	1526.00019
2025-08-19T09:54:09Z	3714.00000	1556.26227	1539.12804	1526.00054
2025-08-19T09:54:09Z	3714.00000	1556.26258	1539.12654	1526.00034
2025-08-19T09:54:10Z	3714.00000	1556.26229	1539.12461	1525.99930
2025-08-19T09:54:10Z	3714.00000	1556.26486	1539.12551	1526.00107
2025-08-19T09:54:10Z	3714.00000	1556.26476	1539.12461	1526.00065
2025-08-19T09:54:10Z	3714.00000	1556.26585	1539.12540	1526.00185
2025-08-19T09:54:10Z	3714.00000	1556.26601	1539.12531	1526.00234
2025-08-19T09:54:10Z	3715.00000	1556.26441	1539.12309	1526.00075
2025-08-19T09:54:10Z	3715.00000	1556.26667	1539.12406	1526.00270
2025-08-19T09:54:10Z	3715.00000	1556.26662	1539.12301	1526.00251
2025-08-19T09:54:10Z	3715.00000	1556.26687	1539.12268	1526.00269
2025-08-19T09:54:10Z	3715.00000	1556.26838	1539.12372	1526.00367
2025-08-19T09:54:11Z	3715.00000	1556.26702	1539.12170	1526.00136
2025-08-19T09:54:11Z	3715.00000	1556.26779	1539.12247	1526.00209
2025-08-19T09:54:11Z	3715.00000	1556.26603	1539.12151	1526.00123
2025-08-19T09:54:11Z	3715.00000	1556.26512	1539.12122	1526.00082
2025-08-19T09:54:11Z	3715.00000	1556.26477	1539.12138	1526.00076
2025-08-19T09:54:11Z	3716.00000	1556.26421	1539.12127	1526.00011
2025-08-19T09:54:11Z	3716.00000	1556.26343	1539.12100	1525.99926
2025-08-19T09:54:11Z	3716.00000	1556.26437	1539.12219	1526.00015
2025-08-19T09:54:11Z	3716.00000	1556.26362	1539.12181	1525.99932
2025-08-19T09:54:11Z	3716.00000	1556.26349	1539.12192	1525.99905
2025-08-19T09:54:12Z	3716.00000	1556.26371	1539.12227	1525.99926
2025-08-19T09:54:12Z	3716.00000	1556.26343	1539.12202	1525.99892
2025-08-19T09:54:12Z	3716.00000	1556.26341	1539.12199	1525.99861
2025-08-19T09:54:12Z	3716.00000	1556.26791	1539.12607	1526.00285
2025-08-19T09:54:12Z	3716.00000	1556.26345	1539.12175	1525.99822
2025-08-19T09:54:12Z	3717.00000	1556.26408	1539.12230	1525.99875
2025-08-19T09:54:12Z	3717.00000	1556.26422	1539.12231	1525.99865
2025-08-19T09:54:12Z	3717.00000	1556.26903	1539.12682	1526.00340
2025-08-19T09:54:12Z	3717.00000	1556.25976	1539.11804	1525.99402
2025-08-19T09:54:12Z	3717.00000	1556.26109	1539.11938	1525.99549
2025-08-19T09:54:13Z	3717.00000	1556.26543	1539.12353	1525.99984
2025-08-19T09:54:13Z	3717.00000	1556.26353	1539.12183	1525.99798
2025-08-19T09:54:13Z	3717.00000	1556.26265	1539.12109	1525.99723
2025-08-19T09:54:13Z	3717.00000	1556.26657	1539.12478	1526.00112
2025-08-19T09:54:13Z	3717.00000	1556.26541	1539.12331	1525.99969
2025-08-19T09:54:13Z	3718.00000	1556.26947	1539.12652	1526.00297
2025-08-19T09:54:13Z	3718.00000	1556.27829	1539.13443	1526.01111
2025-08-19T09:54:13Z	3718.00000	1556.27452	1539.13056	1526.00671
2025-08-19T09:54:13Z	3718.00000	1556.27109	1539.12679	1526.00242
2025-08-19T09:54:13Z	3718.00000	1556.26477	1539.11953	1525.99465
2025-08-19T09:54:14Z	3718.00000	1556.26610	1539.12052	1525.99559
2025-08-19T09:54:14Z	3718.00000	1556.26055	1539.11543	1525.99013
2025-08-19T09:54:14Z	3718.00000	1556.27475	1539.12825	1526.00382
2025-08-19T09:54:14Z	3718.00000	1556.27919	1539.12923	1526.00511
2025-08-19T09:54:14Z	3718.00000	1556.26453	1539.11300	1525.98803
2025-08-19T09:54:14Z	3719.00000	1556.24533	1539.09223	1525.96601
2025-08-19T09:54:14Z	3719.00000	1556.23160	1539.07779	1525.95091
2025-08-19T09:54:14Z	3719.00000	1556.21270	1539.05967	1525.93211
2025-08-19T09:54:14Z	3719.00000	1556.21303	1539.06032	1525.93264
2025-08-19T09:54:14Z	3719.00000	1556.20288	1539.05085	1525.92256
2025-08-19T09:54:15Z	3719.00000	1556.20250	1539.05093	1525.92225
2025-08-19T09:54:15Z	3719.00000	1556.20230	1539.05121	1525.92220
2025-08-19T09:54:15Z	3719.00000	1556.19770	1539.04738	1525.91788
2025-08-19T09:54:15Z	3719.00000	1556.20007	1539.05120	1525.92069
2025-08-19T09:54:15Z	3719.00000	1556.19226	1539.04535	1525.91355
2025-08-19T09:54:15Z	3720.00000	1556.18514	1539.03980	1525.90754
2025-08-19T09:54:15Z	3720.00000	1556.18215	1539.04076	1525.90765
2025-08-19T09:54:15Z	3720.00000	1556.17264	1539.03426	1525.90081
2025-08-19T09:54:15Z	3720.00000	1556.15399	1539.01710	1525.88398
2025-08-19T09:54:15Z	3720.00000	1556.15369	1539.01722	1525.88420
2025-08-19T09:54:16Z	3720.00000	1556.14698	1539.01022	1525.87793
2025-08-19T09:54:16Z	3720.00000	1556.15842	1539.02122	1525.88951
2025-08-19T09:54:16Z	3720.00000	1556.14995	1539.01168	1525.88162
2025-08-19T09:54:16Z	3720.00000	1556.14694	1539.00802	1525.87917
2025-08-19T09:54:16Z	3720.00000	1556.15462	1539.01497	1525.88661
2025-08-19T09:54:16Z	3721.00000	1556.13102	1538.99108	1525.86401
2025-08-19T09:54:16Z	3721.00000	1556.11224	1538.97275	1525.84673
2025-08-19T09:54:16Z	3721.00000	1556.12463	1538.98601	1525.85872
2025-08-19T09:54:16Z	3721.00000	1556.12957	1538.99233	1525.86385
2025-08-19T09:54:16Z	3721.00000	1556.12987	1538.99265	1525.86358
2025-08-19T09:54:17Z	3721.00000	1556.13378	1538.99635	1525.86691
2025-08-19T09:54:17Z	3721.00000	1556.13344	1538.99565	1525.86681
2025-08-19T09:54:17Z	3721.00000	1556.13434	1538.99627	1525.86797
2025-08-19T09:54:17Z	3721.00000	1556.13640	1538.99838	1525.87022
2025-08-19T09:54:17Z	3721.00000	1556.13450	1538.99675	1525.86878
2025-08-19T09:54:17Z	3722.00000	1556.13626	1538.99851	1525.87093
2025-08-19T09:54:17Z	3722.00000	1556.13563	1538.99721	1525.86995
2025-08-19T09:54:17Z	3722.00000	1556.13637	1538.99738	1525.87034
2025-08-19T09:54:17Z	3722.00000	1556.13611	1538.99859	1525.86986
2025-08-19T09:54:17Z	3722.00000	1556.13671	1539.00104	1525.87054
2025-08-19T09:54:18Z	3722.00000	1556.13531	1539.00205	1525.87269
2025-08-19T09:54:18Z	3722.00000	1556.13533	1539.00360	1525.87559
2025-08-19T09:54:18Z	3722.00000	1556.13595	1539.00373	1525.87767
2025-08-19T09:54:18Z	3722.00000	1556.14010	1539.00213	1525.87692
2025-08-19T09:54:18Z	3722.00000	1556.14524	1539.00194	1525.87879
2025-08-19T09:54:18Z	3723.00000	1556.14632	1539.00032	1525.87956
2025-08-19T09:54:18Z	3723.00000	1556.14749	1539.00242	1525.88114
2025-08-19T09:54:18Z	3723.00000	1556.14807	1539.00467	1525.88107
2025-08-19T09:54:18Z	3723.00000	1556.14871	1539.00613	1525.88012
2025-08-19T09:54:18Z	3723.00000	1556.14639	1539.00648	1525.87860
2025-08-19T09:54:19Z	3723.00000	1556.14302	1539.00638	1525.87911
2025-08-19T09:54:19Z	3723.00000	1556.14034	1539.00536	1525.87911
2025-08-19T09:54:19Z	3723.00000	1556.13830	1539.00472	1525.87886
2025-08-19T09:54:19Z	3723.00000	1556.13739	1539.00519	1525.87871
2025-08-19T09:54:19Z	3723.00000	1556.13624	1539.00511	1525.87799
2025-08-19T09:54:19Z	3724.00000	1556.13451	1539.00351	1525.87678
2025-08-19T09:54:19Z	3724.00000	1556.13294	1539.00212	1525.87613
2025-08-19T09:54:19Z	3724.00000	1556.13252	1539.00212	1525.87642
2025-08-19T09:54:19Z	3724.00000	1556.13211	1539.00170	1525.87678
2025-08-19T09:54:19Z	3724.00000	1556.13236	1539.00126	1525.87717
2025-08-19T09:54:20Z	3724.00000	1556.13073	1538.99955	1525.87551
2025-08-19T09:54:20Z	3724.00000	1556.13084	1538.99975	1525.87581
2025-08-19T09:54:20Z	3724.00000	1556.12977	1538.99882	1525.87338
2025-08-19T09:54:20Z	3724.00000	1556.12975	1538.99893	1525.87213
2025-08-19T09:54:20Z	3724.00000	1556.13170	1539.00084	1525.87304
2025-08-19T09:54:20Z	3725.00000	1556.13126	1539.00073	1525.87282
2025-08-19T09:54:20Z	3725.00000	1556.13030	1538.99911	1525.87255
2025-08-19T09:54:20Z	3725.00000	1556.13099	1538.99873	1525.87356
2025-08-19T09:54:20Z	3725.00000	1556.13003	1538.99639	1525.87283
2025-08-19T09:54:20Z	3725.00000	1556.13069	1538.99586	1525.87157
2025-08-19T09:54:21Z	3725.00000	1556.13232	1538.99642	1525.87138
2025-08-19T09:54:21Z	3725.00000	1556.13140	1538.99421	1525.86940
2025-08-19T09:54:21Z	3725.00000	1556.13293	1538.99487	1525.87029
2025-08-19T09:54:21Z	3725.00000	1556.13439	1538.99558	1525.87120
2025-08-19T09:54:21Z	3725.00000	1556.13404	1538.99473	1525.87054
2025-08-19T09:54:21Z	3726.00000	1556.13530	1538.99564	1525.87174
2025-08-19T09:54:21Z	3726.00000	1556.13603	1538.99567	1525.87253
2025-08-19T09:54:21Z	3726.00000	1556.13611	1538.99633	1525.87260
2025-08-19T09:54:21Z	3726.00000	1556.13602	1538.99681	1525.87176
2025-08-19T09:54:21Z	3726.00000	1556.13653	1538.99698	1525.87117
2025-08-19T09:54:22Z	3726.00000	1556.13653	1538.99633	1525.87014
2025-08-19T09:54:22Z	3726.00000	1556.13692	1538.99676	1525.87003
2025-08-19T09:54:22Z	3726.00000	1556.13627	1538.99570	1525.86918
2025-08-19T09:54:22Z	3726.00000	1556.13737	1538.99598	1525.86939
2025-08-19T09:54:22Z	3726.00000	1556.13803	1538.99680	1525.86987
2025-08-19T09:54:22Z	3727.00000	1556.13674	1538.99644	1525.86933
2025-08-19T09:54:22Z	3727.00000	1556.13661	1538.99648	1525.86961
2025-08-19T09:54:22Z	3727.00000	1556.13932	1538.99911	1525.87240
2025-08-19T09:54:22Z	3727.00000	1556.14471	1539.00414	1525.87730
2025-08-19T09:54:22Z	3727.00000	1556.15420	1539.01333	1525.88599
2025-08-19T09:54:23Z	3727.00000	1556.15037	1539.01002	1525.88234
2025-08-19T09:54:23Z	3727.00000	1556.15420	1539.01445	1525.88626
2025-08-19T09:54:23Z	3727.00000	1556.15082	1539.01146	1525.88327
2025-08-19T09:54:23Z	3727.00000	1556.15695	1539.01774	1525.88923
2025-08-19T09:54:23Z	3727.00000	1556.13955	1538.99965	1525.87203
2025-08-19T09:54:23Z	3728.00000	1556.10059	1538.96051	1525.83516
2025-08-19T09:54:23Z	3728.00000	1556.08569	1538.94607	1525.82072
2025-08-19T09:54:23Z	3728.00000	1556.07176	1538.93224	1525.80730
2025-08-19T09:54:23Z	3728.00000	1556.06731	1538.92713	1525.80215
2025-08-19T09:54:23Z	3728.00000	1556.07099	1538.92998	1525.80399
2025-08-19T09:54:24Z	3728.00000	1556.06558	1538.92415	1525.79756
2025-08-19T09:54:24Z	3728.00000	1556.05135	1538.91155	1525.78301
2025-08-19T09:54:24Z	3728.00000	1556.03870	1538.90051	1525.77030
2025-08-19T09:54:24Z	3728.00000	1556.03249	1538.89307	1525.76342
2025-08-19T09:54:24Z	3728.00000	1556.02962	1538.88915	1525.76014
2025-08-19T09:54:24Z	3729.00000	1556.03360	1538.89243	1525.76439
2025-08-19T09:54:24Z	3729.00000	1556.02678	1538.88768	1525.75789
2025-08-19T09:54:24Z	3729.00000	1556.02536	1538.88726	1525.75627
2025-08-19T09:54:24Z	3729.00000	1556.03801	1538.89884	1525.76901
2025-08-19T09:54:24Z	3729.00000	1556.02599	1538.88520	1525.75833
2025-08-19T09:54:25Z	3729.00000	1556.02825	1538.88622	1525.76098
2025-08-19T09:54:25Z	3729.00000	1556.03137	1538.88838	1525.76464
2025-08-19T09:54:25Z	3729.00000	1556.04087	1538.89746	1525.77537
2025-08-19T09:54:25Z	3729.00000	1556.04393	1538.90149	1525.77944
2025-08-19T09:54:25Z	3729.00000	1556.05384	1538.91193	1525.78902
2025-08-19T09:54:25Z	3730.00000	1556.04971	1538.90773	1525.78401
2025-08-19T09:54:25Z	3730.00000	1556.05210	1538.90892	1525.78529
2025-08-19T09:54:25Z	3730.00000	1556.00575	1538.86138	1525.73719
2025-08-19T09:54:25Z	3730.00000	1556.01479	1538.86889	1525.74458
2025-08-19T09:54:25Z	3730.00000	1556.02553	1538.87786	1525.75374
2025-08-19T09:54:26Z	3730.00000	1556.01834	1538.87071	1525.74694
2025-08-19T09:54:26Z	3730.00000	1556.02096	1538.87435	1525.75005
2025-08-19T09:54:26Z	3730.00000	1556.01679	1538.87127	1525.74570
2025-08-19T09:54:26Z	3730.00000	1556.01829	1538.87418	1525.74708
2025-08-19T09:54:26Z	3730.00000	1556.01642	1538.87272	1525.74450
2025-08-19T09:54:26Z	3731.00000	1556.01749	1538.87445	1525.74549
2025-08-19T09:54:26Z	3731.00000	1556.01706	1538.87463	1525.74517
2025-08-19T09:54:26Z	3731.00000	1556.01633	1538.87414	1525.74457
2025-08-19T09:54:26Z	3731.00000	1556.01543	1538.87610	1525.74424
2025-08-19T09:54:26Z	3731.00000	1556.01629	1538.87951	1525.74522
2025-08-19T09:54:27Z	3731.00000	1556.01608	1538.88053	1525.74941
2025-08-19T09:54:27Z	3731.00000	1556.01437	1538.88125	1525.75408
2025-08-19T09:54:27Z	3731.00000	1556.01409	1538.88377	1525.75621
2025-08-19T09:54:27Z	3731.00000	1556.01276	1538.88443	1525.75665
2025-08-19T09:54:27Z	3731.00000	1556.01251	1538.88550	1525.75863
2025-08-19T09:54:27Z	3732.00000	1556.01309	1538.88699	1525.76046
2025-08-19T09:54:27Z	3732.00000	1556.01381	1538.88808	1525.76215
2025-08-19T09:54:27Z	3732.00000	1556.01086	1538.88393	1525.75844
2025-08-19T09:54:27Z	3732.00000	1556.01151	1538.88312	1525.75906
2025-08-19T09:54:27Z	3732.00000	1556.01239	1538.88545	1525.76034
2025-08-19T09:54:28Z	3732.00000	1556.01030	1538.88475	1525.75798
2025-08-19T09:54:28Z	3732.00000	1556.00889	1538.88364	1525.75737
2025-08-19T09:54:28Z	3732.00000	1556.00873	1538.88263	1525.75721
2025-08-19T09:54:28Z	3732.00000	1556.01072	1538.88304	1525.75838
2025-08-19T09:54:28Z	3732.00000	1556.01175	1538.88157	1525.75805
2025-08-19T09:54:28Z	3733.00000	1556.01277	1538.87987	1525.75796
2025-08-19T09:54:28Z	3733.00000	1556.01531	1538.88187	1525.75924
2025-08-19T09:54:28Z	3733.00000	1556.01401	1538.88036	1525.75582
2025-08-19T09:54:28Z	3733.00000	1556.01440	1538.87948	1525.75554
2025-08-19T09:54:28Z	3733.00000	1556.01322	1538.87552	1525.75388
2025-08-19T09:54:29Z	3733.00000	1556.01153	1538.87280	1525.75271
2025-08-19T09:54:29Z	3733.00000	1556.01057	1538.87093	1525.75213
2025-08-19T09:54:29Z	3733.00000	1556.01162	1538.87078	1525.75312
2025-08-19T09:54:29Z	3733.00000	1556.01239	1538.87104	1525.75371
2025-08-19T09:54:29Z	3733.00000	1556.01168	1538.87161	1525.75392
2025-08-19T09:54:29Z	3734.00000	1556.01050	1538.87315	1525.75468
2025-08-19T09:54:29Z	3734.00000	1556.00708	1538.87181	1525.75088
2025-08-19T09:54:29Z	3734.00000	1556.00597	1538.87223	1525.74915
2025-08-19T09:54:29Z	3734.00000	1556.00619	1538.87281	1525.75016
2025-08-19T09:54:29Z	3734.00000	1556.00709	1538.87358	1525.75123
2025-08-19T09:54:30Z	3734.00000	1556.00830	1538.87373	1525.75235
2025-08-19T09:54:30Z	3734.00000	1556.00772	1538.87145	1525.75150
2025-08-19T09:54:30Z	3734.00000	1556.00916	1538.87171	1525.75268
2025-08-19T09:54:30Z	3734.00000	1556.00951	1538.87110	1525.75265
2025-08-19T09:54:30Z	3734.00000	1556.00845	1538.86937	1525.75086
2025-08-19T09:54:30Z	3735.00000	1556.00856	1538.86869	1525.74993
2025-08-19T09:54:30Z	3735.00000	1556.00825	1538.86740	1525.74874
2025-08-19T09:54:30Z	3735.00000	1556.01109	1538.86990	1525.75111
2025-08-19T09:54:30Z	3735.00000	1556.00973	1538.86867	1525.74927
2025-08-19T09:54:30Z	3735.00000	1556.01147	1538.87114	1525.75106
2025-08-19T09:54:31Z	3735.00000	1556.01213	1538.87341	1525.75271
2025-08-19T09:54:31Z	3735.00000	1556.00788	1538.87125	1525.75022
2025-08-19T09:54:31Z	3735.00000	1556.00674	1538.87161	1525.74932
2025-08-19T09:54:31Z	3735.00000	1556.00445	1538.87058	1525.74648
2025-08-19T09:54:31Z	3735.00000	1556.00199	1538.86916	1525.74360
2025-08-19T09:54:31Z	3736.00000	1556.00649	1538.87462	1525.74801
2025-08-19T09:54:31Z	3736.00000	1556.00357	1538.87226	1525.74515
2025-08-19T09:54:31Z	3736.00000	1556.00601	1538.87535	1525.74779
2025-08-19T09:54:31Z	3736.00000	1556.00547	1538.87513	1525.74759
2025-08-19T09:54:31Z	3736.00000	1556.00538	1538.87403	1525.74819
2025-08-19T09:54:32Z	3736.00000	1556.00604	1538.87323	1525.74922
2025-08-19T09:54:32Z	3736.00000	1556.00507	1538.87095	1525.74816
2025-08-19T09:54:32Z	3736.00000	1556.00572	1538.86974	1525.74862
2025-08-19T09:54:32Z	3736.00000	1556.00709	1538.86901	1525.74871
2025-08-19T09:54:32Z	3737.00000	1556.00881	1538.86919	1525.74953
2025-08-19T09:54:32Z	3737.00000	1556.00922	1538.86870	1525.74961
2025-08-19T09:54:32Z	3737.00000	1556.01061	1538.86912	1525.75057
2025-08-19T09:54:32Z	3737.00000	1556.01118	1538.86889	1525.74987
2025-08-19T09:54:32Z	3737.00000	1556.01250	1538.86937	1525.74940
2025-08-19T09:54:33Z	3737.00000	1556.02159	1538.87792	1525.75737
2025-08-19T09:54:33Z	3737.00000	1556.03192	1538.88777	1525.76681
2025-08-19T09:54:33Z	3737.00000	1556.02924	1538.88493	1525.76353
2025-08-19T09:54:33Z	3737.00000	1556.02176	1538.87749	1525.75546
2025-08-19T09:54:33Z	3737.00000	1556.00554	1538.86147	1525.73911
2025-08-19T09:54:33Z	3738.00000	1555.97328	1538.82926	1525.70727
2025-08-19T09:54:33Z	3738.00000	1555.95475	1538.81106	1525.68982
2025-08-19T09:54:33Z	3738.00000	1555.94431	1538.80237	1525.68143
2025-08-19T09:54:33Z	3738.00000	1555.93976	1538.79842	1525.67759
2025-08-19T09:54:34Z	3738.00000	1555.93441	1538.79303	1525.67243
2025-08-19T09:54:34Z	3738.00000	1555.93345	1538.79181	1525.67127
2025-08-19T09:54:34Z	3738.00000	1555.92679	1538.78515	1525.66478
2025-08-19T09:54:34Z	3738.00000	1555.91659	1538.77498	1525.65495
2025-08-19T09:54:34Z	3738.00000	1555.91984	1538.77848	1525.65835
2025-08-19T09:54:34Z	3739.00000	1555.91969	1538.77830	1525.65831
2025-08-19T09:54:34Z	3739.00000	1555.91721	1538.77432	1525.65462
2025-08-19T09:54:34Z	3739.00000	1555.91310	1538.77034	1525.65102
2025-08-19T09:54:35Z	3739.00000	1555.91920	1538.77704	1525.65754
2025-08-19T09:54:35Z	3739.00000	1555.94082	1538.79901	1525.67855
2025-08-19T09:54:35Z	3739.00000	1555.93468	1538.79301	1525.67287
2025-08-19T09:54:35Z	3739.00000	1555.93803	1538.79688	1525.67593
2025-08-19T09:54:35Z	3739.00000	1555.95482	1538.81416	1525.69173
2025-08-19T09:54:35Z	3740.00000	1555.88198	1538.74143	1525.62021
2025-08-19T09:54:35Z	3740.00000	1555.88474	1538.74220	1525.62074
2025-08-19T09:54:36Z	3740.00000	1555.88471	1538.74252	1525.62175
2025-08-19T09:54:36Z	3740.00000	1555.88340	1538.74235	1525.62199
2025-08-19T09:54:36Z	3740.00000	1555.88289	1538.74283	1525.62274
2025-08-19T09:54:36Z	3741.00000	1555.88241	1538.74294	1525.62304
2025-08-19T09:54:36Z	3741.00000	1555.88174	1538.74272	1525.62298
2025-08-19T09:54:37Z	3741.00000	1555.88210	1538.74296	1525.62906
2025-08-19T09:54:37Z	3741.00000	1555.87962	1538.74174	1525.63020
2025-08-19T09:54:37Z	3741.00000	1555.87826	1538.74095	1525.63065
2025-08-19T09:54:37Z	3742.00000	1555.87864	1538.74194	1525.62974
2025-08-19T09:54:37Z	3742.00000	1555.87904	1538.74292	1525.62866
2025-08-19T09:54:37Z	3742.00000	1555.87678	1538.74223	1525.62392
2025-08-19T09:54:38Z	3742.00000	1555.87636	1538.74276	1525.62241
2025-08-19T09:54:38Z	3742.00000	1555.87777	1538.74451	1525.62226
2025-08-19T09:54:38Z	3743.00000	1555.87662	1538.74366	1525.62140
2025-08-19T09:54:38Z	3743.00000	1555.87865	1538.74644	1525.62351
2025-08-19T09:54:38Z	3743.00000	1555.87910	1538.74735	1525.62344
2025-08-19T09:54:38Z	3743.00000	1555.88188	1538.74958	1525.62516
2025-08-19T09:54:38Z	3743.00000	1555.88204	1538.74838	1525.62357
2025-08-19T09:54:39Z	3743.00000	1555.88701	1538.75147	1525.62639
2025-08-19T09:54:39Z	3743.00000	1555.88825	1538.75074	1525.62636
2025-08-19T09:54:39Z	3743.00000	1555.88842	1538.74868	1525.62565
2025-08-19T09:54:39Z	3743.00000	1555.88944	1538.74860	1525.62622
2025-08-19T09:54:39Z	3743.00000	1555.88990	1538.74825	1525.62676
2025-08-19T09:54:39Z	3744.00000	1555.88943	1538.74777	1525.62686
2025-08-19T09:54:39Z	3744.00000	1555.88746	1538.74742	1525.62677
2025-08-19T09:54:39Z	3744.00000	1555.88780	1538.74868	1525.62795
2025-08-19T09:54:39Z	3744.00000	1555.88791	1538.74989	1525.62852
2025-08-19T09:54:39Z	3744.00000	1555.88857	1538.75035	1525.62908
2025-08-19T09:54:40Z	3744.00000	1555.88932	1538.75031	1525.62934
2025-08-19T09:54:40Z	3744.00000	1555.88901	1538.74987	1525.62868
2025-08-19T09:54:40Z	3744.00000	1555.89070	1538.75169	1525.62958
2025-08-19T09:54:40Z	3744.00000	1555.89833	1538.75919	1525.63700
2025-08-19T09:54:40Z	3744.00000	1555.89909	1538.75793	1525.63586
2025-08-19T09:54:40Z	3745.00000	1555.91082	1538.77004	1525.64613
2025-08-19T09:54:40Z	3745.00000	1555.90804	1538.76893	1525.64468
2025-08-19T09:54:40Z	3745.00000	1555.88504	1538.74518	1525.62148
2025-08-19T09:54:40Z	3745.00000	1555.84428	1538.70429	1525.58087
2025-08-19T09:54:40Z	3745.00000	1555.80107	1538.66073	1525.53891
2025-08-19T09:54:41Z	3745.00000	1555.78112	1538.64263	1525.52133
2025-08-19T09:54:41Z	3745.00000	1555.77387	1538.63544	1525.51520
2025-08-19T09:54:41Z	3745.00000	1555.77388	1538.63578	1525.51532
2025-08-19T09:54:41Z	3745.00000	1555.78190	1538.64409	1525.52258
2025-08-19T09:54:41Z	3745.00000	1555.77941	1538.64125	1525.51898
2025-08-19T09:54:41Z	3746.00000	1555.76105	1538.62344	1525.50123
2025-08-19T09:54:41Z	3746.00000	1555.75434	1538.61589	1525.49359
2025-08-19T09:54:41Z	3746.00000	1555.74726	1538.60937	1525.48762
2025-08-19T09:54:41Z	3746.00000	1555.74765	1538.61042	1525.48936
2025-08-19T09:54:41Z	3746.00000	1555.74267	1538.60626	1525.48559
2025-08-19T09:54:42Z	3746.00000	1555.74694	1538.61106	1525.49026
2025-08-19T09:54:42Z	3746.00000	1555.74911	1538.61305	1525.49231
2025-08-19T09:54:42Z	3746.00000	1555.74846	1538.61147	1525.49140
2025-08-19T09:54:42Z	3746.00000	1555.74532	1538.60729	1525.48778
2025-08-19T09:54:42Z	3746.00000	1555.74698	1538.60865	1525.48929
2025-08-19T09:54:42Z	3747.00000	1555.73155	1538.59389	1525.47457
2025-08-19T09:54:42Z	3747.00000	1555.74232	1538.60384	1525.48422
2025-08-19T09:54:42Z	3747.00000	1555.75053	1538.61108	1525.49131
2025-08-19T09:54:42Z	3747.00000	1555.75209	1538.61255	1525.49221
2025-08-19T09:54:42Z	3747.00000	1555.75393	1538.61451	1525.49387
2025-08-19T09:54:43Z	3747.00000	1555.75314	1538.61321	1525.49314
2025-08-19T09:54:43Z	3747.00000	1555.75114	1538.61079	1525.49134
2025-08-19T09:54:43Z	3747.00000	1555.75751	1538.61663	1525.49750
2025-08-19T09:54:43Z	3747.00000	1555.75689	1538.61584	1525.49690
2025-08-19T09:54:43Z	3747.00000	1555.75624	1538.61507	1525.49629
2025-08-19T09:54:43Z	3748.00000	1555.77621	1538.63444	1525.51523
2025-08-19T09:54:43Z	3748.00000	1555.77088	1538.62888	1525.51028
2025-08-19T09:54:43Z	3748.00000	1555.76171	1538.61711	1525.49923
2025-08-19T09:54:43Z	3748.00000	1555.76292	1538.61588	1525.49875
2025-08-19T09:54:43Z	3748.00000	1555.76685	1538.61906	1525.50158
2025-08-19T09:54:44Z	3748.00000	1555.76696	1538.61828	1525.50055
2025-08-19T09:54:44Z	3748.00000	1555.76898	1538.61842	1525.50043
2025-08-19T09:54:44Z	3748.00000	1555.77124	1538.61875	1525.50063
2025-08-19T09:54:44Z	3748.00000	1555.77208	1538.61912	1525.50065
2025-08-19T09:54:44Z	3748.00000	1555.77264	1538.61981	1525.50071
2025-08-19T09:54:44Z	3749.00000	1555.77307	1538.62063	1525.50075
2025-08-19T09:54:44Z	3749.00000	1555.77250	1538.62131	1525.50030
2025-08-19T09:54:44Z	3749.00000	1555.77178	1538.62377	1525.49955
2025-08-19T09:54:44Z	3749.00000	1555.76968	1538.62313	1525.49832
2025-08-19T09:54:44Z	3749.00000	1555.76657	1538.62042	1525.49564
2025-08-19T09:54:45Z	3749.00000	1555.76555	1538.61941	1525.49517
2025-08-19T09:54:45Z	3749.00000	1555.76468	1538.61728	1525.49580
2025-08-19T09:54:45Z	3749.00000	1555.76497	1538.61899	1525.49662
2025-08-19T09:54:45Z	3749.00000	1555.76663	1538.62072	1525.49848
2025-08-19T09:54:45Z	3749.00000	1555.76500	1538.62025	1525.49860
2025-08-19T09:54:45Z	3750.00000	1555.76373	1538.62071	1525.49912
2025-08-19T09:54:45Z	3750.00000	1555.76174	1538.62104	1525.49970
2025-08-19T09:54:45Z	3750.00000	1555.75989	1538.62097	1525.49976
2025-08-19T09:54:45Z	3750.00000	1555.76012	1538.62209	1525.50163
2025-08-19T09:54:45Z	3750.00000	1555.76030	1538.62165	1525.50193
2025-08-19T09:54:46Z	3750.00000	1555.75836	1538.61905	1525.50111
2025-08-19T09:54:46Z	3750.00000	1555.75797	1538.61818	1525.50144
2025-08-19T09:54:46Z	3750.00000	1555.75767	1538.61919	1525.50224
2025-08-19T09:54:46Z	3750.00000	1555.75414	1538.61557	1525.49853
2025-08-19T09:54:46Z	3750.00000	1555.75604	1538.61773	1525.49964
2025-08-19T09:54:46Z	3751.00000	1555.75734	1538.61973	1525.49957
2025-08-19T09:54:46Z	3751.00000	1555.75255	1538.61690	1525.49501
2025-08-19T09:54:46Z	3751.00000	1555.75385	1538.61886	1525.49778
2025-08-19T09:54:46Z	3751.00000	1555.74745	1538.61467	1525.49453
2025-08-19T09:54:46Z	3751.00000	1555.74849	1538.61711	1525.49806
2025-08-19T09:54:47Z	3751.00000	1555.74926	1538.61778	1525.49986
2025-08-19T09:54:47Z	3751.00000	1555.75302	1538.61968	1525.50235
2025-08-19T09:54:47Z	3751.00000	1555.75031	1538.61618	1525.49930
2025-08-19T09:54:47Z	3751.00000	1555.75106	1538.61728	1525.50060
2025-08-19T09:54:47Z	3751.00000	1555.75314	1538.61874	1525.50247
2025-08-19T09:54:47Z	3752.00000	1555.75235	1538.61591	1525.50058
2025-08-19T09:54:47Z	3752.00000	1555.76096	1538.62229	1525.50833
2025-08-19T09:54:47Z	3752.00000	1555.75908	1538.61957	1525.50735
2025-08-19T09:54:47Z	3752.00000	1555.75791	1538.61744	1525.50764
2025-08-19T09:54:47Z	3752.00000	1555.75785	1538.61654	1525.50801
2025-08-19T09:54:48Z	3752.00000	1555.75735	1538.61552	1525.50753
2025-08-19T09:54:48Z	3752.00000	1555.75686	1538.61766	1525.50763
2025-08-19T09:54:48Z	3752.00000	1555.75585	1538.61915	1525.50672
2025-08-19T09:54:48Z	3752.00000	1555.75530	1538.62014	1525.50538
2025-08-19T09:54:48Z	3752.00000	1555.75486	1538.62027	1525.50386
2025-08-19T09:54:48Z	3753.00000	1555.75419	1538.62043	1525.50189
2025-08-19T09:54:48Z	3753.00000	1555.75485	1538.62115	1525.50205
2025-08-19T09:54:48Z	3753.00000	1555.75475	1538.62115	1525.50268
2025-08-19T09:54:48Z	3753.00000	1555.75567	1538.62211	1525.50386
2025-08-19T09:54:48Z	3753.00000	1555.75581	1538.62217	1525.50435
2025-08-19T09:54:49Z	3753.00000	1555.75662	1538.62180	1525.50524
2025-08-19T09:54:49Z	3753.00000	1555.75994	1538.62347	1525.50751
2025-08-19T09:54:49Z	3753.00000	1555.75975	1538.62215	1525.50597
2025-08-19T09:54:49Z	3753.00000	1555.76391	1538.62515	1525.50953
2025-08-19T09:54:49Z	3753.00000	1555.75758	1538.61723	1525.50295
2025-08-19T09:54:49Z	3754.00000	1555.75999	1538.61784	1525.50453
2025-08-19T09:54:49Z	3754.00000	1555.76105	1538.61817	1525.50466
2025-08-19T09:54:49Z	3754.00000	1555.76020	1538.61711	1525.50245
2025-08-19T09:54:49Z	3754.00000	1555.76232	1538.61952	1525.50348
2025-08-19T09:54:49Z	3754.00000	1555.76767	1538.62618	1525.50733
2025-08-19T09:54:50Z	3754.00000	1555.77155	1538.63112	1525.51020
2025-08-19T09:54:50Z	3754.00000	1555.77223	1538.63088	1525.50933
2025-08-19T09:54:50Z	3754.00000	1555.77492	1538.63284	1525.51118
2025-08-19T09:54:50Z	3754.00000	1555.77594	1538.63274	1525.51153
2025-08-19T09:54:50Z	3754.00000	1555.77029	1538.62644	1525.50595
2025-08-19T09:54:50Z	3755.00000	1555.74699	1538.60250	1525.48386
2025-08-19T09:54:50Z	3755.00000	1555.71402	1538.57142	1525.45232
2025-08-19T09:54:50Z	3755.00000	1555.69358	1538.55228	1525.43241
2025-08-19T09:54:50Z	3755.00000	1555.68144	1538.54002	1525.42035
2025-08-19T09:54:50Z	3755.00000	1555.66637	1538.52519	1525.40517
2025-08-19T09:54:51Z	3755.00000	1555.66261	1538.52203	1525.40137
2025-08-19T09:54:51Z	3755.00000	1555.65813	1538.51777	1525.39680
2025-08-19T09:54:51Z	3755.00000	1555.66390	1538.52247	1525.40254
2025-08-19T09:54:51Z	3755.00000	1555.66261	1538.52055	1525.40156
2025-08-19T09:54:51Z	3755.00000	1555.66564	1538.52379	1525.40524
2025-08-19T09:54:51Z	3756.00000	1555.66526	1538.52446	1525.40483
2025-08-19T09:54:51Z	3756.00000	1555.66863	1538.52770	1525.40695
2025-08-19T09:54:51Z	3756.00000	1555.67524	1538.53392	1525.41261
2025-08-19T09:54:51Z	3756.00000	1555.67603	1538.53451	1525.41295
2025-08-19T09:54:51Z	3756.00000	1555.67678	1538.53467	1525.41291
2025-08-19T09:54:52Z	3756.00000	1555.68125	1538.53827	1525.41669
2025-08-19T09:54:52Z	3756.00000	1555.68135	1538.53715	1525.41629
2025-08-19T09:54:52Z	3756.00000	1555.68036	1538.53496	1525.41493
2025-08-19T09:54:52Z	3756.00000	1555.68313	1538.53678	1525.41744
2025-08-19T09:54:52Z	3756.00000	1555.68197	1538.53496	1525.41603
2025-08-19T09:54:52Z	3757.00000	1555.67923	1538.53151	1525.41294
2025-08-19T09:54:52Z	3757.00000	1555.68241	1538.53427	1525.41611
2025-08-19T09:54:52Z	3757.00000	1555.68428	1538.53630	1525.41788
2025-08-19T09:54:52Z	3757.00000	1555.68857	1538.54117	1525.42231
2025-08-19T09:54:52Z	3757.00000	1555.68568	1538.53971	1525.41947
2025-08-19T09:54:53Z	3757.00000	1555.68390	1538.53928	1525.41782
2025-08-19T09:54:53Z	3757.00000	1555.69206	1538.54730	1525.42566
2025-08-19T09:54:53Z	3757.00000	1555.69293	1538.54809	1525.42709
2025-08-19T09:54:53Z	3757.00000	1555.69208	1538.54711	1525.42728
2025-08-19T09:54:53Z	3757.00000	1555.69559	1538.55026	1525.43146
2025-08-19T09:54:53Z	3758.00000	1555.69310	1538.54733	1525.42942
2025-08-19T09:54:53Z	3758.00000	1555.69649	1538.55074	1525.43370
2025-08-19T09:54:53Z	3758.00000	1555.70309	1538.55696	1525.44107
2025-08-19T09:54:53Z	3758.00000	1555.70630	1538.56016	1525.44540
2025-08-19T09:54:53Z	3758.00000	1555.71365	1538.56726	1525.45296
2025-08-19T09:54:54Z	3758.00000	1555.70589	1538.55945	1525.44460
2025-08-19T09:54:54Z	3758.00000	1555.68859	1538.54222	1525.42636
2025-08-19T09:54:54Z	3758.00000	1555.68504	1538.53908	1525.42226
2025-08-19T09:54:54Z	3758.00000	1555.65285	1538.50809	1525.38984
2025-08-19T09:54:54Z	3758.00000	1555.64015	1538.49616	1525.37755
2025-08-19T09:54:54Z	3759.00000	1555.64309	1538.49900	1525.38016
2025-08-19T09:54:54Z	3759.00000	1555.64358	1538.49828	1525.37935
2025-08-19T09:54:54Z	3759.00000	1555.64333	1538.49886	1525.37976
2025-08-19T09:54:54Z	3759.00000	1555.64159	1538.49843	1525.37881
2025-08-19T09:54:54Z	3759.00000	1555.64102	1538.49798	1525.37831
2025-08-19T09:54:55Z	3759.00000	1555.63906	1538.49601	1525.37668
2025-08-19T09:54:55Z	3759.00000	1555.64111	1538.49965	1525.38051
2025-08-19T09:54:55Z	3759.00000	1555.63834	1538.49846	1525.37958
2025-08-19T09:54:55Z	3759.00000	1555.63838	1538.49916	1525.38069
2025-08-19T09:54:55Z	3759.00000	1555.63709	1538.49818	1525.37976
2025-08-19T09:54:55Z	3760.00000	1555.63720	1538.49819	1525.37968
2025-08-19T09:54:55Z	3760.00000	1555.63675	1538.49760	1525.37906
2025-08-19T09:54:55Z	3760.00000	1555.63625	1538.49647	1525.37774
2025-08-19T09:54:55Z	3760.00000	1555.63688	1538.49544	1525.37677
2025-08-19T09:54:55Z	3760.00000	1555.63779	1538.49425	1525.37540
2025-08-19T09:54:56Z	3760.00000	1555.64376	1538.49745	1525.37834
2025-08-19T09:54:56Z	3760.00000	1555.64430	1538.49626	1525.37677
2025-08-19T09:54:56Z	3760.00000	1555.64363	1538.49507	1525.37566
2025-08-19T09:54:56Z	3760.00000	1555.64428	1538.49639	1525.37706
2025-08-19T09:54:56Z	3760.00000	1555.64248	1538.49457	1525.37535
2025-08-19T09:54:56Z	3761.00000	1555.64715	1538.49908	1525.37999
2025-08-19T09:54:56Z	3761.00000	1555.64715	1538.50007	1525.38115
2025-08-19T09:54:56Z	3761.00000	1555.64444	1538.49930	1525.38053
2025-08-19T09:54:56Z	3761.00000	1555.64371	1538.49969	1525.38103
2025-08-19T09:54:56Z	3761.00000	1555.64350	1538.49994	1525.38132
2025-08-19T09:54:57Z	3761.00000	1555.64311	1538.49958	1525.38100
2025-08-19T09:54:57Z	3761.00000	1555.64358	1538.50010	1525.38147
2025-08-19T09:54:57Z	3761.00000	1555.64382	1538.50071	1525.38152
2025-08-19T09:54:57Z	3761.00000	1555.64142	1538.50015	1525.37909
2025-08-19T09:54:57Z	3761.00000	1555.63931	1538.50008	1525.37685
2025-08-19T09:54:57Z	3762.00000	1555.63646	1538.49863	1525.37395
2025-08-19T09:54:57Z	3762.00000	1555.63522	1538.49830	1525.37279
2025-08-19T09:54:57Z	3762.00000	1555.63483	1538.49840	1525.37257
2025-08-19T09:54:57Z	3762.00000	1555.63581	1538.49949	1525.37374
2025-08-19T09:54:57Z	3762.00000	1555.63467	1538.49912	1525.37290
2025-08-19T09:54:58Z	3762.00000	1555.63489	1538.50028	1525.37351
2025-08-19T09:54:58Z	3762.00000	1555.63188	1538.49796	1525.37095
2025-08-19T09:54:58Z	3762.00000	1555.63288	1538.49906	1525.37205
2025-08-19T09:54:58Z	3762.00000	1555.63098	1538.49651	1525.37025
2025-08-19T09:54:58Z	3762.00000	1555.63167	1538.49645	1525.37117
2025-08-19T09:54:58Z	3763.00000	1555.63318	1538.49724	1525.37274
2025-08-19T09:54:58Z	3763.00000	1555.63380	1538.49745	1525.37362
2025-08-19T09:54:58Z	3763.00000	1555.63817	1538.50132	1525.37819
2025-08-19T09:54:58Z	3763.00000	1555.63481	1538.49773	1525.37506
2025-08-19T09:54:58Z	3763.00000	1555.63412	1538.49693	1525.37455
2025-08-19T09:54:59Z	3763.00000	1555.63318	1538.49588	1525.37353
2025-08-19T09:54:59Z	3763.00000	1555.63385	1538.49591	1525.37411
2025-08-19T09:54:59Z	3763.00000	1555.63422	1538.49566	1525.37459
2025-08-19T09:54:59Z	3763.00000	1555.63422	1538.49506	1525.37493
2025-08-19T09:54:59Z	3763.00000	1555.63102	1538.49143	1525.37183
2025-08-19T09:54:59Z	3764.00000	1555.63221	1538.49217	1525.37315
2025-08-19T09:54:59Z	3764.00000	1555.63247	1538.49180	1525.37313
2025-08-19T09:54:59Z	3764.00000	1555.63384	1538.49238	1525.37388
2025-08-19T09:54:59Z	3764.00000	1555.63364	1538.49139	1525.37306
2025-08-19T09:54:59Z	3764.00000	1555.63084	1538.48794	1525.36970
2025-08-19T09:55:00Z	3764.00000	1555.63202	1538.48876	1525.37058
2025-08-19T09:55:00Z	3764.00000	1555.63367	1538.48955	1525.37206
2025-08-19T09:55:00Z	3764.00000	1555.63387	1538.48910	1525.37214
2025-08-19T09:55:00Z	3764.00000	1555.63328	1538.48866	1525.37115
2025-08-19T09:55:00Z	3764.00000	1555.63427	1538.49018	1525.37204
2025-08-19T09:55:00Z	3765.00000	1555.63449	1538.49121	1525.37226
2025-08-19T09:55:00Z	3765.00000	1555.63386	1538.49135	1525.37164
2025-08-19T09:55:00Z	3765.00000	1555.63453	1538.49229	1525.37206
2025-08-19T09:55:00Z	3765.00000	1555.63348	1538.49135	1525.37095
2025-08-19T09:55:00Z	3765.00000	1555.63414	1538.49220	1525.37153
2025-08-19T09:55:01Z	3765.00000	1555.63308	1538.49153	1525.37063
2025-08-19T09:55:01Z	3765.00000	1555.63378	1538.49262	1525.37225
2025-08-19T09:55:01Z	3765.00000	1555.63602	1538.49499	1525.37513
2025-08-19T09:55:01Z	3765.00000	1555.64468	1538.50328	1525.38406
2025-08-19T09:55:01Z	3765.00000	1555.64475	1538.50290	1525.38417
2025-08-19T09:55:01Z	3766.00000	1555.64350	1538.50278	1525.38400
2025-08-19T09:55:01Z	3766.00000	1555.64208	1538.50386	1525.38452
2025-08-19T09:55:01Z	3766.00000	1555.64053	1538.50434	1525.38446
2025-08-19T09:55:01Z	3766.00000	1555.63913	1538.50483	1525.38436
2025-08-19T09:55:01Z	3766.00000	1555.63810	1538.50508	1525.38411
2025-08-19T09:55:02Z	3766.00000	1555.63637	1538.50477	1525.38321
2025-08-19T09:55:02Z	3766.00000	1555.63606	1538.50549	1525.38363
2025-08-19T09:55:02Z	3766.00000	1555.63537	1538.50474	1525.38331
2025-08-19T09:55:02Z	3766.00000	1555.63515	1538.50456	1525.38316
2025-08-19T09:55:02Z	3766.00000	1555.63513	1538.50409	1525.38337
2025-08-19T09:55:02Z	3767.00000	1555.63510	1538.50329	1525.38391
2025-08-19T09:55:02Z	3767.00000	1555.63593	1538.50321	1525.38558
2025-08-19T09:55:02Z	3767.00000	1555.64048	1538.50682	1525.39033
2025-08-19T09:55:02Z	3767.00000	1555.63110	1538.49652	1525.38127
2025-08-19T09:55:02Z	3767.00000	1555.63915	1538.50389	1525.38970
2025-08-19T09:55:03Z	3767.00000	1555.64178	1538.50629	1525.39248
2025-08-19T09:55:03Z	3767.00000	1555.63972	1538.50443	1525.39058
2025-08-19T09:55:03Z	3767.00000	1555.63335	1538.49819	1525.38377
2025-08-19T09:55:03Z	3767.00000	1555.59891	1538.46346	1525.34796
2025-08-19T09:55:03Z	3767.00000	1555.55910	1538.42339	1525.30739
2025-08-19T09:55:03Z	3768.00000	1555.55088	1538.41459	1525.29817
2025-08-19T09:55:03Z	3768.00000	1555.54662	1538.41129	1525.29431
2025-08-19T09:55:03Z	3768.00000	1555.53138	1538.39837	1525.28066
2025-08-19T09:55:03Z	3768.00000	1555.53072	1538.39952	1525.28128
2025-08-19T09:55:03Z	3768.00000	1555.53356	1538.40288	1525.28505
2025-08-19T09:55:04Z	3768.00000	1555.52879	1538.39780	1525.28128
2025-08-19T09:55:04Z	3768.00000	1555.52731	1538.39534	1525.27943
2025-08-19T09:55:04Z	3768.00000	1555.53121	1538.39796	1525.28193
2025-08-19T09:55:04Z	3768.00000	1555.53983	1538.40456	1525.28835
2025-08-19T09:55:04Z	3768.00000	1555.54178	1538.40342	1525.28706
2025-08-19T09:55:04Z	3769.00000	1555.53585	1538.39534	1525.27870
2025-08-19T09:55:04Z	3769.00000	1555.54265	1538.40025	1525.28361
2025-08-19T09:55:04Z	3769.00000	1555.54721	1538.40407	1525.28720
2025-08-19T09:55:04Z	3769.00000	1555.54609	1538.40310	1525.28615
2025-08-19T09:55:04Z	3769.00000	1555.55285	1538.40975	1525.29234
2025-08-19T09:55:05Z	3769.00000	1555.54553	1538.40468	1525.28493
2025-08-19T09:55:05Z	3769.00000	1555.55159	1538.41381	1525.29209
2025-08-19T09:55:05Z	3769.00000	1555.54241	1538.40783	1525.28430
2025-08-19T09:55:05Z	3769.00000	1555.53915	1538.40540	1525.28094
2025-08-19T09:55:05Z	3769.00000	1555.51480	1538.37901	1525.25312
2025-08-19T09:55:05Z	3770.00000	1555.51834	1538.38092	1525.25459
2025-08-19T09:55:05Z	3770.00000	1555.51924	1538.38226	1525.25550
2025-08-19T09:55:05Z	3770.00000	1555.52277	1538.38470	1525.25764
2025-08-19T09:55:05Z	3770.00000	1555.52242	1538.38392	1525.25659
2025-08-19T09:55:05Z	3770.00000	1555.52468	1538.38540	1525.25782
2025-08-19T09:55:06Z	3770.00000	1555.52485	1538.38564	1525.25781
2025-08-19T09:55:06Z	3770.00000	1555.52422	1538.38443	1525.25704
2025-08-19T09:55:06Z	3770.00000	1555.52590	1538.38504	1525.25836
2025-08-19T09:55:06Z	3770.00000	1555.52529	1538.38467	1525.25885
2025-08-19T09:55:06Z	3770.00000	1555.52453	1538.38503	1525.26020
2025-08-19T09:55:06Z	3771.00000	1555.52355	1538.38586	1525.26080
2025-08-19T09:55:06Z	3771.00000	1555.52235	1538.38834	1525.26081
2025-08-19T09:55:06Z	3771.00000	1555.51757	1538.38492	1525.25773
2025-08-19T09:55:06Z	3771.00000	1555.51195	1538.38086	1525.25814
2025-08-19T09:55:06Z	3771.00000	1555.51064	1538.38026	1525.25758
2025-08-19T09:55:07Z	3771.00000	1555.50969	1538.37976	1525.26189
2025-08-19T09:55:07Z	3771.00000	1555.51211	1538.38270	1525.26488
2025-08-19T09:55:07Z	3771.00000	1555.51569	1538.38352	1525.26943
2025-08-19T09:55:07Z	3771.00000	1555.51780	1538.38540	1525.27096
2025-08-19T09:55:07Z	3771.00000	1555.51816	1538.38716	1525.27160
2025-08-19T09:55:07Z	3772.00000	1555.51638	1538.38846	1525.27149
2025-08-19T09:55:07Z	3772.00000	1555.51569	1538.38646	1525.27103
2025-08-19T09:55:07Z	3772.00000	1555.51692	1538.38511	1525.27075
2025-08-19T09:55:07Z	3772.00000	1555.51837	1538.38680	1525.27083
2025-08-19T09:55:07Z	3772.00000	1555.51972	1538.38781	1525.27028
2025-08-19T09:55:08Z	3772.00000	1555.52105	1538.38764	1525.27086
2025-08-19T09:55:08Z	3772.00000	1555.52197	1538.38689	1525.27098
2025-08-19T09:55:08Z	3772.00000	1555.52262	1538.38693	1525.27123
2025-08-19T09:55:08Z	3772.00000	1555.52206	1538.38578	1525.27115
2025-08-19T09:55:08Z	3772.00000	1555.52180	1538.38572	1525.27103
2025-08-19T09:55:08Z	3773.00000	1555.52179	1538.38612	1525.27468
2025-08-19T09:55:08Z	3773.00000	1555.52166	1538.38660	1525.27691
2025-08-19T09:55:08Z	3773.00000	1555.52068	1538.38688	1525.27760
2025-08-19T09:55:08Z	3773.00000	1555.51850	1538.38545	1525.27665
2025-08-19T09:55:08Z	3773.00000	1555.51827	1538.38533	1525.27557
2025-08-19T09:55:09Z	3773.00000	1555.51712	1538.38572	1525.27514
2025-08-19T09:55:09Z	3773.00000	1555.51680	1538.38710	1525.27610
2025-08-19T09:55:09Z	3773.00000	1555.51481	1538.38701	1525.27399
2025-08-19T09:55:09Z	3773.00000	1555.51347	1538.38714	1525.27272
2025-08-19T09:55:09Z	3773.00000	1555.51218	1538.38621	1525.27216
2025-08-19T09:55:09Z	3774.00000	1555.51238	1538.38609	1525.27313
2025-08-19T09:55:09Z	3774.00000	1555.51204	1538.38520	1525.27326
2025-08-19T09:55:09Z	3774.00000	1555.51084	1538.38410	1525.27305
2025-08-19T09:55:09Z	3774.00000	1555.50904	1538.38304	1525.27278
2025-08-19T09:55:09Z	3774.00000	1555.50786	1538.38234	1525.27250
2025-08-19T09:55:10Z	3774.00000	1555.50647	1538.38150	1525.27131
2025-08-19T09:55:10Z	3774.00000	1555.50589	1538.38009	1525.27041
2025-08-19T09:55:10Z	3774.00000	1555.50644	1538.37993	1525.27077
2025-08-19T09:55:10Z	3774.00000	1555.51458	1538.38725	1525.27830
2025-08-19T09:55:10Z	3774.00000	1555.51113	1538.38341	1525.27368
2025-08-19T09:55:10Z	3775.00000	1555.50916	1538.38072	1525.26955
2025-08-19T09:55:10Z	3775.00000	1555.50821	1538.37838	1525.26658
2025-08-19T09:55:10Z	3775.00000	1555.50767	1538.37673	1525.26412
2025-08-19T09:55:10Z	3775.00000	1555.50835	1538.37638	1525.26350
2025-08-19T09:55:10Z	3775.00000	1555.50837	1538.37564	1525.26276
2025-08-19T09:55:11Z	3775.00000	1555.51127	1538.37769	1525.26487
2025-08-19T09:55:11Z	3775.00000	1555.51207	1538.37780	1525.26460
2025-08-19T09:55:11Z	3775.00000	1555.51221	1538.37687	1525.26319
2025-08-19T09:55:11Z	3775.00000	1555.51154	1538.37505	1525.26102
2025-08-19T09:55:11Z	3775.00000	1555.51059	1538.37312	1525.25860
2025-08-19T09:55:11Z	3776.00000	1555.51039	1538.37270	1525.25761
2025-08-19T09:55:11Z	3776.00000	1555.51126	1538.37344	1525.25777
2025-08-19T09:55:11Z	3776.00000	1555.51202	1538.37425	1525.25790
2025-08-19T09:55:11Z	3776.00000	1555.51245	1538.37463	1525.25756
2025-08-19T09:55:11Z	3776.00000	1555.51243	1538.37448	1525.25698
2025-08-19T09:55:12Z	3776.00000	1555.51013	1538.37209	1525.25407
2025-08-19T09:55:12Z	3776.00000	1555.50926	1538.37117	1525.25275
2025-08-19T09:55:12Z	3776.00000	1555.51291	1538.37460	1525.25593
2025-08-19T09:55:12Z	3776.00000	1555.51234	1538.37382	1525.25468
2025-08-19T09:55:12Z	3776.00000	1555.51359	1538.37456	1525.25536
2025-08-19T09:55:12Z	3777.00000	1555.51160	1538.37249	1525.25317
2025-08-19T09:55:12Z	3777.00000	1555.51382	1538.37461	1525.25555
2025-08-19T09:55:12Z	3777.00000	1555.51412	1538.37497	1525.25587
2025-08-19T09:55:12Z	3777.00000	1555.51402	1538.37498	1525.25578
2025-08-19T09:55:12Z	3777.00000	1555.51231	1538.37347	1525.25435
2025-08-19T09:55:13Z	3777.00000	1555.51273	1538.37416	1525.25540
2025-08-19T09:55:13Z	3777.00000	1555.51248	1538.37429	1525.25585
2025-08-19T09:55:13Z	3777.00000	1555.51010	1538.37254	1525.25441
2025-08-19T09:55:13Z	3777.00000	1555.51015	1538.37323	1525.25559
2025-08-19T09:55:13Z	3777.00000	1555.50897	1538.37290	1525.25579
2025-08-19T09:55:13Z	3778.00000	1555.50885	1538.37343	1525.25676
2025-08-19T09:55:13Z	3778.00000	1555.50956	1538.37476	1525.25831
2025-08-19T09:55:13Z	3778.00000	1555.50609	1538.37182	1525.25517
2025-08-19T09:55:13Z	3778.00000	1555.50791	1538.37422	1525.25712
2025-08-19T09:55:13Z	3778.00000	1555.50725	1538.37450	1525.25691
2025-08-19T09:55:14Z	3778.00000	1555.50787	1538.37607	1525.25806
2025-08-19T09:55:14Z	3778.00000	1555.50869	1538.37746	1525.25930
2025-08-19T09:55:14Z	3778.00000	1555.51809	1538.38712	1525.26919
2025-08-19T09:55:14Z	3778.00000	1555.51602	1538.38514	1525.26755
2025-08-19T09:55:14Z	3778.00000	1555.51635	1538.38504	1525.26803
2025-08-19T09:55:14Z	3779.00000	1555.51607	1538.38443	1525.26777
2025-08-19T09:55:14Z	3779.00000	1555.51647	1538.38450	1525.26815
2025-08-19T09:55:14Z	3779.00000	1555.51636	1538.38422	1525.26795
2025-08-19T09:55:14Z	3779.00000	1555.51656	1538.38427	1525.26789
2025-08-19T09:55:14Z	3779.00000	1555.51644	1538.38407	1525.26767
2025-08-19T09:55:15Z	3779.00000	1555.51659	1538.38414	1525.26777
2025-08-19T09:55:15Z	3779.00000	1555.51708	1538.38438	1525.26765
2025-08-19T09:55:15Z	3779.00000	1555.51857	1538.38444	1525.26746
2025-08-19T09:55:15Z	3779.00000	1555.52014	1538.38389	1525.26668
2025-08-19T09:55:15Z	3779.00000	1555.52136	1538.38376	1525.26640
2025-08-19T09:55:15Z	3780.00000	1555.52278	1538.38439	1525.26688
2025-08-19T09:55:15Z	3780.00000	1555.52365	1538.38392	1525.26623
2025-08-19T09:55:15Z	3780.00000	1555.53980	1538.39702	1525.27946
2025-08-19T09:55:15Z	3780.00000	1555.54440	1538.40131	1525.28377
2025-08-19T09:55:15Z	3780.00000	1555.53930	1538.39660	1525.27880
2025-08-19T09:55:16Z	3780.00000	1555.49392	1538.35449	1525.23353
2025-08-19T09:55:16Z	3780.00000	1555.46416	1538.32596	1525.20271
2025-08-19T09:55:16Z	3780.00000	1555.45723	1538.32062	1525.19665
2025-08-19T09:55:16Z	3780.00000	1555.43872	1538.30507	1525.18035
2025-08-19T09:55:16Z	3780.00000	1555.41267	1538.28245	1525.15680
2025-08-19T09:55:16Z	3781.00000	1555.40330	1538.27577	1525.14899
2025-08-19T09:55:16Z	3781.00000	1555.40559	1538.27976	1525.15219
2025-08-19T09:55:16Z	3781.00000	1555.40965	1538.28551	1525.15704
2025-08-19T09:55:16Z	3781.00000	1555.41370	1538.29032	1525.16139
2025-08-19T09:55:16Z	3781.00000	1555.41100	1538.28805	1525.15932
2025-08-19T09:55:17Z	3781.00000	1555.41205	1538.28930	1525.16100
2025-08-19T09:55:17Z	3781.00000	1555.41084	1538.28805	1525.16030
2025-08-19T09:55:17Z	3781.00000	1555.39423	1538.27124	1525.14460
2025-08-19T09:55:17Z	3781.00000	1555.39371	1538.27052	1525.14448
2025-08-19T09:55:17Z	3781.00000	1555.39760	1538.27429	1525.14912
2025-08-19T09:55:17Z	3782.00000	1555.40143	1538.27797	1525.15396
2025-08-19T09:55:17Z	3782.00000	1555.39368	1538.26998	1525.14746
2025-08-19T09:55:17Z	3782.00000	1555.38937	1538.26556	1525.14399
2025-08-19T09:55:17Z	3782.00000	1555.39010	1538.26633	1525.14496
2025-08-19T09:55:17Z	3782.00000	1555.39229	1538.26880	1525.14644
2025-08-19T09:55:18Z	3782.00000	1555.39196	1538.26828	1525.14547
2025-08-19T09:55:18Z	3782.00000	1555.39292	1538.26829	1525.14579
2025-08-19T09:55:18Z	3782.00000	1555.39258	1538.26723	1525.14505
2025-08-19T09:55:18Z	3782.00000	1555.39283	1538.26677	1525.14482
2025-08-19T09:55:18Z	3782.00000	1555.39327	1538.26674	1525.14484
2025-08-19T09:55:18Z	3783.00000	1555.39364	1538.26664	1525.14472
2025-08-19T09:55:18Z	3783.00000	1555.39428	1538.26664	1525.14494
2025-08-19T09:55:18Z	3783.00000	1555.39441	1538.26572	1525.14489
2025-08-19T09:55:18Z	3783.00000	1555.38709	1538.26360	1525.13796
2025-08-19T09:55:18Z	3783.00000	1555.38332	1538.26177	1525.13463
2025-08-19T09:55:19Z	3783.00000	1555.38257	1538.26337	1525.13424
2025-08-19T09:55:19Z	3783.00000	1555.38316	1538.26542	1525.13712
2025-08-19T09:55:19Z	3783.00000	1555.38279	1538.26576	1525.13973
2025-08-19T09:55:19Z	3783.00000	1555.39111	1538.27393	1525.14883
2025-08-19T09:55:19Z	3783.00000	1555.39722	1538.28002	1525.15549
2025-08-19T09:55:19Z	3784.00000	1555.39442	1538.27565	1525.15098
2025-08-19T09:55:19Z	3784.00000	1555.38853	1538.26952	1525.14505
2025-08-19T09:55:19Z	3784.00000	1555.38813	1538.26874	1525.14552
2025-08-19T09:55:19Z	3784.00000	1555.38983	1538.26668	1525.14548
2025-08-19T09:55:19Z	3784.00000	1555.39341	1538.26653	1525.14555
2025-08-19T09:55:20Z	3784.00000	1555.39680	1538.26605	1525.14558
2025-08-19T09:55:20Z	3784.00000	1555.39859	1538.26724	1525.14481
2025-08-19T09:55:20Z	3784.00000	1555.39912	1538.26543	1525.14368
2025-08-19T09:55:20Z	3784.00000	1555.39990	1538.26415	1525.14371
2025-08-19T09:55:20Z	3784.00000	1555.39940	1538.26255	1525.14387
2025-08-19T09:55:20Z	3785.00000	1555.40004	1538.26244	1525.14427
2025-08-19T09:55:20Z	3785.00000	1555.39992	1538.26396	1525.14434
2025-08-19T09:55:20Z	3785.00000	1555.39965	1538.26524	1525.14449
2025-08-19T09:55:20Z	3785.00000	1555.39938	1538.26525	1525.14429
2025-08-19T09:55:20Z	3785.00000	1555.39946	1538.26308	1525.14370
2025-08-19T09:55:21Z	3785.00000	1555.39925	1538.26005	1525.14285
2025-08-19T09:55:21Z	3785.00000	1555.39850	1538.25836	1525.14228
2025-08-19T09:55:21Z	3785.00000	1555.39749	1538.25690	1525.14166
2025-08-19T09:55:21Z	3785.00000	1555.39845	1538.25611	1525.14206
2025-08-19T09:55:21Z	3785.00000	1555.40013	1538.25572	1525.14270
2025-08-19T09:55:21Z	3786.00000	1555.40173	1538.25547	1525.14330
2025-08-19T09:55:21Z	3786.00000	1555.40209	1538.25524	1525.14331
2025-08-19T09:55:21Z	3786.00000	1555.39990	1538.25682	1525.14276
2025-08-19T09:55:21Z	3786.00000	1555.39858	1538.25730	1525.14231
2025-08-19T09:55:22Z	3786.00000	1555.39788	1538.25774	1525.14239
2025-08-19T09:55:22Z	3786.00000	1555.39790	1538.25833	1525.14207
2025-08-19T09:55:22Z	3786.00000	1555.40034	1538.26184	1525.14357
2025-08-19T09:55:22Z	3786.00000	1555.39893	1538.26210	1525.14042
2025-08-19T09:55:22Z	3787.00000	1555.40041	1538.26431	1525.13965
2025-08-19T09:55:22Z	3787.00000	1555.39800	1538.26306	1525.13692
2025-08-19T09:55:22Z	3787.00000	1555.39626	1538.26191	1525.13545
2025-08-19T09:55:23Z	3787.00000	1555.39770	1538.26300	1525.13707
2025-08-19T09:55:23Z	3787.00000	1555.39664	1538.26135	1525.13684
2025-08-19T09:55:23Z	3787.00000	1555.39428	1538.25975	1525.13723
2025-08-19T09:55:23Z	3787.00000	1555.39041	1538.25851	1525.13728
2025-08-19T09:55:23Z	3788.00000	1555.39085	1538.25999	1525.13918
2025-08-19T09:55:23Z	3788.00000	1555.39323	1538.26283	1525.14260
2025-08-19T09:55:23Z	3788.00000	1555.38988	1538.26036	1525.14090
2025-08-19T09:55:23Z	3788.00000	1555.39051	1538.26188	1525.14249
2025-08-19T09:55:24Z	3788.00000	1555.39055	1538.26290	1525.14348
2025-08-19T09:55:24Z	3788.00000	1555.39357	1538.26526	1525.14510
2025-08-19T09:55:24Z	3788.00000	1555.40413	1538.27722	1525.15636
2025-08-19T09:55:24Z	3789.00000	1555.40276	1538.27545	1525.15540
2025-08-19T09:55:24Z	3789.00000	1555.40232	1538.27456	1525.15471
2025-08-19T09:55:24Z	3789.00000	1555.40252	1538.27411	1525.15450
2025-08-19T09:55:24Z	3789.00000	1555.40244	1538.27358	1525.15418
2025-08-19T09:55:25Z	3789.00000	1555.40194	1538.27309	1525.15331
2025-08-19T09:55:25Z	3789.00000	1555.40189	1538.27316	1525.15317
2025-08-19T09:55:25Z	3789.00000	1555.39957	1538.27135	1525.15212
2025-08-19T09:55:25Z	3790.00000	1555.39396	1538.26614	1525.14812
2025-08-19T09:55:25Z	3790.00000	1555.39138	1538.26155	1525.14457
2025-08-19T09:55:25Z	3790.00000	1555.38927	1538.25679	1525.14133
2025-08-19T09:55:26Z	3790.00000	1555.39070	1538.25625	1525.14126
2025-08-19T09:55:26Z	3790.00000	1555.39153	1538.25705	1525.14056
2025-08-19T09:55:26Z	3790.00000	1555.39376	1538.25903	1525.14204
2025-08-19T09:55:26Z	3791.00000	1555.39157	1538.25651	1525.13947
2025-08-19T09:55:26Z	3791.00000	1555.40462	1538.26968	1525.15285
2025-08-19T09:55:26Z	3791.00000	1555.40204	1538.26848	1525.15243
2025-08-19T09:55:27Z	3791.00000	1555.39971	1538.26672	1525.15143
2025-08-19T09:55:27Z	3791.00000	1555.39975	1538.26656	1525.15143
2025-08-19T09:55:27Z	3792.00000	1555.39637	1538.26291	1525.14704
2025-08-19T09:55:27Z	3792.00000	1555.38841	1538.25519	1525.13869
2025-08-19T09:55:27Z	3792.00000	1555.38799	1538.25501	1525.13799
2025-08-19T09:55:28Z	3792.00000	1555.38772	1538.25506	1525.13759
2025-08-19T09:55:28Z	3792.00000	1555.38722	1538.25465	1525.13699
2025-08-19T09:55:28Z	3792.00000	1555.38576	1538.25338	1525.13553
2025-08-19T09:55:28Z	3792.00000	1555.38818	1538.25589	1525.13785
2025-08-19T09:55:28Z	3793.00000	1555.38432	1538.25205	1525.13404
2025-08-19T09:55:28Z	3793.00000	1555.38519	1538.25289	1525.13488
2025-08-19T09:55:28Z	3793.00000	1555.38571	1538.25336	1525.13532
2025-08-19T09:55:28Z	3793.00000	1555.38678	1538.25436	1525.13617
2025-08-19T09:55:28Z	3793.00000	1555.38557	1538.25303	1525.13480
2025-08-19T09:55:29Z	3793.00000	1555.38609	1538.25342	1525.13507
2025-08-19T09:55:29Z	3793.00000	1555.38681	1538.25415	1525.13553
2025-08-19T09:55:29Z	3793.00000	1555.40170	1538.26896	1525.14953
2025-08-19T09:55:29Z	3793.00000	1555.40216	1538.26929	1525.14954
2025-08-19T09:55:29Z	3793.00000	1555.40223	1538.26929	1525.14933
2025-08-19T09:55:29Z	3794.00000	1555.40341	1538.27025	1525.14983
2025-08-19T09:55:29Z	3794.00000	1555.40401	1538.27064	1525.15008
2025-08-19T09:55:29Z	3794.00000	1555.40465	1538.27068	1525.15000
2025-08-19T09:55:29Z	3794.00000	1555.40567	1538.27059	1525.14990
2025-08-19T09:55:29Z	3794.00000	1555.40662	1538.27059	1525.14996
2025-08-19T09:55:30Z	3794.00000	1555.40756	1538.27083	1525.15040
2025-08-19T09:55:30Z	3794.00000	1555.40809	1538.27049	1525.15031
2025-08-19T09:55:30Z	3794.00000	1555.40861	1538.27020	1525.15031
2025-08-19T09:55:30Z	3794.00000	1555.40934	1538.27030	1525.15070
2025-08-19T09:55:30Z	3794.00000	1555.41085	1538.27186	1525.15207
2025-08-19T09:55:30Z	3795.00000	1555.42128	1538.28343	1525.16277
2025-08-19T09:55:30Z	3795.00000	1555.42939	1538.29291	1525.17168
2025-08-19T09:55:30Z	3795.00000	1555.40528	1538.27033	1525.14939
2025-08-19T09:55:30Z	3795.00000	1555.35878	1538.22556	1525.10598
2025-08-19T09:55:30Z	3795.00000	1555.34702	1538.21544	1525.09562
2025-08-19T09:55:31Z	3795.00000	1555.34319	1538.21293	1525.09245
2025-08-19T09:55:31Z	3795.00000	1555.30517	1538.17744	1525.05631
2025-08-19T09:55:31Z	3795.00000	1555.28982	1538.16358	1525.04168
2025-08-19T09:55:31Z	3795.00000	1555.28718	1538.16224	1525.03976
2025-08-19T09:55:31Z	3795.00000	1555.29099	1538.16651	1525.04416
2025-08-19T09:55:31Z	3796.00000	1555.29621	1538.17177	1525.04965
2025-08-19T09:55:31Z	3796.00000	1555.29838	1538.17424	1525.05200
2025-08-19T09:55:31Z	3796.00000	1555.25728	1538.13283	1525.01116
2025-08-19T09:55:31Z	3796.00000	1555.27209	1538.14608	1525.02514
2025-08-19T09:55:31Z	3796.00000	1555.27257	1538.14445	1525.02465
2025-08-19T09:55:32Z	3796.00000	1555.27130	1538.14172	1525.02317
2025-08-19T09:55:32Z	3796.00000	1555.27271	1538.14238	1525.02562
2025-08-19T09:55:32Z	3796.00000	1555.27306	1538.14129	1525.02588
2025-08-19T09:55:32Z	3796.00000	1555.27410	1538.14132	1525.02728
2025-08-19T09:55:32Z	3796.00000	1555.27442	1538.14216	1525.02908
2025-08-19T09:55:32Z	3797.00000	1555.27302	1538.14134	1525.02890
2025-08-19T09:55:32Z	3797.00000	1555.27250	1538.14161	1525.02935
2025-08-19T09:55:32Z	3797.00000	1555.27303	1538.14310	1525.03011
2025-08-19T09:55:32Z	3797.00000	1555.27352	1538.14391	1525.03013
2025-08-19T09:55:32Z	3797.00000	1555.27639	1538.14553	1525.03124
2025-08-19T09:55:33Z	3797.00000	1555.27420	1538.14573	1525.02809
2025-08-19T09:55:33Z	3797.00000	1555.27436	1538.14575	1525.02915
2025-08-19T09:55:33Z	3797.00000	1555.27332	1538.14447	1525.03189
2025-08-19T09:55:33Z	3797.00000	1555.27389	1538.14487	1525.03402
2025-08-19T09:55:33Z	3797.00000	1555.27459	1538.14429	1525.03557
2025-08-19T09:55:33Z	3798.00000	1555.27446	1538.14131	1525.03580
2025-08-19T09:55:33Z	3798.00000	1555.27599	1538.14127	1525.03622
2025-08-19T09:55:33Z	3798.00000	1555.27651	1538.14355	1525.03581
2025-08-19T09:55:33Z	3798.00000	1555.27666	1538.14548	1525.03535
2025-08-19T09:55:33Z	3798.00000	1555.27624	1538.14630	1525.03343
2025-08-19T09:55:34Z	3798.00000	1555.27708	1538.14756	1525.03185
2025-08-19T09:55:34Z	3798.00000	1555.27730	1538.14723	1525.02895
2025-08-19T09:55:34Z	3798.00000	1555.27772	1538.14784	1525.02723
2025-08-19T09:55:34Z	3798.00000	1555.27676	1538.14800	1525.02462
2025-08-19T09:55:34Z	3798.00000	1555.27511	1538.14594	1525.02163
2025-08-19T09:55:34Z	3799.00000	1555.27692	1538.14643	1525.02246
2025-08-19T09:55:34Z	3799.00000	1555.27771	1538.14645	1525.02271
2025-08-19T09:55:34Z	3799.00000	1555.27836	1538.14650	1525.02296
2025-08-19T09:55:34Z	3799.00000	1555.27799	1538.14617	1525.02250
2025-08-19T09:55:34Z	3799.00000	1555.27750	1538.14608	1525.02242
2025-08-19T09:55:35Z	3799.00000	1555.27668	1538.14503	1525.02213
2025-08-19T09:55:35Z	3799.00000	1555.27736	1538.14478	1525.02340
2025-08-19T09:55:35Z	3799.00000	1555.27773	1538.14417	1525.02405
2025-08-19T09:55:35Z	3799.00000	1555.27896	1538.14449	1525.02570
2025-08-19T09:55:35Z	3799.00000	1555.27790	1538.14257	1525.02512
2025-08-19T09:55:35Z	3800.00000	1555.27771	1538.14202	1525.02560
2025-08-19T09:55:35Z	3800.00000	1555.27442	1538.13869	1525.02293
2025-08-19T09:55:35Z	3800.00000	1555.27854	1538.14280	1525.02804
2025-08-19T09:55:35Z	3800.00000	1555.27851	1538.14265	1525.02848
2025-08-19T09:55:35Z	3800.00000	1555.27847	1538.14290	1525.02845
2025-08-19T09:55:36Z	3800.00000	1555.27493	1538.13960	1525.02463
2025-08-19T09:55:36Z	3800.00000	1555.27686	1538.14168	1525.02681
2025-08-19T09:55:36Z	3800.00000	1555.28454	1538.14931	1525.03510
2025-08-19T09:55:36Z	3800.00000	1555.29011	1538.15419	1525.04101
2025-08-19T09:55:36Z	3800.00000	1555.29041	1538.15370	1525.04130
2025-08-19T09:55:36Z	3801.00000	1555.29091	1538.15393	1525.04068
2025-08-19T09:55:36Z	3801.00000	1555.29118	1538.15391	1525.03954
2025-08-19T09:55:36Z	3801.00000	1555.29148	1538.15379	1525.03958
2025-08-19T09:55:36Z	3801.00000	1555.29135	1538.15330	1525.03972
2025-08-19T09:55:36Z	3801.00000	1555.29122	1538.15309	1525.03967
2025-08-19T09:55:37Z	3801.00000	1555.29104	1538.15287	1525.03890
2025-08-19T09:55:37Z	3801.00000	1555.29114	1538.15322	1525.03838
2025-08-19T09:55:37Z	3801.00000	1555.29128	1538.15362	1525.03826
2025-08-19T09:55:37Z	3801.00000	1555.29132	1538.15410	1525.03862
2025-08-19T09:55:37Z	3801.00000	1555.29108	1538.15396	1525.03900
2025-08-19T09:55:37Z	3802.00000	1555.29010	1538.15296	1525.03829
2025-08-19T09:55:37Z	3802.00000	1555.28696	1538.14988	1525.03462
2025-08-19T09:55:37Z	3802.00000	1555.30175	1538.16453	1525.04844
2025-08-19T09:55:37Z	3802.00000	1555.30335	1538.16603	1525.04934
2025-08-19T09:55:37Z	3802.00000	1555.30793	1538.17049	1525.05322
2025-08-19T09:55:38Z	3802.00000	1555.31043	1538.17339	1525.05565
2025-08-19T09:55:38Z	3802.00000	1555.26622	1538.13316	1525.01185
2025-08-19T09:55:38Z	3802.00000	1555.24749	1538.11664	1524.99346
2025-08-19T09:55:38Z	3802.00000	1555.24880	1538.11926	1524.99467
2025-08-19T09:55:38Z	3802.00000	1555.23292	1538.10437	1524.97895
2025-08-19T09:55:38Z	3803.00000	1555.21199	1538.08340	1524.95844
2025-08-19T09:55:38Z	3803.00000	1555.21186	1538.08400	1524.95816
2025-08-19T09:55:38Z	3803.00000	1555.21081	1538.08345	1524.95702
2025-08-19T09:55:38Z	3803.00000	1555.20722	1538.07967	1524.95344
2025-08-19T09:55:38Z	3803.00000	1555.20567	1538.07776	1524.95172
2025-08-19T09:55:39Z	3803.00000	1555.20648	1538.07811	1524.95207
2025-08-19T09:55:39Z	3803.00000	1555.20591	1538.07787	1524.95141
2025-08-19T09:55:39Z	3803.00000	1555.20766	1538.07882	1524.95275
2025-08-19T09:55:39Z	3803.00000	1555.20644	1538.07529	1524.95118
2025-08-19T09:55:39Z	3803.00000	1555.20777	1538.07518	1524.95226
2025-08-19T09:55:39Z	3804.00000	1555.20552	1538.07235	1524.95021
2025-08-19T09:55:39Z	3804.00000	1555.20702	1538.07330	1524.95196
2025-08-19T09:55:39Z	3804.00000	1555.20558	1538.07127	1524.95082
2025-08-19T09:55:39Z	3804.00000	1555.20569	1538.07093	1524.95139
2025-08-19T09:55:39Z	3804.00000	1555.20614	1538.07116	1524.95231
2025-08-19T09:55:40Z	3804.00000	1555.20548	1538.06980	1524.95170
2025-08-19T09:55:40Z	3804.00000	1555.20602	1538.06977	1524.95208
2025-08-19T09:55:40Z	3804.00000	1555.20604	1538.06968	1524.95193
2025-08-19T09:55:40Z	3804.00000	1555.20620	1538.06964	1524.95170
2025-08-19T09:55:40Z	3804.00000	1555.20695	1538.07025	1524.95196
2025-08-19T09:55:40Z	3805.00000	1555.20695	1538.07016	1524.95176
2025-08-19T09:55:40Z	3805.00000	1555.20616	1538.07021	1524.95199
2025-08-19T09:55:40Z	3805.00000	1555.20162	1538.07097	1524.95627
2025-08-19T09:55:40Z	3805.00000	1555.20721	1538.08118	1524.96733
2025-08-19T09:55:40Z	3805.00000	1555.19810	1538.07426	1524.95653
2025-08-19T09:55:41Z	3805.00000	1555.20164	1538.08009	1524.96162
2025-08-19T09:55:41Z	3805.00000	1555.19754	1538.07395	1524.96202
2025-08-19T09:55:41Z	3805.00000	1555.19784	1538.07547	1524.96520
2025-08-19T09:55:41Z	3805.00000	1555.19790	1538.07868	1524.96694
2025-08-19T09:55:41Z	3805.00000	1555.19528	1538.07936	1524.96784
2025-08-19T09:55:41Z	3806.00000	1555.19697	1538.08272	1524.97399
2025-08-19T09:55:41Z	3806.00000	1555.19658	1538.08373	1524.98171
2025-08-19T09:55:41Z	3806.00000	1555.19597	1538.08392	1524.98580
2025-08-19T09:55:41Z	3806.00000	1555.19756	1538.08312	1524.98951
2025-08-19T09:55:41Z	3806.00000	1555.19583	1538.07833	1524.98504
2025-08-19T09:55:42Z	3806.00000	1555.19622	1538.07584	1524.98065
2025-08-19T09:55:42Z	3806.00000	1555.19566	1538.07507	1524.97636
2025-08-19T09:55:42Z	3806.00000	1555.19552	1538.07473	1524.97215
2025-08-19T09:55:42Z	3806.00000	1555.19519	1538.07346	1524.97046
2025-08-19T09:55:42Z	3806.00000	1555.19479	1538.07133	1524.96824
2025-08-19T09:55:42Z	3807.00000	1555.19583	1538.07100	1524.96864
2025-08-19T09:55:42Z	3807.00000	1555.19586	1538.06975	1524.96764
2025-08-19T09:55:42Z	3807.00000	1555.19576	1538.06876	1524.96518
2025-08-19T09:55:42Z	3807.00000	1555.19592	1538.06840	1524.96407
2025-08-19T09:55:42Z	3807.00000	1555.19595	1538.06773	1524.96268
2025-08-19T09:55:43Z	3807.00000	1555.19633	1538.06764	1524.96154
2025-08-19T09:55:43Z	3807.00000	1555.19608	1538.06695	1524.95973
2025-08-19T09:55:43Z	3807.00000	1555.19587	1538.06631	1524.95832
2025-08-19T09:55:43Z	3807.00000	1555.19781	1538.06768	1524.95888
2025-08-19T09:55:43Z	3807.00000	1555.19742	1538.06692	1524.95773
2025-08-19T09:55:43Z	3808.00000	1555.19715	1538.06642	1524.95725
2025-08-19T09:55:43Z	3808.00000	1555.19739	1538.06666	1524.95815
2025-08-19T09:55:43Z	3808.00000	1555.19793	1538.06718	1524.95912
2025-08-19T09:55:43Z	3808.00000	1555.19774	1538.06700	1524.95818
2025-08-19T09:55:43Z	3808.00000	1555.19795	1538.06710	1524.95725
2025-08-19T09:55:44Z	3808.00000	1555.19816	1538.06736	1524.95666
2025-08-19T09:55:44Z	3808.00000	1555.19840	1538.06763	1524.95625
2025-08-19T09:55:44Z	3808.00000	1555.19853	1538.06782	1524.95593
2025-08-19T09:55:44Z	3808.00000	1555.19849	1538.06774	1524.95556
2025-08-19T09:55:44Z	3808.00000	1555.19863	1538.06788	1524.95540
2025-08-19T09:55:44Z	3809.00000	1555.19860	1538.06792	1524.95523
2025-08-19T09:55:44Z	3809.00000	1555.19843	1538.06786	1524.95510
2025-08-19T09:55:44Z	3809.00000	1555.19837	1538.06780	1524.95590
2025-08-19T09:55:44Z	3809.00000	1555.19866	1538.06800	1524.95778
2025-08-19T09:55:44Z	3809.00000	1555.19831	1538.06758	1524.95937
2025-08-19T09:55:45Z	3809.00000	1555.19864	1538.06813	1524.96171
2025-08-19T09:55:45Z	3809.00000	1555.19981	1538.06974	1524.96418
2025-08-19T09:55:45Z	3809.00000	1555.19971	1538.07037	1524.96538
2025-08-19T09:55:45Z	3809.00000	1555.19911	1538.07001	1524.96469
2025-08-19T09:55:45Z	3809.00000	1555.20007	1538.07096	1524.96472
2025-08-19T09:55:45Z	3810.00000	1555.19941	1538.06974	1524.96285
2025-08-19T09:55:45Z	3810.00000	1555.20025	1538.06991	1524.96182
2025-08-19T09:55:45Z	3810.00000	1555.20035	1538.07000	1524.96008
2025-08-19T09:55:45Z	3810.00000	1555.20068	1538.07069	1524.95805
2025-08-19T09:55:45Z	3810.00000	1555.20013	1538.07064	1524.95577
2025-08-19T09:55:46Z	3810.00000	1555.19975	1538.07069	1524.95379
2025-08-19T09:55:46Z	3810.00000	1555.20259	1538.07370	1524.95555
2025-08-19T09:55:46Z	3810.00000	1555.20048	1538.07133	1524.95249
2025-08-19T09:55:46Z	3810.00000	1555.20206	1538.07250	1524.95334
2025-08-19T09:55:46Z	3810.00000	1555.20074	1538.07062	1524.95152
2025-08-19T09:55:46Z	3811.00000	1555.20188	1538.07104	1524.95198
2025-08-19T09:55:46Z	3811.00000	1555.20157	1538.07017	1524.95128
2025-08-19T09:55:46Z	3811.00000	1555.20246	1538.07010	1524.95192
2025-08-19T09:55:46Z	3811.00000	1555.20216	1538.06890	1524.95159
2025-08-19T09:55:46Z	3811.00000	1555.20247	1538.06814	1524.95200
2025-08-19T09:55:47Z	3811.00000	1555.20218	1538.06727	1524.95210
2025-08-19T09:55:47Z	3811.00000	1555.20193	1538.06720	1524.95283
2025-08-19T09:55:47Z	3811.00000	1555.20171	1538.06760	1524.95395
2025-08-19T09:55:47Z	3811.00000	1555.20173	1538.06810	1524.95467
2025-08-19T09:55:47Z	3811.00000	1555.20187	1538.06826	1524.95482
2025-08-19T09:55:47Z	3812.00000	1555.20226	1538.06866	1524.95504
2025-08-19T09:55:47Z	3812.00000	1555.20204	1538.06837	1524.95415
2025-08-19T09:55:47Z	3812.00000	1555.20231	1538.06828	1524.95358
2025-08-19T09:55:47Z	3812.00000	1555.20247	1538.06820	1524.95321
2025-08-19T09:55:47Z	3812.00000	1555.20290	1538.06875	1524.95341
2025-08-19T09:55:48Z	3812.00000	1555.20229	1538.06866	1524.95293
2025-08-19T09:55:48Z	3812.00000	1555.20286	1538.06970	1524.95371
2025-08-19T09:55:48Z	3812.00000	1555.20233	1538.06982	1524.95368
2025-08-19T09:55:48Z	3812.00000	1555.20147	1538.06963	1524.95339
2025-08-19T09:55:48Z	3812.00000	1555.20071	1538.06971	1524.95354
2025-08-19T09:55:48Z	3813.00000	1555.20014	1538.06997	1524.95384
2025-08-19T09:55:48Z	3813.00000	1555.19912	1538.07037	1524.95369
2025-08-19T09:55:48Z	3813.00000	1555.19928	1538.07237	1524.95473
2025-08-19T09:55:48Z	3813.00000	1555.19872	1538.07354	1524.95491
2025-08-19T09:55:48Z	3813.00000	1555.19838	1538.07353	1524.95506
2025-08-19T09:55:49Z	3813.00000	1555.19784	1538.07213	1524.95508
2025-08-19T09:55:49Z	3813.00000	1555.19813	1538.07208	1524.95569
2025-08-19T09:55:49Z	3813.00000	1555.19781	1538.07110	1524.95552
2025-08-19T09:55:49Z	3813.00000	1555.19774	1538.06976	1524.95523
2025-08-19T09:55:49Z	3813.00000	1555.19873	1538.06937	1524.95567
2025-08-19T09:55:49Z	3814.00000	1555.19854	1538.06803	1524.95525
2025-08-19T09:55:49Z	3814.00000	1555.19945	1538.06778	1524.95572
2025-08-19T09:55:49Z	3814.00000	1555.20000	1538.06737	1524.95602
2025-08-19T09:55:49Z	3814.00000	1555.20078	1538.06716	1524.95542
2025-08-19T09:55:49Z	3814.00000	1555.20088	1538.06667	1524.95453
2025-08-19T09:55:50Z	3814.00000	1555.20109	1538.06626	1524.95367
2025-08-19T09:55:50Z	3814.00000	1555.20206	1538.06666	1524.95378
2025-08-19T09:55:50Z	3814.00000	1555.20259	1538.06677	1524.95358
2025-08-19T09:55:50Z	3814.00000	1555.20202	1538.06641	1524.95306
2025-08-19T09:55:50Z	3814.00000	1555.20110	1538.06612	1524.95263
2025-08-19T09:55:50Z	3815.00000	1555.20016	1538.06581	1524.95236
2025-08-19T09:55:50Z	3815.00000	1555.19961	1538.06592	1524.95248
2025-08-19T09:55:50Z	3815.00000	1555.19952	1538.06626	1524.95283
2025-08-19T09:55:50Z	3815.00000	1555.19873	1538.06595	1524.95259
2025-08-19T09:55:50Z	3815.00000	1555.19788	1538.06540	1524.95206
2025-08-19T09:55:51Z	3815.00000	1555.19828	1538.06601	1524.95335
2025-08-19T09:55:51Z	3815.00000	1555.19733	1538.06529	1524.95376
2025-08-19T09:55:51Z	3815.00000	1555.19815	1538.06621	1524.95469
2025-08-19T09:55:51Z	3815.00000	1555.19770	1538.06589	1524.95402
2025-08-19T09:55:51Z	3815.00000	1555.19796	1538.06621	1524.95385
2025-08-19T09:55:51Z	3816.00000	1555.19728	1538.06549	1524.95283
2025-08-19T09:55:51Z	3816.00000	1555.19797	1538.06595	1524.95301
2025-08-19T09:55:51Z	3816.00000	1555.19815	1538.06578	1524.95260
2025-08-19T09:55:51Z	3816.00000	1555.19856	1538.06565	1524.95220
2025-08-19T09:55:51Z	3816.00000	1555.19915	1538.06597	1524.95251
2025-08-19T09:55:52Z	3816.00000	1555.19871	1538.06584	1524.95231
2025-08-19T09:55:52Z	3816.00000	1555.19809	1538.06569	1524.95222
2025-08-19T09:55:52Z	3816.00000	1555.19736	1538.06564	1524.95215
2025-08-19T09:55:52Z	3816.00000	1555.19712	1538.06578	1524.95228
2025-08-19T09:55:52Z	3816.00000	1555.19694	1538.06582	1524.95231
2025-08-19T09:55:52Z	3817.00000	1555.19647	1538.06529	1524.95185
2025-08-19T09:55:52Z	3817.00000	1555.19722	1538.06576	1524.95229
2025-08-19T09:55:52Z	3817.00000	1555.19731	1538.06533	1524.95207
2025-08-19T09:55:52Z	3817.00000	1555.19837	1538.06550	1524.95323
2025-08-19T09:55:52Z	3817.00000	1555.19940	1538.06562	1524.95462
2025-08-19T09:55:53Z	3817.00000	1555.20013	1538.06556	1524.95498
2025-08-19T09:55:53Z	3817.00000	1555.20079	1538.06553	1524.95456
2025-08-19T09:55:53Z	3817.00000	1555.20124	1538.06573	1524.95430
2025-08-19T09:55:53Z	3817.00000	1555.20159	1538.06528	1524.95347
2025-08-19T09:55:53Z	3817.00000	1555.20215	1538.06546	1524.95334
2025-08-19T09:55:53Z	3818.00000	1555.20190	1538.06539	1524.95294
2025-08-19T09:55:53Z	3818.00000	1555.20188	1538.06562	1524.95301
2025-08-19T09:55:53Z	3818.00000	1555.20132	1538.06528	1524.95234
2025-08-19T09:55:53Z	3818.00000	1555.20129	1538.06548	1524.95227
2025-08-19T09:55:53Z	3818.00000	1555.20098	1538.06545	1524.95205
2025-08-19T09:55:54Z	3818.00000	1555.20063	1538.06550	1524.95184
2025-08-19T09:55:54Z	3818.00000	1555.20088	1538.06591	1524.95217
2025-08-19T09:55:54Z	3818.00000	1555.20012	1538.06553	1524.95165
2025-08-19T09:55:54Z	3818.00000	1555.19967	1538.06565	1524.95182
2025-08-19T09:55:54Z	3818.00000	1555.19869	1538.06549	1524.95155
2025-08-19T09:55:54Z	3819.00000	1555.19795	1538.06533	1524.95149
2025-08-19T09:55:54Z	3819.00000	1555.19740	1538.06557	1524.95187
2025-08-19T09:55:54Z	3819.00000	1555.19634	1538.06580	1524.95261
2025-08-19T09:55:54Z	3819.00000	1555.19688	1538.06762	1524.95514
2025-08-19T09:55:54Z	3819.00000	1555.19593	1538.06781	1524.95618
2025-08-19T09:55:55Z	3819.00000	1555.19636	1538.06871	1524.95721
2025-08-19T09:55:55Z	3819.00000	1555.19577	1538.06783	1524.95602
2025-08-19T09:55:55Z	3819.00000	1555.19590	1538.06756	1524.95535
2025-08-19T09:55:55Z	3819.00000	1555.19547	1538.06664	1524.95401
2025-08-19T09:55:55Z	3819.00000	1555.19536	1538.06668	1524.95369
2025-08-19T09:55:55Z	3820.00000	1555.19506	1538.06747	1524.95315
2025-08-19T09:55:55Z	3820.00000	1555.19490	1538.06870	1524.95346
2025-08-19T09:55:55Z	3820.00000	1555.19536	1538.07045	1524.95534
2025-08-19T09:55:55Z	3820.00000	1555.19492	1538.06946	1524.95609
2025-08-19T09:55:55Z	3820.00000	1555.19532	1538.06892	1524.95744
2025-08-19T09:55:56Z	3820.00000	1555.19513	1538.06777	1524.95806
2025-08-19T09:55:56Z	3820.00000	1555.19481	1538.06686	1524.95790
2025-08-19T09:55:56Z	3820.00000	1555.19572	1538.06765	1524.95847
2025-08-19T09:55:56Z	3820.00000	1555.19558	1538.06748	1524.95798
2025-08-19T09:55:56Z	3820.00000	1555.19561	1538.06721	1524.95777
2025-08-19T09:55:56Z	3821.00000	1555.19521	1538.06611	1524.95705
2025-08-19T09:55:56Z	3821.00000	1555.19588	1538.06588	1524.95731
2025-08-19T09:55:56Z	3821.00000	1555.19664	1538.06582	1524.95799
2025-08-19T09:55:56Z	3821.00000	1555.19639	1538.06500	1524.95777
2025-08-19T09:55:56Z	3821.00000	1555.19765	1538.06557	1524.95878
2025-08-19T09:55:57Z	3821.00000	1555.19743	1538.06449	1524.95740
2025-08-19T09:55:57Z	3821.00000	1555.19945	1538.06514	1524.95691
2025-08-19T09:55:57Z	3821.00000	1555.20099	1538.06492	1524.95552
2025-08-19T09:55:57Z	3821.00000	1555.20286	1538.06604	1524.95546
2025-08-19T09:55:57Z	3821.00000	1555.20240	1538.06506	1524.95387
2025-08-19T09:55:57Z	3822.00000	1555.20239	1538.06505	1524.95331
2025-08-19T09:55:57Z	3822.00000	1555.20238	1538.06586	1524.95380
2025-08-19T09:55:57Z	3822.00000	1555.20132	1538.06513	1524.95321
2025-08-19T09:55:57Z	3822.00000	1555.20240	1538.06641	1524.95444
2025-08-19T09:55:57Z	3822.00000	1555.20149	1538.06578	1524.95371
2025-08-19T09:55:58Z	3822.00000	1555.20118	1538.06598	1524.95368
2025-08-19T09:55:58Z	3822.00000	1555.19925	1538.06479	1524.95244
2025-08-19T09:55:58Z	3822.00000	1555.19855	1538.06460	1524.95220
2025-08-19T09:55:58Z	3822.00000	1555.19995	1538.06558	1524.95319
2025-08-19T09:55:58Z	3822.00000	1555.20097	1538.06514	1524.95289
2025-08-19T09:55:58Z	3823.00000	1555.20258	1538.06539	1524.95310
2025-08-19T09:55:58Z	3823.00000	1555.20344	1538.06519	1524.95282
2025-08-19T09:55:58Z	3823.00000	1555.20343	1538.06482	1524.95223
2025-08-19T09:55:58Z	3823.00000	1555.20359	1538.06526	1524.95254
2025-08-19T09:55:58Z	3823.00000	1555.20298	1538.06488	1524.95214
2025-08-19T09:55:59Z	3823.00000	1555.20288	1538.06484	1524.95207
2025-08-19T09:55:59Z	3823.00000	1555.20399	1538.06576	1524.95277
2025-08-19T09:55:59Z	3823.00000	1555.20308	1538.06469	1524.95155
2025-08-19T09:55:59Z	3823.00000	1555.20409	1538.06560	1524.95201
2025-08-19T09:55:59Z	3823.00000	1555.20395	1538.06561	1524.95164
2025-08-19T09:55:59Z	3824.00000	1555.20435	1538.06622	1524.95180
2025-08-19T09:55:59Z	3824.00000	1555.20448	1538.06653	1524.95175
2025-08-19T09:55:59Z	3824.00000	1555.20489	1538.06737	1524.95211
2025-08-19T09:55:59Z	3824.00000	1555.20424	1538.06740	1524.95153
2025-08-19T09:55:59Z	3824.00000	1555.20371	1538.06804	1524.95142
2025-08-19T09:56:00Z	3824.00000	1555.20336	1538.06873	1524.95151
2025-08-19T09:56:00Z	3824.00000	1555.20207	1538.06868	1524.95097
2025-08-19T09:56:00Z	3824.00000	1555.20263	1538.07055	1524.95220
2025-08-19T09:56:00Z	3824.00000	1555.20119	1538.07071	1524.95165
2025-08-19T09:56:00Z	3824.00000	1555.20035	1538.07095	1524.95151
2025-08-19T09:56:00Z	3825.00000	1555.19905	1538.07066	1524.95114
2025-08-19T09:56:00Z	3825.00000	1555.19895	1538.07110	1524.95171
2025-08-19T09:56:00Z	3825.00000	1555.19670	1538.06899	1524.95019
2025-08-19T09:56:00Z	3825.00000	1555.19799	1538.06999	1524.95167
2025-08-19T09:56:00Z	3825.00000	1555.19658	1538.06838	1524.95070
2025-08-19T09:56:01Z	3825.00000	1555.19729	1538.06901	1524.95150
2025-08-19T09:56:01Z	3825.00000	1555.19640	1538.06813	1524.95068
2025-08-19T09:56:01Z	3825.00000	1555.19706	1538.06875	1524.95128
2025-08-19T09:56:01Z	3825.00000	1555.19808	1538.06988	1524.95220
2025-08-19T09:56:01Z	3825.00000	1555.19724	1538.06924	1524.95145
2025-08-19T09:56:01Z	3826.00000	1555.19746	1538.06933	1524.95141
2025-08-19T09:56:01Z	3826.00000	1555.19889	1538.07024	1524.95202
2025-08-19T09:56:01Z	3826.00000	1555.19907	1538.06992	1524.95152
2025-08-19T09:56:01Z	3826.00000	1555.20034	1538.07061	1524.95206
2025-08-19T09:56:01Z	3826.00000	1555.20062	1538.07045	1524.95202
2025-08-19T09:56:02Z	3826.00000	1555.20118	1538.07029	1524.95240
2025-08-19T09:56:02Z	3826.00000	1555.20161	1538.06983	1524.95264
2025-08-19T09:56:02Z	3826.00000	1555.20139	1538.06874	1524.95285
2025-08-19T09:56:02Z	3826.00000	1555.20171	1538.06884	1524.95409
2025-08-19T09:56:02Z	3826.00000	1555.20077	1538.06782	1524.95386
2025-08-19T09:56:02Z	3827.00000	1555.20127	1538.06794	1524.95481
2025-08-19T09:56:02Z	3827.00000	1555.20138	1538.06724	1524.95486
2025-08-19T09:56:02Z	3827.00000	1555.20299	1538.06721	1524.95499
2025-08-19T09:56:02Z	3827.00000	1555.20404	1538.06683	1524.95476
2025-08-19T09:56:02Z	3827.00000	1555.20487	1538.06643	1524.95422
2025-08-19T09:56:03Z	3827.00000	1555.20609	1538.06688	1524.95443
