Timestamp	Time [s]	WL 1[nm]	WL 2[nm]	WL 3[nm]	WL 4[nm]	WL 5[nm]	WL 6[nm]	WL 7[nm]	WL 8[nm]	
2025-08-19T10:47:25Z	135.00000	1555.20386	1538.06727	1524.94465
2025-08-19T10:47:25Z	135.00000	1555.20447	1538.06712	1524.94304
2025-08-19T10:47:25Z	135.00000	1555.20373	1538.06618	1524.94281
2025-08-19T10:47:25Z	135.00000	1555.20438	1538.06862	1524.94298
2025-08-19T10:47:25Z	135.00000	1555.20398	1538.07128	1524.94350
2025-08-19T10:47:26Z	135.00000	1555.20434	1538.07155	1524.94274
2025-08-19T10:47:26Z	135.00000	1555.20374	1538.07328	1524.94413
2025-08-19T10:47:26Z	135.00000	1555.20439	1538.07162	1524.94332
2025-08-19T10:47:26Z	136.00000	1555.20426	1538.07251	1524.94445
2025-08-19T10:47:26Z	136.00000	1555.20368	1538.07156	1524.94411
2025-08-19T10:47:26Z	136.00000	1555.20346	1538.07007	1524.94406
2025-08-19T10:47:26Z	136.00000	1555.20408	1538.06810	1524.94373
2025-08-19T10:47:26Z	136.00000	1555.20379	1538.06870	1524.94381
2025-08-19T10:47:26Z	136.00000	1555.20348	1538.06745	1524.94478
2025-08-19T10:47:26Z	136.00000	1555.20370	1538.06722	1524.94457
2025-08-19T10:47:27Z	136.00000	1555.20433	1538.06681	1524.94381
2025-08-19T10:47:27Z	136.00000	1555.20355	1538.06623	1524.94382
2025-08-19T10:47:27Z	136.00000	1555.20329	1538.06661	1524.94409
2025-08-19T10:47:27Z	137.00000	1555.20425	1538.06724	1524.94475
2025-08-19T10:47:27Z	137.00000	1555.20419	1538.06739	1524.94445
2025-08-19T10:47:27Z	137.00000	1555.20515	1538.06744	1524.94363
2025-08-19T10:47:27Z	137.00000	1555.20507	1538.06756	1524.94289
2025-08-19T10:47:27Z	137.00000	1555.20601	1538.06678	1524.94472
2025-08-19T10:47:27Z	137.00000	1555.20672	1538.06892	1524.94318
2025-08-19T10:47:27Z	137.00000	1555.20729	1538.07120	1524.94345
2025-08-19T10:47:28Z	137.00000	1555.20824	1538.07114	1524.94298
2025-08-19T10:47:28Z	137.00000	1555.20781	1538.06955	1524.94422
2025-08-19T10:47:28Z	137.00000	1555.20824	1538.06845	1524.94335
2025-08-19T10:47:28Z	138.00000	1555.20574	1538.06729	1524.94358
2025-08-19T10:47:28Z	138.00000	1555.20591	1538.06723	1524.94356
2025-08-19T10:47:28Z	138.00000	1555.20551	1538.06761	1524.94254
2025-08-19T10:47:28Z	138.00000	1555.20529	1538.06799	1524.94365
2025-08-19T10:47:28Z	138.00000	1555.20472	1538.06749	1524.94369
2025-08-19T10:47:28Z	138.00000	1555.20624	1538.06786	1524.94412
2025-08-19T10:47:28Z	138.00000	1555.20664	1538.06720	1524.94406
2025-08-19T10:47:29Z	138.00000	1555.20625	1538.06771	1524.94389
2025-08-19T10:47:29Z	138.00000	1555.20535	1538.06617	1524.94307
2025-08-19T10:47:29Z	138.00000	1555.20471	1538.06535	1524.94282
2025-08-19T10:47:29Z	139.00000	1555.20427	1538.06379	1524.94283
2025-08-19T10:47:29Z	139.00000	1555.20356	1538.06340	1524.94258
2025-08-19T10:47:29Z	139.00000	1555.20438	1538.06478	1524.94343
2025-08-19T10:47:29Z	139.00000	1555.20399	1538.06460	1524.94334
2025-08-19T10:47:29Z	139.00000	1555.20457	1538.06462	1524.94350
2025-08-19T10:47:29Z	139.00000	1555.20390	1538.06399	1524.94344
2025-08-19T10:47:29Z	139.00000	1555.20412	1538.06393	1524.94444
2025-08-19T10:47:30Z	139.00000	1555.20435	1538.06557	1524.94384
2025-08-19T10:47:30Z	139.00000	1555.20342	1538.06556	1524.94351
2025-08-19T10:47:30Z	139.00000	1555.20214	1538.06578	1524.94312
2025-08-19T10:47:30Z	140.00000	1555.20267	1538.06554	1524.94323
2025-08-19T10:47:30Z	140.00000	1555.20519	1538.06736	1524.94391
2025-08-19T10:47:30Z	140.00000	1555.20504	1538.06539	1524.94258
2025-08-19T10:47:30Z	140.00000	1555.20470	1538.06483	1524.94351
2025-08-19T10:47:30Z	140.00000	1555.20391	1538.06534	1524.94374
2025-08-19T10:47:30Z	140.00000	1555.20343	1538.06217	1524.94442
2025-08-19T10:47:30Z	140.00000	1555.20246	1538.06145	1524.94451
2025-08-19T10:47:31Z	140.00000	1555.20137	1538.06199	1524.94390
2025-08-19T10:47:31Z	140.00000	1555.19925	1538.06095	1524.94374
2025-08-19T10:47:31Z	140.00000	1555.19567	1538.06228	1524.94365
2025-08-19T10:47:31Z	141.00000	1555.19397	1538.06064	1524.94355
2025-08-19T10:47:31Z	141.00000	1555.19189	1538.06031	1524.94303
2025-08-19T10:47:31Z	141.00000	1555.19353	1538.06051	1524.94301
2025-08-19T10:47:31Z	141.00000	1555.19494	1538.06052	1524.94253
2025-08-19T10:47:31Z	141.00000	1555.19960	1538.06216	1524.94323
2025-08-19T10:47:31Z	141.00000	1555.19573	1538.06026	1524.94220
2025-08-19T10:47:31Z	141.00000	1555.19556	1538.06098	1524.94225
2025-08-19T10:47:32Z	141.00000	1555.19297	1538.06084	1524.94355
2025-08-19T10:47:32Z	141.00000	1555.19340	1538.06015	1524.94330
2025-08-19T10:47:32Z	141.00000	1555.19425	1538.06098	1524.94367
2025-08-19T10:47:32Z	142.00000	1555.19254	1538.05979	1524.94343
2025-08-19T10:47:32Z	142.00000	1555.19199	1538.05938	1524.94244
2025-08-19T10:47:32Z	142.00000	1555.19189	1538.06092	1524.94199
2025-08-19T10:47:32Z	142.00000	1555.19199	1538.06046	1524.94321
2025-08-19T10:47:32Z	142.00000	1555.19155	1538.06223	1524.94216
2025-08-19T10:47:32Z	142.00000	1555.19281	1538.06323	1524.94306
2025-08-19T10:47:32Z	142.00000	1555.19168	1538.06402	1524.94327
2025-08-19T10:47:33Z	142.00000	1555.19213	1538.06256	1524.94297
2025-08-19T10:47:33Z	142.00000	1555.19217	1538.06296	1524.94297
2025-08-19T10:47:33Z	142.00000	1555.19226	1538.06286	1524.94286
2025-08-19T10:47:33Z	143.00000	1555.19222	1538.06239	1524.94268
2025-08-19T10:47:33Z	143.00000	1555.19184	1538.06170	1524.94147
2025-08-19T10:47:33Z	143.00000	1555.19203	1538.06114	1524.94172
2025-08-19T10:47:33Z	143.00000	1555.19217	1538.06086	1524.94209
2025-08-19T10:47:33Z	143.00000	1555.19267	1538.06169	1524.94350
2025-08-19T10:47:33Z	143.00000	1555.19241	1538.06062	1524.94276
2025-08-19T10:47:33Z	143.00000	1555.19222	1538.06183	1524.94350
2025-08-19T10:47:34Z	143.00000	1555.19220	1538.06267	1524.94267
2025-08-19T10:47:34Z	143.00000	1555.19248	1538.06173	1524.94190
2025-08-19T10:47:34Z	143.00000	1555.19245	1538.06093	1524.94193
2025-08-19T10:47:34Z	144.00000	1555.19243	1538.06075	1524.94227
2025-08-19T10:47:34Z	144.00000	1555.19302	1538.06055	1524.94229
2025-08-19T10:47:34Z	144.00000	1555.19221	1538.06016	1524.94213
2025-08-19T10:47:34Z	144.00000	1555.19268	1538.06240	1524.94214
2025-08-19T10:47:34Z	144.00000	1555.19436	1538.06216	1524.94282
2025-08-19T10:47:34Z	144.00000	1555.19505	1538.06265	1524.94277
2025-08-19T10:47:34Z	144.00000	1555.19646	1538.06279	1524.94218
2025-08-19T10:47:35Z	144.00000	1555.19586	1538.06340	1524.94282
2025-08-19T10:47:35Z	144.00000	1555.19677	1538.06310	1524.94223
2025-08-19T10:47:35Z	144.00000	1555.19691	1538.06343	1524.94285
2025-08-19T10:47:35Z	145.00000	1555.19901	1538.06452	1524.94300
2025-08-19T10:47:35Z	145.00000	1555.19965	1538.06357	1524.94222
2025-08-19T10:47:35Z	145.00000	1555.19972	1538.06407	1524.94206
2025-08-19T10:47:35Z	145.00000	1555.20081	1538.06434	1524.94180
2025-08-19T10:47:35Z	145.00000	1555.20131	1538.06467	1524.94200
2025-08-19T10:47:35Z	145.00000	1555.20024	1538.06378	1524.94238
2025-08-19T10:47:35Z	145.00000	1555.19984	1538.06327	1524.94223
2025-08-19T10:47:36Z	145.00000	1555.20062	1538.06362	1524.94306
2025-08-19T10:47:36Z	145.00000	1555.20049	1538.06299	1524.94321
2025-08-19T10:47:36Z	145.00000	1555.19800	1538.06241	1524.94292
2025-08-19T10:47:36Z	146.00000	1555.19963	1538.06265	1524.94269
2025-08-19T10:47:36Z	146.00000	1555.19887	1538.06250	1524.94433
2025-08-19T10:47:36Z	146.00000	1555.19828	1538.06235	1524.94402
2025-08-19T10:47:36Z	146.00000	1555.19771	1538.06243	1524.94445
2025-08-19T10:47:36Z	146.00000	1555.19791	1538.06327	1524.94454
2025-08-19T10:47:36Z	146.00000	1555.19618	1538.06387	1524.94427
2025-08-19T10:47:36Z	146.00000	1555.19579	1538.06520	1524.94409
2025-08-19T10:47:37Z	146.00000	1555.19537	1538.06519	1524.94391
2025-08-19T10:47:37Z	146.00000	1555.19581	1538.06505	1524.94273
2025-08-19T10:47:37Z	146.00000	1555.19442	1538.06370	1524.94317
2025-08-19T10:47:37Z	147.00000	1555.19563	1538.06526	1524.94338
2025-08-19T10:47:37Z	147.00000	1555.19436	1538.06374	1524.94263
2025-08-19T10:47:37Z	147.00000	1555.19486	1538.06433	1524.94237
2025-08-19T10:47:37Z	147.00000	1555.19556	1538.06375	1524.94222
2025-08-19T10:47:37Z	147.00000	1555.19727	1538.06431	1524.94242
2025-08-19T10:47:37Z	147.00000	1555.19749	1538.06421	1524.94278
2025-08-19T10:47:37Z	147.00000	1555.19747	1538.06340	1524.94161
2025-08-19T10:47:38Z	147.00000	1555.19690	1538.06335	1524.94193
2025-08-19T10:47:38Z	147.00000	1555.19601	1538.06198	1524.94292
2025-08-19T10:47:38Z	147.00000	1555.19864	1538.06287	1524.94306
2025-08-19T10:47:38Z	148.00000	1555.19800	1538.06304	1524.94246
2025-08-19T10:47:38Z	148.00000	1555.19694	1538.06240	1524.94214
2025-08-19T10:47:38Z	148.00000	1555.19659	1538.06302	1524.94308
2025-08-19T10:47:38Z	148.00000	1555.19558	1538.06264	1524.94256
2025-08-19T10:47:38Z	148.00000	1555.19519	1538.06266	1524.94265
2025-08-19T10:47:38Z	148.00000	1555.19508	1538.06298	1524.94156
2025-08-19T10:47:38Z	148.00000	1555.19587	1538.06236	1524.94243
2025-08-19T10:47:39Z	148.00000	1555.19477	1538.06280	1524.94164
2025-08-19T10:47:39Z	148.00000	1555.19535	1538.06259	1524.94306
2025-08-19T10:47:39Z	148.00000	1555.19532	1538.06134	1524.94187
2025-08-19T10:47:39Z	149.00000	1555.19511	1538.06071	1524.94170
2025-08-19T10:47:39Z	149.00000	1555.19545	1538.06018	1524.94236
2025-08-19T10:47:39Z	149.00000	1555.19536	1538.05967	1524.94139
2025-08-19T10:47:39Z	149.00000	1555.19371	1538.05974	1524.94271
2025-08-19T10:47:39Z	149.00000	1555.19309	1538.05960	1524.94375
2025-08-19T10:47:39Z	149.00000	1555.19252	1538.05915	1524.94251
2025-08-19T10:47:39Z	149.00000	1555.19208	1538.05963	1524.94313
2025-08-19T10:47:40Z	149.00000	1555.19170	1538.05973	1524.94207
2025-08-19T10:47:40Z	149.00000	1555.19148	1538.06020	1524.94193
2025-08-19T10:47:40Z	149.00000	1555.19231	1538.06009	1524.94251
2025-08-19T10:47:40Z	150.00000	1555.19189	1538.05999	1524.94227
2025-08-19T10:47:40Z	150.00000	1555.19187	1538.06081	1524.94327
2025-08-19T10:47:40Z	150.00000	1555.19210	1538.06236	1524.94241
2025-08-19T10:47:40Z	150.00000	1555.19153	1538.06266	1524.94311
2025-08-19T10:47:40Z	150.00000	1555.19235	1538.06254	1524.94235
2025-08-19T10:47:40Z	150.00000	1555.19215	1538.06248	1524.94251
2025-08-19T10:47:40Z	150.00000	1555.19328	1538.06241	1524.94236
2025-08-19T10:47:41Z	150.00000	1555.19496	1538.06348	1524.94369
2025-08-19T10:47:41Z	150.00000	1555.19553	1538.06337	1524.94287
2025-08-19T10:47:41Z	150.00000	1555.19717	1538.06395	1524.94269
2025-08-19T10:47:41Z	151.00000	1555.19661	1538.06434	1524.94279
2025-08-19T10:47:41Z	151.00000	1555.19691	1538.06356	1524.94337
2025-08-19T10:47:41Z	151.00000	1555.19763	1538.06383	1524.94269
2025-08-19T10:47:41Z	151.00000	1555.19794	1538.06344	1524.94332
2025-08-19T10:47:41Z	151.00000	1555.19700	1538.06306	1524.94298
2025-08-19T10:47:41Z	151.00000	1555.19643	1538.06307	1524.94323
2025-08-19T10:47:41Z	151.00000	1555.19742	1538.06330	1524.94292
2025-08-19T10:47:42Z	151.00000	1555.19559	1538.06213	1524.94289
2025-08-19T10:47:42Z	151.00000	1555.19611	1538.06334	1524.94408
2025-08-19T10:47:42Z	151.00000	1555.19531	1538.06382	1524.94282
2025-08-19T10:47:42Z	152.00000	1555.19621	1538.06450	1524.94309
2025-08-19T10:47:42Z	152.00000	1555.19668	1538.06401	1524.94408
2025-08-19T10:47:42Z	152.00000	1555.19491	1538.06519	1524.94408
2025-08-19T10:47:42Z	152.00000	1555.20013	1538.06705	1524.94370
2025-08-19T10:47:42Z	152.00000	1555.20102	1538.06798	1524.94293
2025-08-19T10:47:42Z	152.00000	1555.20468	1538.07122	1524.94415
2025-08-19T10:47:42Z	152.00000	1555.20435	1538.07412	1524.94429
2025-08-19T10:47:43Z	152.00000	1555.20362	1538.06953	1524.94470
2025-08-19T10:47:43Z	152.00000	1555.20243	1538.06677	1524.94375
2025-08-19T10:47:43Z	152.00000	1555.20160	1538.06737	1524.94316
2025-08-19T10:47:43Z	153.00000	1555.20109	1538.06771	1524.94349
2025-08-19T10:47:43Z	153.00000	1555.20093	1538.06586	1524.94400
2025-08-19T10:47:43Z	153.00000	1555.20251	1538.06597	1524.94594
2025-08-19T10:47:43Z	153.00000	1555.20421	1538.06362	1524.94954
2025-08-19T10:47:43Z	153.00000	1555.20497	1538.06442	1524.95417
2025-08-19T10:47:43Z	153.00000	1555.20602	1538.06616	1524.95658
2025-08-19T10:47:43Z	153.00000	1555.20585	1538.06811	1524.95594
2025-08-19T10:47:44Z	153.00000	1555.20471	1538.07163	1524.95598
2025-08-19T10:47:44Z	153.00000	1555.20510	1538.07504	1524.95704
2025-08-19T10:47:44Z	153.00000	1555.20598	1538.07827	1524.96338
2025-08-19T10:47:44Z	154.00000	1555.20505	1538.07975	1524.96123
2025-08-19T10:47:44Z	154.00000	1555.20394	1538.08092	1524.95956
2025-08-19T10:47:44Z	154.00000	1555.20534	1538.07926	1524.95545
2025-08-19T10:47:44Z	154.00000	1555.20702	1538.07810	1524.95348
2025-08-19T10:47:44Z	154.00000	1555.21139	1538.07851	1524.94971
2025-08-19T10:47:44Z	154.00000	1555.21236	1538.07782	1524.94892
2025-08-19T10:47:44Z	154.00000	1555.21375	1538.07925	1524.95351
2025-08-19T10:47:45Z	154.00000	1555.21252	1538.07888	1524.95386
2025-08-19T10:47:45Z	154.00000	1555.21357	1538.07877	1524.95424
2025-08-19T10:47:45Z	154.00000	1555.21350	1538.07937	1524.95557
2025-08-19T10:47:45Z	155.00000	1555.21222	1538.07963	1524.95624
2025-08-19T10:47:45Z	155.00000	1555.21353	1538.08169	1524.95781
2025-08-19T10:47:45Z	155.00000	1555.21379	1538.08496	1524.95961
2025-08-19T10:47:45Z	155.00000	1555.21368	1538.08745	1524.96325
2025-08-19T10:47:45Z	155.00000	1555.20864	1538.08595	1524.96545
2025-08-19T10:47:45Z	155.00000	1555.20826	1538.08826	1524.96613
2025-08-19T10:47:45Z	155.00000	1555.21074	1538.08872	1524.96676
2025-08-19T10:47:46Z	155.00000	1555.21075	1538.08829	1524.96373
2025-08-19T10:47:46Z	155.00000	1555.21246	1538.08804	1524.96061
2025-08-19T10:47:46Z	155.00000	1555.21324	1538.08623	1524.95661
2025-08-19T10:47:46Z	156.00000	1555.21343	1538.08271	1524.95411
2025-08-19T10:47:46Z	156.00000	1555.21395	1538.08460	1524.95054
2025-08-19T10:47:46Z	156.00000	1555.21505	1538.07983	1524.94970
2025-08-19T10:47:46Z	156.00000	1555.21436	1538.07768	1524.94660
2025-08-19T10:47:46Z	156.00000	1555.21513	1538.07737	1524.94692
2025-08-19T10:47:46Z	156.00000	1555.21454	1538.07320	1524.94629
2025-08-19T10:47:46Z	156.00000	1555.21358	1538.07039	1524.94523
2025-08-19T10:47:47Z	156.00000	1555.21341	1538.06902	1524.94498
2025-08-19T10:47:47Z	156.00000	1555.21164	1538.06814	1524.94501
2025-08-19T10:47:47Z	156.00000	1555.21249	1538.06980	1524.94601
2025-08-19T10:47:47Z	157.00000	1555.21121	1538.06957	1524.94610
2025-08-19T10:47:47Z	157.00000	1555.20701	1538.06832	1524.94424
2025-08-19T10:47:47Z	157.00000	1555.20683	1538.06850	1524.94494
2025-08-19T10:47:47Z	157.00000	1555.20462	1538.06771	1524.94272
2025-08-19T10:47:47Z	157.00000	1555.20389	1538.06824	1524.94388
2025-08-19T10:47:47Z	157.00000	1555.20436	1538.06832	1524.94264
2025-08-19T10:47:47Z	157.00000	1555.20340	1538.06874	1524.94391
2025-08-19T10:47:48Z	157.00000	1555.20295	1538.06863	1524.94201
2025-08-19T10:47:48Z	157.00000	1555.20143	1538.06738	1524.94508
2025-08-19T10:47:48Z	157.00000	1555.20214	1538.06723	1524.94359
2025-08-19T10:47:48Z	158.00000	1555.20178	1538.06758	1524.94379
2025-08-19T10:47:48Z	158.00000	1555.20149	1538.06769	1524.94299
2025-08-19T10:47:48Z	158.00000	1555.20193	1538.06733	1524.94280
2025-08-19T10:47:48Z	158.00000	1555.20256	1538.06783	1524.94281
2025-08-19T10:47:48Z	158.00000	1555.20251	1538.06752	1524.94364
2025-08-19T10:47:48Z	158.00000	1555.20331	1538.06888	1524.94300
2025-08-19T10:47:48Z	158.00000	1555.20312	1538.06901	1524.94408
2025-08-19T10:47:49Z	158.00000	1555.20273	1538.06870	1524.94415
2025-08-19T10:47:49Z	158.00000	1555.20200	1538.06714	1524.94468
2025-08-19T10:47:49Z	158.00000	1555.20260	1538.06699	1524.94283
2025-08-19T10:47:49Z	159.00000	1555.20294	1538.06718	1524.94348
2025-08-19T10:47:49Z	159.00000	1555.20264	1538.06705	1524.94270
2025-08-19T10:47:49Z	159.00000	1555.20348	1538.06587	1524.94206
2025-08-19T10:47:49Z	159.00000	1555.20372	1538.06546	1524.94324
2025-08-19T10:47:49Z	159.00000	1555.20374	1538.06418	1524.94252
2025-08-19T10:47:49Z	159.00000	1555.20141	1538.06358	1524.94205
2025-08-19T10:47:49Z	159.00000	1555.19979	1538.06343	1524.94265
2025-08-19T10:47:50Z	159.00000	1555.20099	1538.06441	1524.94372
2025-08-19T10:47:50Z	159.00000	1555.20146	1538.06352	1524.94208
2025-08-19T10:47:50Z	159.00000	1555.20044	1538.06083	1524.94299
2025-08-19T10:47:50Z	160.00000	1555.20055	1538.06085	1524.94214
2025-08-19T10:47:50Z	160.00000	1555.19660	1538.06028	1524.94184
2025-08-19T10:47:50Z	160.00000	1555.19435	1538.06038	1524.94286
2025-08-19T10:47:50Z	160.00000	1555.19353	1538.05957	1524.94258
2025-08-19T10:47:50Z	160.00000	1555.19244	1538.05960	1524.94176
2025-08-19T10:47:50Z	160.00000	1555.19200	1538.05956	1524.94312
2025-08-19T10:47:50Z	160.00000	1555.19251	1538.05928	1524.94220
2025-08-19T10:47:51Z	160.00000	1555.19234	1538.06042	1524.94426
2025-08-19T10:47:51Z	160.00000	1555.19183	1538.05994	1524.94332
2025-08-19T10:47:51Z	160.00000	1555.19191	1538.06012	1524.94266
2025-08-19T10:47:51Z	161.00000	1555.19177	1538.06003	1524.94450
2025-08-19T10:47:51Z	161.00000	1555.19172	1538.06047	1524.94195
2025-08-19T10:47:51Z	161.00000	1555.19198	1538.05990	1524.94207
2025-08-19T10:47:51Z	161.00000	1555.19277	1538.06071	1524.94257
2025-08-19T10:47:51Z	161.00000	1555.19202	1538.06046	1524.94173
2025-08-19T10:47:51Z	161.00000	1555.19221	1538.06036	1524.94189
2025-08-19T10:47:51Z	161.00000	1555.19204	1538.06037	1524.94234
2025-08-19T10:47:52Z	161.00000	1555.19232	1538.06177	1524.94213
2025-08-19T10:47:52Z	161.00000	1555.19223	1538.06123	1524.94222
2025-08-19T10:47:52Z	161.00000	1555.19256	1538.06076	1524.94202
2025-08-19T10:47:52Z	162.00000	1555.19266	1538.06129	1524.94333
2025-08-19T10:47:52Z	162.00000	1555.19249	1538.06080	1524.94156
2025-08-19T10:47:52Z	162.00000	1555.19290	1538.06112	1524.94206
2025-08-19T10:47:52Z	162.00000	1555.19286	1538.06206	1524.94241
2025-08-19T10:47:52Z	162.00000	1555.19333	1538.06270	1524.94229
2025-08-19T10:47:52Z	162.00000	1555.19460	1538.06335	1524.94266
2025-08-19T10:47:52Z	162.00000	1555.19456	1538.06271	1524.94268
2025-08-19T10:47:53Z	162.00000	1555.19706	1538.06350	1524.94166
2025-08-19T10:47:53Z	162.00000	1555.19470	1538.06305	1524.94186
2025-08-19T10:47:53Z	162.00000	1555.19515	1538.06277	1524.94136
2025-08-19T10:47:53Z	163.00000	1555.19418	1538.06258	1524.94263
2025-08-19T10:47:53Z	163.00000	1555.19476	1538.06252	1524.94253
2025-08-19T10:47:53Z	163.00000	1555.19500	1538.06246	1524.94227
2025-08-19T10:47:53Z	163.00000	1555.19500	1538.06158	1524.94284
2025-08-19T10:47:53Z	163.00000	1555.19618	1538.06191	1524.94126
2025-08-19T10:47:53Z	163.00000	1555.19646	1538.06323	1524.94206
2025-08-19T10:47:53Z	163.00000	1555.19689	1538.06320	1524.94259
2025-08-19T10:47:54Z	163.00000	1555.19498	1538.06302	1524.94235
2025-08-19T10:47:54Z	163.00000	1555.19520	1538.06354	1524.94212
2025-08-19T10:47:54Z	163.00000	1555.19570	1538.06334	1524.94249
2025-08-19T10:47:54Z	164.00000	1555.19533	1538.06206	1524.94259
2025-08-19T10:47:54Z	164.00000	1555.19525	1538.06238	1524.94198
2025-08-19T10:47:54Z	164.00000	1555.19618	1538.06349	1524.94266
2025-08-19T10:47:54Z	164.00000	1555.19561	1538.06318	1524.94176
2025-08-19T10:47:54Z	164.00000	1555.19555	1538.06281	1524.94277
2025-08-19T10:47:54Z	164.00000	1555.19698	1538.06344	1524.94282
2025-08-19T10:47:54Z	164.00000	1555.19636	1538.06257	1524.94253
2025-08-19T10:47:55Z	164.00000	1555.19791	1538.06317	1524.94239
2025-08-19T10:47:55Z	164.00000	1555.19703	1538.06239	1524.94226
2025-08-19T10:47:55Z	164.00000	1555.19784	1538.06222	1524.94277
2025-08-19T10:47:55Z	165.00000	1555.19692	1538.06287	1524.94250
2025-08-19T10:47:55Z	165.00000	1555.19906	1538.06321	1524.94310
2025-08-19T10:47:55Z	165.00000	1555.19824	1538.06346	1524.94335
2025-08-19T10:47:55Z	165.00000	1555.19939	1538.06323	1524.94360
2025-08-19T10:47:55Z	165.00000	1555.19845	1538.06337	1524.94419
2025-08-19T10:47:55Z	165.00000	1555.19901	1538.06350	1524.94394
2025-08-19T10:47:55Z	165.00000	1555.19879	1538.06375	1524.94343
2025-08-19T10:47:56Z	165.00000	1555.19670	1538.06458	1524.94279
2025-08-19T10:47:56Z	166.00000	1555.19666	1538.06525	1524.94310
2025-08-19T10:47:56Z	166.00000	1555.19696	1538.06541	1524.94374
2025-08-19T10:47:56Z	166.00000	1555.19630	1538.06382	1524.94298
2025-08-19T10:47:56Z	166.00000	1555.19715	1538.06373	1524.94297
2025-08-19T10:47:56Z	166.00000	1555.20390	1538.06512	1524.94320
2025-08-19T10:47:57Z	166.00000	1555.20385	1538.06613	1524.94334
2025-08-19T10:47:57Z	166.00000	1555.20014	1538.06633	1524.94300
2025-08-19T10:47:57Z	166.00000	1555.19725	1538.06707	1524.94323
2025-08-19T10:47:57Z	167.00000	1555.19676	1538.06699	1524.94338
2025-08-19T10:47:57Z	167.00000	1555.19754	1538.06635	1524.94317
2025-08-19T10:47:57Z	167.00000	1555.20038	1538.06493	1524.94321
2025-08-19T10:47:57Z	167.00000	1555.20133	1538.06229	1524.94328
2025-08-19T10:47:58Z	167.00000	1555.20276	1538.06144	1524.94154
2025-08-19T10:47:58Z	167.00000	1555.20311	1538.06049	1524.94239
2025-08-19T10:47:58Z	168.00000	1555.19789	1538.06042	1524.94164
2025-08-19T10:47:58Z	168.00000	1555.19424	1538.06048	1524.94368
2025-08-19T10:47:58Z	168.00000	1555.19452	1538.06288	1524.94196
2025-08-19T10:47:58Z	168.00000	1555.19585	1538.07459	1524.94187
2025-08-19T10:47:58Z	168.00000	1555.19480	1538.07598	1524.94179
2025-08-19T10:47:59Z	168.00000	1555.19386	1538.06744	1524.94233
2025-08-19T10:47:59Z	168.00000	1555.19419	1538.06698	1524.94435
2025-08-19T10:47:59Z	169.00000	1555.19282	1538.06388	1524.94389
2025-08-19T10:47:59Z	169.00000	1555.19363	1538.06289	1524.94393
2025-08-19T10:47:59Z	169.00000	1555.19349	1538.07272	1524.94316
2025-08-19T10:48:00Z	169.00000	1555.19391	1538.07350	1524.94321
2025-08-19T10:48:00Z	169.00000	1555.19437	1538.07537	1524.94312
2025-08-19T10:48:00Z	170.00000	1555.19890	1538.07791	1524.94291
2025-08-19T10:48:00Z	170.00000	1555.19800	1538.07810	1524.94317
2025-08-19T10:48:00Z	170.00000	1555.19593	1538.08213	1524.94333
2025-08-19T10:48:01Z	170.00000	1555.19583	1538.07894	1524.94303
2025-08-19T10:48:01Z	170.00000	1555.19629	1538.07869	1524.94381
2025-08-19T10:48:01Z	170.00000	1555.19538	1538.07628	1524.94325
2025-08-19T10:48:01Z	171.00000	1555.19567	1538.07282	1524.94287
2025-08-19T10:48:01Z	171.00000	1555.19616	1538.07110	1524.94228
2025-08-19T10:48:01Z	171.00000	1555.19808	1538.06977	1524.94296
2025-08-19T10:48:01Z	171.00000	1555.19906	1538.06970	1524.94351
2025-08-19T10:48:01Z	171.00000	1555.19914	1538.07043	1524.94261
2025-08-19T10:48:01Z	171.00000	1555.20024	1538.07179	1524.94353
2025-08-19T10:48:01Z	171.00000	1555.19968	1538.07311	1524.94377
2025-08-19T10:48:02Z	171.00000	1555.20060	1538.07453	1524.94384
2025-08-19T10:48:02Z	171.00000	1555.20077	1538.07293	1524.94434
2025-08-19T10:48:02Z	171.00000	1555.20057	1538.07027	1524.94445
2025-08-19T10:48:02Z	172.00000	1555.20050	1538.06914	1524.94429
2025-08-19T10:48:02Z	172.00000	1555.20147	1538.06912	1524.94351
2025-08-19T10:48:02Z	172.00000	1555.20044	1538.06769	1524.94349
2025-08-19T10:48:02Z	172.00000	1555.20092	1538.06770	1524.94319
2025-08-19T10:48:02Z	172.00000	1555.20051	1538.06754	1524.94318
2025-08-19T10:48:02Z	172.00000	1555.20056	1538.06786	1524.94289
2025-08-19T10:48:02Z	172.00000	1555.20090	1538.06714	1524.94280
2025-08-19T10:48:03Z	172.00000	1555.20089	1538.06759	1524.94202
2025-08-19T10:48:03Z	172.00000	1555.20119	1538.06691	1524.94192
2025-08-19T10:48:03Z	172.00000	1555.20145	1538.06661	1524.94228
2025-08-19T10:48:03Z	173.00000	1555.20180	1538.06503	1524.94244
2025-08-19T10:48:03Z	173.00000	1555.20134	1538.06435	1524.94178
2025-08-19T10:48:03Z	173.00000	1555.20233	1538.06435	1524.94136
2025-08-19T10:48:03Z	173.00000	1555.20286	1538.06455	1524.94217
2025-08-19T10:48:03Z	173.00000	1555.20104	1538.06347	1524.94146
2025-08-19T10:48:03Z	173.00000	1555.20006	1538.06263	1524.94236
2025-08-19T10:48:03Z	173.00000	1555.19943	1538.06202	1524.94188
2025-08-19T10:48:04Z	173.00000	1555.19917	1538.06118	1524.94187
2025-08-19T10:48:04Z	173.00000	1555.19776	1538.06119	1524.94189
2025-08-19T10:48:04Z	173.00000	1555.19697	1538.06073	1524.94244
2025-08-19T10:48:04Z	174.00000	1555.19477	1538.06069	1524.94123
2025-08-19T10:48:04Z	174.00000	1555.19419	1538.06131	1524.94121
2025-08-19T10:48:04Z	174.00000	1555.19397	1538.06101	1524.94157
2025-08-19T10:48:04Z	174.00000	1555.19476	1538.06157	1524.94200
2025-08-19T10:48:04Z	174.00000	1555.19481	1538.06242	1524.94276
2025-08-19T10:48:04Z	174.00000	1555.19368	1538.06081	1524.94275
2025-08-19T10:48:04Z	174.00000	1555.19371	1538.06129	1524.94178
2025-08-19T10:48:05Z	174.00000	1555.19325	1538.06161	1524.94209
2025-08-19T10:48:05Z	174.00000	1555.19294	1538.06070	1524.94223
2025-08-19T10:48:05Z	174.00000	1555.19576	1538.06124	1524.94169
2025-08-19T10:48:05Z	175.00000	1555.19610	1538.06114	1524.94194
2025-08-19T10:48:05Z	175.00000	1555.19516	1538.06052	1524.94265
2025-08-19T10:48:05Z	175.00000	1555.19756	1538.06232	1524.94293
2025-08-19T10:48:05Z	175.00000	1555.19795	1538.06237	1524.94293
2025-08-19T10:48:05Z	175.00000	1555.19756	1538.06073	1524.94244
2025-08-19T10:48:05Z	175.00000	1555.19868	1538.06024	1524.94199
2025-08-19T10:48:05Z	175.00000	1555.20006	1538.05967	1524.94168
2025-08-19T10:48:06Z	175.00000	1555.20066	1538.05973	1524.94153
2025-08-19T10:48:06Z	175.00000	1555.19787	1538.05971	1524.94106
2025-08-19T10:48:06Z	175.00000	1555.19639	1538.06008	1524.94155
2025-08-19T10:48:06Z	176.00000	1555.19403	1538.05986	1524.94186
2025-08-19T10:48:06Z	176.00000	1555.19344	1538.06027	1524.94225
2025-08-19T10:48:06Z	176.00000	1555.19310	1538.06023	1524.94166
2025-08-19T10:48:06Z	176.00000	1555.19220	1538.05977	1524.94361
2025-08-19T10:48:06Z	176.00000	1555.19326	1538.05960	1524.94237
2025-08-19T10:48:06Z	176.00000	1555.19364	1538.05960	1524.94185
2025-08-19T10:48:06Z	176.00000	1555.19300	1538.05988	1524.94296
2025-08-19T10:48:07Z	176.00000	1555.19199	1538.06018	1524.94132
2025-08-19T10:48:07Z	176.00000	1555.19273	1538.05991	1524.94203
2025-08-19T10:48:07Z	176.00000	1555.19284	1538.06017	1524.94223
2025-08-19T10:48:07Z	177.00000	1555.19219	1538.06049	1524.94232
2025-08-19T10:48:07Z	177.00000	1555.19187	1538.06071	1524.94274
2025-08-19T10:48:07Z	177.00000	1555.19299	1538.06094	1524.94220
2025-08-19T10:48:07Z	177.00000	1555.19324	1538.06069	1524.94252
2025-08-19T10:48:07Z	177.00000	1555.19330	1538.06068	1524.94269
2025-08-19T10:48:07Z	177.00000	1555.19302	1538.06016	1524.94263
2025-08-19T10:48:07Z	177.00000	1555.19341	1538.06088	1524.94144
2025-08-19T10:48:08Z	177.00000	1555.19376	1538.06077	1524.94362
2025-08-19T10:48:08Z	177.00000	1555.19439	1538.06038	1524.94266
2025-08-19T10:48:08Z	177.00000	1555.19394	1538.06072	1524.94293
2025-08-19T10:48:08Z	178.00000	1555.19380	1538.06069	1524.94167
2025-08-19T10:48:08Z	178.00000	1555.19542	1538.06051	1524.94249
2025-08-19T10:48:08Z	178.00000	1555.19781	1538.06057	1524.94183
2025-08-19T10:48:08Z	178.00000	1555.19918	1538.06100	1524.94264
2025-08-19T10:48:08Z	178.00000	1555.19834	1538.06043	1524.94104
2025-08-19T10:48:08Z	178.00000	1555.19881	1538.06259	1524.94205
2025-08-19T10:48:08Z	178.00000	1555.19847	1538.06289	1524.94173
2025-08-19T10:48:09Z	178.00000	1555.19783	1538.06077	1524.94279
2025-08-19T10:48:09Z	178.00000	1555.19740	1538.06074	1524.94309
2025-08-19T10:48:09Z	178.00000	1555.19476	1538.06042	1524.94292
2025-08-19T10:48:09Z	179.00000	1555.19351	1538.06033	1524.94283
2025-08-19T10:48:09Z	179.00000	1555.19277	1538.06101	1524.94204
2025-08-19T10:48:09Z	179.00000	1555.19187	1538.06655	1524.94252
2025-08-19T10:48:09Z	179.00000	1555.19204	1538.06923	1524.94198
2025-08-19T10:48:09Z	179.00000	1555.19305	1538.06776	1524.94184
2025-08-19T10:48:09Z	179.00000	1555.19379	1538.06702	1524.94212
2025-08-19T10:48:09Z	179.00000	1555.19378	1538.06650	1524.94256
2025-08-19T10:48:10Z	179.00000	1555.19383	1538.06523	1524.94200
2025-08-19T10:48:10Z	179.00000	1555.19543	1538.06317	1524.94266
2025-08-19T10:48:10Z	179.00000	1555.19702	1538.06357	1524.94186
2025-08-19T10:48:10Z	180.00000	1555.20018	1538.06756	1524.94114
2025-08-19T10:48:10Z	180.00000	1555.20178	1538.06749	1524.94175
2025-08-19T10:48:10Z	180.00000	1555.20106	1538.06638	1524.94214
2025-08-19T10:48:10Z	180.00000	1555.20150	1538.06466	1524.94201
2025-08-19T10:48:10Z	180.00000	1555.19967	1538.06384	1524.94192
2025-08-19T10:48:10Z	180.00000	1555.19571	1538.06228	1524.94228
2025-08-19T10:48:10Z	180.00000	1555.19569	1538.06254	1524.94272
2025-08-19T10:48:11Z	180.00000	1555.19626	1538.06248	1524.94184
2025-08-19T10:48:11Z	180.00000	1555.19695	1538.06287	1524.94206
2025-08-19T10:48:11Z	180.00000	1555.19503	1538.06244	1524.94282
2025-08-19T10:48:11Z	181.00000	1555.19645	1538.06285	1524.94283
2025-08-19T10:48:11Z	181.00000	1555.19525	1538.06219	1524.94207
2025-08-19T10:48:11Z	181.00000	1555.19450	1538.06260	1524.94262
2025-08-19T10:48:11Z	181.00000	1555.19483	1538.06262	1524.94271
2025-08-19T10:48:11Z	181.00000	1555.19516	1538.06258	1524.94300
2025-08-19T10:48:11Z	181.00000	1555.19528	1538.06346	1524.94226
2025-08-19T10:48:11Z	181.00000	1555.19469	1538.06402	1524.94273
2025-08-19T10:48:12Z	181.00000	1555.19447	1538.06421	1524.94237
2025-08-19T10:48:12Z	181.00000	1555.19521	1538.06529	1524.94255
2025-08-19T10:48:12Z	181.00000	1555.19476	1538.06449	1524.94269
2025-08-19T10:48:12Z	182.00000	1555.19548	1538.06529	1524.94367
2025-08-19T10:48:12Z	182.00000	1555.19550	1538.06499	1524.94290
2025-08-19T10:48:12Z	182.00000	1555.19800	1538.06534	1524.94374
2025-08-19T10:48:12Z	182.00000	1555.19832	1538.06503	1524.94335
2025-08-19T10:48:12Z	182.00000	1555.19830	1538.06452	1524.94319
2025-08-19T10:48:12Z	182.00000	1555.19825	1538.06372	1524.94261
2025-08-19T10:48:12Z	182.00000	1555.19898	1538.06467	1524.94302
2025-08-19T10:48:13Z	182.00000	1555.19916	1538.06445	1524.94298
2025-08-19T10:48:13Z	182.00000	1555.19973	1538.06469	1524.94362
2025-08-19T10:48:13Z	182.00000	1555.19939	1538.06416	1524.94227
2025-08-19T10:48:13Z	183.00000	1555.19922	1538.06477	1524.94323
2025-08-19T10:48:13Z	183.00000	1555.19892	1538.06489	1524.94333
2025-08-19T10:48:13Z	183.00000	1555.19925	1538.06483	1524.94325
2025-08-19T10:48:13Z	183.00000	1555.20014	1538.06572	1524.94300
2025-08-19T10:48:13Z	183.00000	1555.19906	1538.06495	1524.94295
2025-08-19T10:48:13Z	183.00000	1555.19951	1538.06502	1524.94280
2025-08-19T10:48:13Z	183.00000	1555.19947	1538.06516	1524.94255
2025-08-19T10:48:14Z	183.00000	1555.20106	1538.06629	1524.94357
2025-08-19T10:48:14Z	183.00000	1555.20058	1538.06657	1524.94324
2025-08-19T10:48:14Z	183.00000	1555.20049	1538.06644	1524.94298
2025-08-19T10:48:14Z	184.00000	1555.19928	1538.06573	1524.94333
2025-08-19T10:48:14Z	184.00000	1555.20101	1538.06675	1524.94326
2025-08-19T10:48:14Z	184.00000	1555.19939	1538.06569	1524.94403
2025-08-19T10:48:14Z	184.00000	1555.19768	1538.06413	1524.94331
2025-08-19T10:48:14Z	184.00000	1555.19986	1538.06672	1524.94375
2025-08-19T10:48:14Z	184.00000	1555.19975	1538.06612	1524.94387
2025-08-19T10:48:14Z	184.00000	1555.19784	1538.06605	1524.94374
2025-08-19T10:48:15Z	184.00000	1555.20380	1538.06884	1524.94388
2025-08-19T10:48:15Z	184.00000	1555.20399	1538.06924	1524.94355
2025-08-19T10:48:15Z	184.00000	1555.20321	1538.06987	1524.94419
2025-08-19T10:48:15Z	185.00000	1555.20367	1538.06788	1524.94388
2025-08-19T10:48:15Z	185.00000	1555.20335	1538.06756	1524.94265
2025-08-19T10:48:15Z	185.00000	1555.20346	1538.06677	1524.94321
2025-08-19T10:48:15Z	185.00000	1555.20423	1538.06684	1524.94348
2025-08-19T10:48:15Z	185.00000	1555.20369	1538.06709	1524.94345
2025-08-19T10:48:15Z	185.00000	1555.20395	1538.06669	1524.94400
2025-08-19T10:48:15Z	185.00000	1555.20435	1538.06686	1524.94410
2025-08-19T10:48:16Z	185.00000	1555.20411	1538.06689	1524.94420
2025-08-19T10:48:16Z	185.00000	1555.20375	1538.06630	1524.94365
2025-08-19T10:48:16Z	185.00000	1555.20310	1538.06588	1524.94336
2025-08-19T10:48:16Z	186.00000	1555.20216	1538.06523	1524.94423
2025-08-19T10:48:16Z	186.00000	1555.20142	1538.06671	1524.94390
2025-08-19T10:48:16Z	186.00000	1555.20186	1538.06636	1524.94489
2025-08-19T10:48:16Z	186.00000	1555.20253	1538.06649	1524.94351
2025-08-19T10:48:16Z	186.00000	1555.20225	1538.06714	1524.94365
2025-08-19T10:48:16Z	186.00000	1555.20312	1538.06603	1524.94402
2025-08-19T10:48:16Z	186.00000	1555.19212	1538.06095	1524.94228
2025-08-19T10:48:17Z	186.00000	1555.19471	1538.06273	1524.94228
2025-08-19T10:48:17Z	186.00000	1555.20197	1538.06915	1524.94543
2025-08-19T10:48:17Z	186.00000	1555.20400	1538.06833	1524.94485
2025-08-19T10:48:17Z	187.00000	1555.19661	1538.06561	1524.94318
2025-08-19T10:48:17Z	187.00000	1555.19926	1538.06512	1524.94296
2025-08-19T10:48:17Z	187.00000	1555.20106	1538.06650	1524.94426
2025-08-19T10:48:17Z	187.00000	1555.19849	1538.06444	1524.94410
2025-08-19T10:48:17Z	187.00000	1555.19963	1538.06505	1524.94407
2025-08-19T10:48:17Z	187.00000	1555.20164	1538.06652	1524.94510
2025-08-19T10:48:17Z	187.00000	1555.20150	1538.06595	1524.94402
2025-08-19T10:48:18Z	187.00000	1555.19991	1538.06486	1524.94366
2025-08-19T10:48:18Z	187.00000	1555.19929	1538.06555	1524.94372
2025-08-19T10:48:18Z	187.00000	1555.20137	1538.06768	1524.94331
2025-08-19T10:48:18Z	188.00000	1555.20095	1538.06706	1524.94283
2025-08-19T10:48:18Z	188.00000	1555.20148	1538.06675	1524.94346
2025-08-19T10:48:18Z	188.00000	1555.20114	1538.06458	1524.94382
2025-08-19T10:48:18Z	188.00000	1555.20126	1538.06546	1524.94398
2025-08-19T10:48:18Z	188.00000	1555.20123	1538.06531	1524.94412
2025-08-19T10:48:18Z	188.00000	1555.20181	1538.06558	1524.94435
2025-08-19T10:48:18Z	188.00000	1555.20138	1538.06446	1524.94285
2025-08-19T10:48:19Z	188.00000	1555.20059	1538.06492	1524.94350
2025-08-19T10:48:19Z	188.00000	1555.19998	1538.06370	1524.94263
2025-08-19T10:48:19Z	188.00000	1555.19936	1538.06351	1524.94298
2025-08-19T10:48:19Z	189.00000	1555.20035	1538.06438	1524.94305
2025-08-19T10:48:19Z	189.00000	1555.20070	1538.06407	1524.94301
2025-08-19T10:48:19Z	189.00000	1555.19969	1538.06360	1524.94295
2025-08-19T10:48:19Z	189.00000	1555.19890	1538.06383	1524.94307
2025-08-19T10:48:19Z	189.00000	1555.19790	1538.06355	1524.94383
2025-08-19T10:48:19Z	189.00000	1555.19898	1538.06446	1524.94338
2025-08-19T10:48:19Z	189.00000	1555.19740	1538.06404	1524.94355
2025-08-19T10:48:20Z	189.00000	1555.19856	1538.06464	1524.94394
2025-08-19T10:48:20Z	189.00000	1555.19786	1538.06463	1524.94266
2025-08-19T10:48:20Z	189.00000	1555.19711	1538.06464	1524.94311
2025-08-19T10:48:20Z	190.00000	1555.19794	1538.06490	1524.94373
2025-08-19T10:48:20Z	190.00000	1555.19987	1538.06591	1524.94407
2025-08-19T10:48:20Z	190.00000	1555.19841	1538.06582	1524.94384
2025-08-19T10:48:20Z	190.00000	1555.19845	1538.06600	1524.94392
2025-08-19T10:48:20Z	190.00000	1555.19847	1538.06640	1524.94338
2025-08-19T10:48:20Z	190.00000	1555.19841	1538.06425	1524.94385
2025-08-19T10:48:20Z	190.00000	1555.19868	1538.06358	1524.94339
2025-08-19T10:48:21Z	190.00000	1555.20060	1538.06399	1524.94401
2025-08-19T10:48:21Z	190.00000	1555.20061	1538.06375	1524.94308
2025-08-19T10:48:21Z	190.00000	1555.20055	1538.06394	1524.94398
2025-08-19T10:48:21Z	191.00000	1555.19964	1538.06309	1524.94337
2025-08-19T10:48:21Z	191.00000	1555.19977	1538.06358	1524.94288
2025-08-19T10:48:21Z	191.00000	1555.20076	1538.06384	1524.94345
2025-08-19T10:48:21Z	191.00000	1555.20103	1538.06365	1524.94313
2025-08-19T10:48:21Z	191.00000	1555.19979	1538.06355	1524.94292
2025-08-19T10:48:21Z	191.00000	1555.19971	1538.06373	1524.94357
2025-08-19T10:48:21Z	191.00000	1555.19970	1538.06415	1524.94341
2025-08-19T10:48:22Z	191.00000	1555.20054	1538.06494	1524.94292
2025-08-19T10:48:22Z	191.00000	1555.20009	1538.06417	1524.94314
2025-08-19T10:48:22Z	191.00000	1555.19908	1538.06380	1524.94335
2025-08-19T10:48:22Z	192.00000	1555.19730	1538.06411	1524.94335
2025-08-19T10:48:22Z	192.00000	1555.19943	1538.06423	1524.94290
2025-08-19T10:48:22Z	192.00000	1555.19837	1538.06345	1524.94319
2025-08-19T10:48:22Z	192.00000	1555.19744	1538.06339	1524.94335
2025-08-19T10:48:22Z	192.00000	1555.19844	1538.06406	1524.94298
2025-08-19T10:48:22Z	192.00000	1555.19828	1538.06464	1524.94369
2025-08-19T10:48:22Z	192.00000	1555.19841	1538.06428	1524.94325
2025-08-19T10:48:23Z	192.00000	1555.19732	1538.06430	1524.94270
2025-08-19T10:48:23Z	192.00000	1555.19871	1538.06498	1524.94305
2025-08-19T10:48:23Z	192.00000	1555.19900	1538.06510	1524.94352
2025-08-19T10:48:23Z	193.00000	1555.19844	1538.06392	1524.94363
2025-08-19T10:48:23Z	193.00000	1555.19919	1538.06462	1524.94343
2025-08-19T10:48:23Z	193.00000	1555.19910	1538.06491	1524.94339
2025-08-19T10:48:23Z	193.00000	1555.19968	1538.06498	1524.94363
2025-08-19T10:48:23Z	193.00000	1555.19930	1538.06382	1524.94400
2025-08-19T10:48:23Z	193.00000	1555.19953	1538.06445	1524.94390
2025-08-19T10:48:23Z	193.00000	1555.20026	1538.06489	1524.94445
2025-08-19T10:48:24Z	193.00000	1555.19944	1538.06406	1524.94299
2025-08-19T10:48:24Z	193.00000	1555.19916	1538.06428	1524.94324
2025-08-19T10:48:24Z	193.00000	1555.19997	1538.06396	1524.94459
2025-08-19T10:48:24Z	194.00000	1555.20057	1538.06485	1524.94395
2025-08-19T10:48:24Z	194.00000	1555.19984	1538.06414	1524.94415
2025-08-19T10:48:24Z	194.00000	1555.20071	1538.06504	1524.94396
2025-08-19T10:48:24Z	194.00000	1555.19980	1538.06469	1524.94387
2025-08-19T10:48:24Z	194.00000	1555.19962	1538.06393	1524.94351
2025-08-19T10:48:24Z	194.00000	1555.20058	1538.06459	1524.94283
2025-08-19T10:48:24Z	194.00000	1555.20088	1538.06466	1524.94317
2025-08-19T10:48:25Z	194.00000	1555.20084	1538.06437	1524.94272
2025-08-19T10:48:25Z	194.00000	1555.20126	1538.06574	1524.94336
2025-08-19T10:48:25Z	194.00000	1555.19800	1538.06379	1524.94302
2025-08-19T10:48:25Z	195.00000	1555.19910	1538.06535	1524.94374
2025-08-19T10:48:25Z	195.00000	1555.19934	1538.06502	1524.94366
2025-08-19T10:48:25Z	195.00000	1555.20013	1538.06549	1524.94299
2025-08-19T10:48:25Z	195.00000	1555.20021	1538.06541	1524.94349
2025-08-19T10:48:25Z	195.00000	1555.19785	1538.06492	1524.94306
2025-08-19T10:48:25Z	195.00000	1555.19916	1538.06530	1524.94308
2025-08-19T10:48:25Z	195.00000	1555.20091	1538.06692	1524.94384
2025-08-19T10:48:26Z	195.00000	1555.20046	1538.06612	1524.94332
2025-08-19T10:48:26Z	195.00000	1555.19922	1538.06570	1524.94316
2025-08-19T10:48:26Z	195.00000	1555.19922	1538.06551	1524.94289
2025-08-19T10:48:26Z	196.00000	1555.19982	1538.06525	1524.94345
2025-08-19T10:48:26Z	196.00000	1555.19920	1538.06513	1524.94362
2025-08-19T10:48:26Z	196.00000	1555.19957	1538.06533	1524.94318
2025-08-19T10:48:26Z	196.00000	1555.19910	1538.06462	1524.94393
2025-08-19T10:48:26Z	196.00000	1555.19887	1538.06445	1524.94299
2025-08-19T10:48:26Z	196.00000	1555.19964	1538.06427	1524.94380
2025-08-19T10:48:26Z	196.00000	1555.19874	1538.06457	1524.94332
2025-08-19T10:48:27Z	196.00000	1555.20094	1538.06523	1524.94351
2025-08-19T10:48:27Z	196.00000	1555.20169	1538.06569	1524.94362
2025-08-19T10:48:27Z	196.00000	1555.20015	1538.06521	1524.94300
2025-08-19T10:48:27Z	197.00000	1555.19985	1538.06519	1524.94325
2025-08-19T10:48:27Z	197.00000	1555.19886	1538.06415	1524.94293
2025-08-19T10:48:27Z	197.00000	1555.20017	1538.06464	1524.94339
2025-08-19T10:48:27Z	197.00000	1555.20134	1538.06549	1524.94345
2025-08-19T10:48:27Z	197.00000	1555.20089	1538.06515	1524.94340
2025-08-19T10:48:27Z	197.00000	1555.20055	1538.06469	1524.94291
2025-08-19T10:48:27Z	197.00000	1555.20077	1538.06498	1524.94415
2025-08-19T10:48:28Z	197.00000	1555.20059	1538.06531	1524.94386
2025-08-19T10:48:28Z	197.00000	1555.20056	1538.06504	1524.94381
2025-08-19T10:48:28Z	197.00000	1555.20025	1538.06377	1524.94271
2025-08-19T10:48:28Z	198.00000	1555.20033	1538.06450	1524.94354
2025-08-19T10:48:28Z	198.00000	1555.20094	1538.06579	1524.94454
2025-08-19T10:48:28Z	198.00000	1555.20093	1538.06486	1524.94455
2025-08-19T10:48:28Z	198.00000	1555.19454	1538.06188	1524.94320
2025-08-19T10:48:28Z	198.00000	1555.20386	1538.06762	1524.94430
2025-08-19T10:48:28Z	198.00000	1555.19840	1538.06424	1524.94295
2025-08-19T10:48:28Z	198.00000	1555.20204	1538.06671	1524.94304
2025-08-19T10:48:29Z	198.00000	1555.19531	1538.06248	1524.94316
2025-08-19T10:48:29Z	198.00000	1555.19700	1538.06338	1524.94303
2025-08-19T10:48:29Z	198.00000	1555.19850	1538.06377	1524.94252
2025-08-19T10:48:29Z	199.00000	1555.19996	1538.06545	1524.94410
2025-08-19T10:48:29Z	199.00000	1555.19975	1538.06536	1524.94401
2025-08-19T10:48:29Z	199.00000	1555.20186	1538.06548	1524.94393
2025-08-19T10:48:29Z	199.00000	1555.19625	1538.06332	1524.94171
2025-08-19T10:48:29Z	199.00000	1555.19835	1538.06406	1524.94293
2025-08-19T10:48:29Z	199.00000	1555.19544	1538.06247	1524.94230
2025-08-19T10:48:29Z	199.00000	1555.19472	1538.06085	1524.94337
2025-08-19T10:48:30Z	199.00000	1555.19706	1538.06151	1524.94188
2025-08-19T10:48:30Z	199.00000	1555.19391	1538.06074	1524.94192
2025-08-19T10:48:30Z	199.00000	1555.19411	1538.06066	1524.94199
2025-08-19T10:48:30Z	200.00000	1555.19259	1538.06000	1524.94201
2025-08-19T10:48:30Z	200.00000	1555.19154	1538.06078	1524.94142
2025-08-19T10:48:30Z	200.00000	1555.19281	1538.06043	1524.94183
2025-08-19T10:48:30Z	200.00000	1555.19339	1538.06185	1524.94257
2025-08-19T10:48:30Z	200.00000	1555.19209	1538.06151	1524.94261
2025-08-19T10:48:30Z	200.00000	1555.19347	1538.06184	1524.94252
2025-08-19T10:48:30Z	200.00000	1555.19380	1538.06337	1524.94245
2025-08-19T10:48:31Z	200.00000	1555.19590	1538.06320	1524.94230
2025-08-19T10:48:31Z	200.00000	1555.19624	1538.06271	1524.94258
2025-08-19T10:48:31Z	200.00000	1555.19385	1538.06175	1524.94320
2025-08-19T10:48:31Z	201.00000	1555.19569	1538.06365	1524.94192
2025-08-19T10:48:31Z	201.00000	1555.19556	1538.06263	1524.94268
2025-08-19T10:48:31Z	201.00000	1555.19415	1538.06143	1524.94186
2025-08-19T10:48:31Z	201.00000	1555.19454	1538.06237	1524.94273
2025-08-19T10:48:31Z	201.00000	1555.19348	1538.06077	1524.94219
2025-08-19T10:48:31Z	201.00000	1555.19301	1538.06071	1524.94196
2025-08-19T10:48:31Z	201.00000	1555.19424	1538.06249	1524.94320
2025-08-19T10:48:32Z	201.00000	1555.19588	1538.06375	1524.94283
2025-08-19T10:48:32Z	201.00000	1555.19385	1538.06263	1524.94245
2025-08-19T10:48:32Z	201.00000	1555.19271	1538.06131	1524.94289
2025-08-19T10:48:32Z	202.00000	1555.19610	1538.06302	1524.94340
2025-08-19T10:48:32Z	202.00000	1555.19654	1538.06351	1524.94280
2025-08-19T10:48:32Z	202.00000	1555.19463	1538.06241	1524.94189
2025-08-19T10:48:32Z	202.00000	1555.19390	1538.06142	1524.94196
2025-08-19T10:48:32Z	202.00000	1555.19525	1538.06259	1524.94281
2025-08-19T10:48:32Z	202.00000	1555.19506	1538.06186	1524.94193
2025-08-19T10:48:32Z	202.00000	1555.19432	1538.06164	1524.94068
2025-08-19T10:48:33Z	202.00000	1555.19471	1538.06193	1524.94233
2025-08-19T10:48:33Z	203.00000	1555.19707	1538.06272	1524.94240
2025-08-19T10:48:33Z	203.00000	1555.19481	1538.06139	1524.94168
2025-08-19T10:48:33Z	203.00000	1555.19763	1538.06342	1524.94346
2025-08-19T10:48:33Z	203.00000	1555.19599	1538.06374	1524.94237
2025-08-19T10:48:33Z	203.00000	1555.19283	1538.06105	1524.94081
2025-08-19T10:48:33Z	203.00000	1555.19327	1538.06070	1524.94366
2025-08-19T10:48:33Z	203.00000	1555.19327	1538.06104	1524.94146
2025-08-19T10:48:34Z	203.00000	1555.19276	1538.06044	1524.94213
2025-08-19T10:48:34Z	203.00000	1555.19889	1538.06443	1524.94276
2025-08-19T10:48:34Z	203.00000	1555.19550	1538.06260	1524.94224
2025-08-19T10:48:34Z	204.00000	1555.19360	1538.06221	1524.94162
2025-08-19T10:48:34Z	204.00000	1555.19388	1538.06227	1524.94179
2025-08-19T10:48:34Z	204.00000	1555.19422	1538.06257	1524.94257
2025-08-19T10:48:34Z	204.00000	1555.19639	1538.06300	1524.94318
2025-08-19T10:48:34Z	204.00000	1555.19420	1538.06148	1524.94215
2025-08-19T10:48:34Z	204.00000	1555.19497	1538.06361	1524.94185
2025-08-19T10:48:35Z	204.00000	1555.19672	1538.06243	1524.94252
2025-08-19T10:48:35Z	204.00000	1555.19500	1538.06168	1524.94320
2025-08-19T10:48:35Z	205.00000	1555.19516	1538.06214	1524.94206
2025-08-19T10:48:35Z	205.00000	1555.19551	1538.06297	1524.94188
2025-08-19T10:48:35Z	205.00000	1555.19439	1538.06160	1524.94254
2025-08-19T10:48:36Z	205.00000	1555.19341	1538.06274	1524.94159
2025-08-19T10:48:36Z	205.00000	1555.19406	1538.06292	1524.94219
2025-08-19T10:48:36Z	206.00000	1555.19398	1538.06190	1524.94325
2025-08-19T10:48:36Z	206.00000	1555.19330	1538.06195	1524.94262
2025-08-19T10:48:36Z	206.00000	1555.19452	1538.06812	1524.94263
2025-08-19T10:48:36Z	206.00000	1555.19469	1538.06961	1524.94297
2025-08-19T10:48:37Z	206.00000	1555.19515	1538.06934	1524.94200
2025-08-19T10:48:37Z	206.00000	1555.19866	1538.06881	1524.94228
2025-08-19T10:48:37Z	206.00000	1555.19696	1538.06427	1524.94193
2025-08-19T10:48:37Z	207.00000	1555.20199	1538.06727	1524.94296
2025-08-19T10:48:37Z	207.00000	1555.20274	1538.06708	1524.94425
2025-08-19T10:48:37Z	207.00000	1555.20359	1538.06766	1524.94350
2025-08-19T10:48:37Z	207.00000	1555.20067	1538.06603	1524.94447
2025-08-19T10:48:37Z	207.00000	1555.20126	1538.06552	1524.94393
2025-08-19T10:48:38Z	207.00000	1555.20101	1538.06681	1524.94321
2025-08-19T10:48:38Z	207.00000	1555.20185	1538.06670	1524.94412
2025-08-19T10:48:38Z	208.00000	1555.19643	1538.06379	1524.94337
2025-08-19T10:48:38Z	208.00000	1555.19964	1538.06502	1524.94324
2025-08-19T10:48:38Z	208.00000	1555.19929	1538.06480	1524.94408
2025-08-19T10:48:38Z	208.00000	1555.19744	1538.06422	1524.94355
2025-08-19T10:48:38Z	208.00000	1555.19865	1538.06440	1524.94295
2025-08-19T10:48:38Z	208.00000	1555.19789	1538.06339	1524.94308
2025-08-19T10:48:38Z	208.00000	1555.20197	1538.06505	1524.94347
2025-08-19T10:48:39Z	208.00000	1555.20305	1538.06716	1524.94360
2025-08-19T10:48:39Z	208.00000	1555.20116	1538.06350	1524.94377
2025-08-19T10:48:39Z	208.00000	1555.20293	1538.06482	1524.94164
2025-08-19T10:48:39Z	209.00000	1555.20326	1538.06755	1524.94490
2025-08-19T10:48:39Z	209.00000	1555.20089	1538.06452	1524.94430
2025-08-19T10:48:39Z	209.00000	1555.20349	1538.06847	1524.94512
2025-08-19T10:48:39Z	209.00000	1555.20136	1538.06456	1524.94418
2025-08-19T10:48:39Z	209.00000	1555.20175	1538.06567	1524.94439
2025-08-19T10:48:39Z	209.00000	1555.20289	1538.06715	1524.94452
2025-08-19T10:48:39Z	209.00000	1555.19991	1538.06464	1524.94285
2025-08-19T10:48:40Z	209.00000	1555.19911	1538.06446	1524.94285
2025-08-19T10:48:40Z	209.00000	1555.20212	1538.06646	1524.94330
2025-08-19T10:48:40Z	209.00000	1555.20208	1538.06619	1524.94459
2025-08-19T10:48:40Z	210.00000	1555.19820	1538.06480	1524.94278
2025-08-19T10:48:40Z	210.00000	1555.20094	1538.06583	1524.94372
2025-08-19T10:48:40Z	210.00000	1555.20096	1538.06614	1524.94458
2025-08-19T10:48:40Z	210.00000	1555.20381	1538.06764	1524.94361
2025-08-19T10:48:40Z	210.00000	1555.19859	1538.06466	1524.94347
2025-08-19T10:48:40Z	210.00000	1555.19768	1538.06364	1524.94315
2025-08-19T10:48:40Z	210.00000	1555.20309	1538.06759	1524.94459
2025-08-19T10:48:41Z	210.00000	1555.20325	1538.06744	1524.94302
2025-08-19T10:48:41Z	210.00000	1555.20023	1538.06392	1524.94261
2025-08-19T10:48:41Z	210.00000	1555.19811	1538.06308	1524.94179
2025-08-19T10:48:41Z	211.00000	1555.20215	1538.06596	1524.94301
2025-08-19T10:48:41Z	211.00000	1555.20247	1538.06789	1524.94345
2025-08-19T10:48:41Z	211.00000	1555.19970	1538.06469	1524.94251
2025-08-19T10:48:41Z	211.00000	1555.19739	1538.06321	1524.94271
2025-08-19T10:48:41Z	211.00000	1555.20035	1538.06338	1524.94294
2025-08-19T10:48:41Z	211.00000	1555.20071	1538.06358	1524.94329
2025-08-19T10:48:41Z	211.00000	1555.20059	1538.06316	1524.94308
2025-08-19T10:48:42Z	211.00000	1555.20255	1538.06650	1524.94278
2025-08-19T10:48:42Z	211.00000	1555.19988	1538.06258	1524.94337
2025-08-19T10:48:42Z	211.00000	1555.19787	1538.06312	1524.94287
2025-08-19T10:48:42Z	212.00000	1555.20252	1538.06687	1524.94365
2025-08-19T10:48:42Z	212.00000	1555.20160	1538.06596	1524.94368
2025-08-19T10:48:42Z	212.00000	1555.19973	1538.06644	1524.94370
2025-08-19T10:48:42Z	212.00000	1555.20261	1538.06789	1524.94333
2025-08-19T10:48:42Z	212.00000	1555.20165	1538.06477	1524.94307
2025-08-19T10:48:42Z	212.00000	1555.20159	1538.06422	1524.94339
2025-08-19T10:48:42Z	212.00000	1555.20065	1538.06428	1524.94374
2025-08-19T10:48:43Z	212.00000	1555.20017	1538.06519	1524.94437
2025-08-19T10:48:43Z	212.00000	1555.19889	1538.06506	1524.94423
2025-08-19T10:48:43Z	212.00000	1555.19983	1538.06525	1524.94394
2025-08-19T10:48:43Z	213.00000	1555.19643	1538.06333	1524.94328
2025-08-19T10:48:43Z	213.00000	1555.19528	1538.06230	1524.94335
2025-08-19T10:48:43Z	213.00000	1555.19784	1538.06409	1524.94342
2025-08-19T10:48:43Z	213.00000	1555.19700	1538.06608	1524.94353
2025-08-19T10:48:43Z	213.00000	1555.19600	1538.06451	1524.94379
2025-08-19T10:48:43Z	213.00000	1555.19485	1538.06262	1524.94293
2025-08-19T10:48:43Z	213.00000	1555.19610	1538.06412	1524.94271
2025-08-19T10:48:44Z	213.00000	1555.19367	1538.06121	1524.94387
2025-08-19T10:48:44Z	213.00000	1555.19960	1538.06596	1524.94345
2025-08-19T10:48:44Z	213.00000	1555.20339	1538.06644	1524.94306
2025-08-19T10:48:44Z	214.00000	1555.20291	1538.06388	1524.94330
2025-08-19T10:48:44Z	214.00000	1555.20421	1538.06399	1524.94286
2025-08-19T10:48:44Z	214.00000	1555.20499	1538.06454	1524.94392
2025-08-19T10:48:44Z	214.00000	1555.20379	1538.06154	1524.94146
2025-08-19T10:48:44Z	214.00000	1555.20508	1538.06216	1524.94193
2025-08-19T10:48:44Z	214.00000	1555.20410	1538.06361	1524.94262
2025-08-19T10:48:44Z	214.00000	1555.20468	1538.06310	1524.94246
2025-08-19T10:48:45Z	214.00000	1555.20370	1538.06530	1524.94294
2025-08-19T10:48:45Z	214.00000	1555.20387	1538.06846	1524.94450
2025-08-19T10:48:45Z	214.00000	1555.20337	1538.06695	1524.94318
2025-08-19T10:48:45Z	215.00000	1555.20438	1538.06702	1524.94389
2025-08-19T10:48:45Z	215.00000	1555.20338	1538.06482	1524.94350
2025-08-19T10:48:45Z	215.00000	1555.20486	1538.06839	1524.95420
2025-08-19T10:48:45Z	215.00000	1555.20464	1538.06868	1524.96191
2025-08-19T10:48:45Z	215.00000	1555.20552	1538.07078	1524.96628
2025-08-19T10:48:45Z	215.00000	1555.20487	1538.07425	1524.96756
2025-08-19T10:48:45Z	215.00000	1555.20480	1538.07432	1524.96827
2025-08-19T10:48:46Z	215.00000	1555.20502	1538.07621	1524.96799
2025-08-19T10:48:46Z	215.00000	1555.20843	1538.07754	1524.96526
2025-08-19T10:48:46Z	215.00000	1555.20991	1538.07768	1524.96036
2025-08-19T10:48:46Z	216.00000	1555.21139	1538.07837	1524.95574
2025-08-19T10:48:46Z	216.00000	1555.21190	1538.07810	1524.95303
2025-08-19T10:48:46Z	216.00000	1555.21314	1538.07963	1524.95027
2025-08-19T10:48:46Z	216.00000	1555.21460	1538.07803	1524.94493
2025-08-19T10:48:46Z	216.00000	1555.21479	1538.07750	1524.94313
2025-08-19T10:48:46Z	216.00000	1555.21466	1538.07695	1524.94405
2025-08-19T10:48:46Z	216.00000	1555.21428	1538.07539	1524.94528
2025-08-19T10:48:47Z	216.00000	1555.21468	1538.07441	1524.94318
2025-08-19T10:48:47Z	216.00000	1555.21312	1538.07021	1524.94393
2025-08-19T10:48:47Z	216.00000	1555.20953	1538.06871	1524.94445
2025-08-19T10:48:47Z	217.00000	1555.20762	1538.07091	1524.94339
2025-08-19T10:48:47Z	217.00000	1555.20635	1538.07608	1524.94461
2025-08-19T10:48:47Z	217.00000	1555.20643	1538.07554	1524.94377
2025-08-19T10:48:47Z	217.00000	1555.20582	1538.07452	1524.94358
2025-08-19T10:48:47Z	217.00000	1555.21142	1538.07032	1524.94297
2025-08-19T10:48:47Z	217.00000	1555.20938	1538.06884	1524.94239
2025-08-19T10:48:47Z	217.00000	1555.20746	1538.06734	1524.94268
2025-08-19T10:48:48Z	217.00000	1555.20678	1538.06680	1524.94221
2025-08-19T10:48:48Z	217.00000	1555.20433	1538.06419	1524.94284
2025-08-19T10:48:48Z	217.00000	1555.20412	1538.06218	1524.94388
2025-08-19T10:48:48Z	218.00000	1555.20404	1538.06308	1524.94398
2025-08-19T10:48:48Z	218.00000	1555.20252	1538.06243	1524.94312
2025-08-19T10:48:48Z	218.00000	1555.20265	1538.06857	1524.94286
2025-08-19T10:48:48Z	218.00000	1555.20134	1538.06685	1524.94310
2025-08-19T10:48:48Z	218.00000	1555.20001	1538.06547	1524.94145
2025-08-19T10:48:48Z	218.00000	1555.20404	1538.06405	1524.94277
2025-08-19T10:48:48Z	218.00000	1555.20421	1538.06662	1524.94181
2025-08-19T10:48:49Z	218.00000	1555.20714	1538.06729	1524.94338
2025-08-19T10:48:49Z	218.00000	1555.21343	1538.06903	1524.94286
2025-08-19T10:48:49Z	218.00000	1555.20975	1538.06559	1524.94169
2025-08-19T10:48:49Z	219.00000	1555.20758	1538.06305	1524.94235
2025-08-19T10:48:49Z	219.00000	1555.20589	1538.06093	1524.94398
2025-08-19T10:48:49Z	219.00000	1555.20515	1538.06193	1524.94165
2025-08-19T10:48:49Z	219.00000	1555.20396	1538.06406	1524.94231
2025-08-19T10:48:49Z	219.00000	1555.20203	1538.06760	1524.94230
2025-08-19T10:48:49Z	219.00000	1555.19898	1538.06646	1524.94177
2025-08-19T10:48:49Z	219.00000	1555.19707	1538.06398	1524.94137
2025-08-19T10:48:50Z	219.00000	1555.19575	1538.06363	1524.94172
2025-08-19T10:48:50Z	219.00000	1555.19742	1538.06343	1524.94178
2025-08-19T10:48:50Z	219.00000	1555.19939	1538.06464	1524.94250
2025-08-19T10:48:50Z	220.00000	1555.20006	1538.06373	1524.94220
2025-08-19T10:48:50Z	220.00000	1555.20132	1538.06178	1524.94193
2025-08-19T10:48:50Z	220.00000	1555.19912	1538.06156	1524.94261
2025-08-19T10:48:50Z	220.00000	1555.20147	1538.06369	1524.94280
2025-08-19T10:48:50Z	220.00000	1555.20028	1538.06277	1524.94252
2025-08-19T10:48:50Z	220.00000	1555.20063	1538.06381	1524.94267
2025-08-19T10:48:50Z	220.00000	1555.19732	1538.06269	1524.94230
2025-08-19T10:48:51Z	220.00000	1555.19689	1538.06336	1524.94224
2025-08-19T10:48:51Z	220.00000	1555.19561	1538.06266	1524.94369
2025-08-19T10:48:51Z	220.00000	1555.19535	1538.06235	1524.94258
2025-08-19T10:48:51Z	221.00000	1555.19511	1538.06233	1524.94232
2025-08-19T10:48:51Z	221.00000	1555.19535	1538.06238	1524.94292
2025-08-19T10:48:51Z	221.00000	1555.19513	1538.06329	1524.94296
2025-08-19T10:48:51Z	221.00000	1555.19597	1538.06366	1524.94334
2025-08-19T10:48:51Z	221.00000	1555.19434	1538.06333	1524.94215
2025-08-19T10:48:51Z	221.00000	1555.19466	1538.06382	1524.94349
2025-08-19T10:48:51Z	221.00000	1555.19501	1538.06265	1524.94353
2025-08-19T10:48:52Z	221.00000	1555.19419	1538.06267	1524.94289
2025-08-19T10:48:52Z	221.00000	1555.19678	1538.06356	1524.94299
2025-08-19T10:48:52Z	221.00000	1555.19823	1538.06512	1524.94356
2025-08-19T10:48:52Z	222.00000	1555.19672	1538.06531	1524.94278
2025-08-19T10:48:52Z	222.00000	1555.20048	1538.06806	1524.94465
2025-08-19T10:48:52Z	222.00000	1555.19764	1538.06678	1524.94328
2025-08-19T10:48:52Z	222.00000	1555.19551	1538.06764	1524.94354
2025-08-19T10:48:52Z	222.00000	1555.19601	1538.06715	1524.94272
2025-08-19T10:48:52Z	222.00000	1555.19531	1538.06701	1524.94310
2025-08-19T10:48:52Z	222.00000	1555.19657	1538.06755	1524.94307
2025-08-19T10:48:53Z	222.00000	1555.19523	1538.06747	1524.94317
2025-08-19T10:48:53Z	222.00000	1555.19416	1538.06652	1524.94260
2025-08-19T10:48:53Z	222.00000	1555.19471	1538.06689	1524.94304
2025-08-19T10:48:53Z	223.00000	1555.19517	1538.06531	1524.94271
2025-08-19T10:48:53Z	223.00000	1555.19545	1538.06427	1524.94340
2025-08-19T10:48:53Z	223.00000	1555.19375	1538.06290	1524.94248
2025-08-19T10:48:53Z	223.00000	1555.19882	1538.06567	1524.94374
2025-08-19T10:48:53Z	223.00000	1555.19854	1538.06628	1524.94381
2025-08-19T10:48:53Z	223.00000	1555.19823	1538.06635	1524.94328
2025-08-19T10:48:53Z	223.00000	1555.19582	1538.06422	1524.94369
2025-08-19T10:48:54Z	223.00000	1555.19554	1538.06438	1524.94319
2025-08-19T10:48:54Z	223.00000	1555.19589	1538.06419	1524.94386
2025-08-19T10:48:54Z	223.00000	1555.19559	1538.06340	1524.94277
2025-08-19T10:48:54Z	224.00000	1555.19483	1538.06253	1524.94341
2025-08-19T10:48:54Z	224.00000	1555.19457	1538.06270	1524.94285
2025-08-19T10:48:54Z	224.00000	1555.19620	1538.06341	1524.94394
2025-08-19T10:48:54Z	224.00000	1555.19574	1538.06405	1524.94361
2025-08-19T10:48:54Z	224.00000	1555.19586	1538.06377	1524.94413
2025-08-19T10:48:54Z	224.00000	1555.19572	1538.06408	1524.94430
2025-08-19T10:48:54Z	224.00000	1555.19504	1538.06398	1524.94348
2025-08-19T10:48:55Z	224.00000	1555.19603	1538.06570	1524.94346
2025-08-19T10:48:55Z	224.00000	1555.19752	1538.06510	1524.94357
2025-08-19T10:48:55Z	224.00000	1555.19694	1538.06491	1524.94350
2025-08-19T10:48:55Z	225.00000	1555.19684	1538.06484	1524.94339
2025-08-19T10:48:55Z	225.00000	1555.19833	1538.06497	1524.94354
2025-08-19T10:48:55Z	225.00000	1555.19691	1538.06304	1524.94267
2025-08-19T10:48:55Z	225.00000	1555.19601	1538.06355	1524.94264
2025-08-19T10:48:55Z	225.00000	1555.19959	1538.06465	1524.94359
2025-08-19T10:48:55Z	225.00000	1555.19897	1538.06398	1524.94281
2025-08-19T10:48:55Z	225.00000	1555.19835	1538.06306	1524.94339
2025-08-19T10:48:56Z	225.00000	1555.19820	1538.06379	1524.94265
2025-08-19T10:48:56Z	225.00000	1555.19756	1538.06319	1524.94301
2025-08-19T10:48:56Z	225.00000	1555.19744	1538.06416	1524.94350
2025-08-19T10:48:56Z	226.00000	1555.19651	1538.06353	1524.94318
2025-08-19T10:48:56Z	226.00000	1555.19704	1538.06284	1524.94306
2025-08-19T10:48:56Z	226.00000	1555.19838	1538.06338	1524.94348
2025-08-19T10:48:56Z	226.00000	1555.19820	1538.06373	1524.94314
2025-08-19T10:48:56Z	226.00000	1555.19771	1538.06381	1524.94380
2025-08-19T10:48:56Z	226.00000	1555.19748	1538.06363	1524.94368
2025-08-19T10:48:56Z	226.00000	1555.19758	1538.06399	1524.94278
2025-08-19T10:48:57Z	226.00000	1555.19807	1538.06571	1524.94233
2025-08-19T10:48:57Z	226.00000	1555.19851	1538.06399	1524.94302
2025-08-19T10:48:57Z	226.00000	1555.19850	1538.06259	1524.94265
2025-08-19T10:48:57Z	227.00000	1555.19860	1538.06352	1524.94224
2025-08-19T10:48:57Z	227.00000	1555.19667	1538.06345	1524.94299
2025-08-19T10:48:57Z	227.00000	1555.19563	1538.06328	1524.94162
2025-08-19T10:48:57Z	227.00000	1555.19767	1538.06254	1524.94220
2025-08-19T10:48:57Z	227.00000	1555.20059	1538.06407	1524.94150
2025-08-19T10:48:57Z	227.00000	1555.19632	1538.06368	1524.94285
2025-08-19T10:48:57Z	227.00000	1555.19584	1538.06302	1524.94169
2025-08-19T10:48:58Z	227.00000	1555.20033	1538.06513	1524.94280
2025-08-19T10:48:58Z	227.00000	1555.19585	1538.06240	1524.94250
2025-08-19T10:48:58Z	227.00000	1555.19367	1538.06084	1524.94292
2025-08-19T10:48:58Z	228.00000	1555.20070	1538.06264	1524.94287
2025-08-19T10:48:58Z	228.00000	1555.20427	1538.06234	1524.94376
2025-08-19T10:48:58Z	228.00000	1555.20487	1538.06165	1524.94286
2025-08-19T10:48:58Z	228.00000	1555.20482	1538.06239	1524.94243
2025-08-19T10:48:58Z	228.00000	1555.20755	1538.06484	1524.94281
2025-08-19T10:48:58Z	228.00000	1555.20744	1538.06515	1524.94374
2025-08-19T10:48:58Z	228.00000	1555.20545	1538.06330	1524.94355
2025-08-19T10:48:59Z	228.00000	1555.20483	1538.06324	1524.94269
2025-08-19T10:48:59Z	228.00000	1555.20453	1538.06385	1524.94333
2025-08-19T10:48:59Z	228.00000	1555.20481	1538.06435	1524.94343
2025-08-19T10:48:59Z	229.00000	1555.20374	1538.06659	1524.94384
2025-08-19T10:48:59Z	229.00000	1555.20371	1538.06571	1524.94416
2025-08-19T10:48:59Z	229.00000	1555.20023	1538.06410	1524.94281
2025-08-19T10:48:59Z	229.00000	1555.19672	1538.06413	1524.94165
2025-08-19T10:48:59Z	229.00000	1555.19810	1538.06290	1524.94328
2025-08-19T10:48:59Z	229.00000	1555.19891	1538.06396	1524.94286
2025-08-19T10:48:59Z	229.00000	1555.19991	1538.06478	1524.94327
2025-08-19T10:49:00Z	229.00000	1555.20022	1538.06556	1524.94460
2025-08-19T10:49:00Z	229.00000	1555.20025	1538.06488	1524.94391
2025-08-19T10:49:00Z	229.00000	1555.20097	1538.06589	1524.94443
2025-08-19T10:49:00Z	230.00000	1555.20201	1538.06760	1524.94340
2025-08-19T10:49:00Z	230.00000	1555.19910	1538.06450	1524.94369
2025-08-19T10:49:00Z	230.00000	1555.19769	1538.06439	1524.94283
2025-08-19T10:49:00Z	230.00000	1555.20116	1538.06651	1524.94334
2025-08-19T10:49:00Z	230.00000	1555.20110	1538.06619	1524.94486
2025-08-19T10:49:00Z	230.00000	1555.20128	1538.06728	1524.94427
2025-08-19T10:49:00Z	230.00000	1555.20041	1538.06698	1524.94354
2025-08-19T10:49:01Z	230.00000	1555.19792	1538.06433	1524.94323
2025-08-19T10:49:01Z	230.00000	1555.19862	1538.06545	1524.94364
2025-08-19T10:49:01Z	230.00000	1555.19962	1538.06536	1524.94419
2025-08-19T10:49:01Z	231.00000	1555.19947	1538.06562	1524.94431
2025-08-19T10:49:01Z	231.00000	1555.20053	1538.06657	1524.94367
2025-08-19T10:49:01Z	231.00000	1555.19984	1538.06493	1524.94396
2025-08-19T10:49:01Z	231.00000	1555.20067	1538.06558	1524.94344
2025-08-19T10:49:01Z	231.00000	1555.20056	1538.06562	1524.94323
2025-08-19T10:49:01Z	231.00000	1555.20023	1538.06518	1524.94462
2025-08-19T10:49:01Z	231.00000	1555.19968	1538.06433	1524.94379
2025-08-19T10:49:02Z	231.00000	1555.20035	1538.06544	1524.94267
2025-08-19T10:49:02Z	231.00000	1555.19948	1538.06506	1524.94419
2025-08-19T10:49:02Z	231.00000	1555.20023	1538.06548	1524.94482
2025-08-19T10:49:02Z	232.00000	1555.20074	1538.06606	1524.94426
2025-08-19T10:49:02Z	232.00000	1555.20003	1538.06689	1524.94259
2025-08-19T10:49:02Z	232.00000	1555.20162	1538.06741	1524.94392
2025-08-19T10:49:02Z	232.00000	1555.19998	1538.06568	1524.94390
2025-08-19T10:49:02Z	232.00000	1555.19957	1538.06512	1524.94432
2025-08-19T10:49:02Z	232.00000	1555.20110	1538.06625	1524.94387
2025-08-19T10:49:02Z	232.00000	1555.19910	1538.06567	1524.94280
2025-08-19T10:49:03Z	232.00000	1555.19821	1538.06485	1524.94362
2025-08-19T10:49:03Z	232.00000	1555.19714	1538.06419	1524.94302
2025-08-19T10:49:03Z	232.00000	1555.20012	1538.06631	1524.94409
2025-08-19T10:49:03Z	233.00000	1555.20038	1538.06536	1524.94394
2025-08-19T10:49:03Z	233.00000	1555.20162	1538.06687	1524.94276
2025-08-19T10:49:03Z	233.00000	1555.20064	1538.06578	1524.94422
2025-08-19T10:49:03Z	233.00000	1555.19609	1538.06343	1524.94328
2025-08-19T10:49:03Z	233.00000	1555.20111	1538.06604	1524.94355
2025-08-19T10:49:03Z	233.00000	1555.19988	1538.06499	1524.94423
2025-08-19T10:49:03Z	233.00000	1555.20039	1538.06456	1524.94349
2025-08-19T10:49:04Z	233.00000	1555.20076	1538.06620	1524.94415
2025-08-19T10:49:04Z	233.00000	1555.20028	1538.06481	1524.94425
2025-08-19T10:49:04Z	233.00000	1555.19825	1538.06474	1524.94438
2025-08-19T10:49:04Z	234.00000	1555.20063	1538.06657	1524.94383
2025-08-19T10:49:04Z	234.00000	1555.19969	1538.06470	1524.94371
2025-08-19T10:49:04Z	234.00000	1555.19991	1538.06495	1524.94418
2025-08-19T10:49:04Z	234.00000	1555.20030	1538.06614	1524.94331
2025-08-19T10:49:04Z	234.00000	1555.19777	1538.06439	1524.94473
2025-08-19T10:49:04Z	234.00000	1555.19605	1538.06362	1524.94390
2025-08-19T10:49:04Z	234.00000	1555.19604	1538.06382	1524.94418
2025-08-19T10:49:05Z	234.00000	1555.19717	1538.06387	1524.94293
2025-08-19T10:49:05Z	234.00000	1555.19825	1538.06522	1524.94311
2025-08-19T10:49:05Z	234.00000	1555.20127	1538.06572	1524.94318
2025-08-19T10:49:05Z	235.00000	1555.19926	1538.06487	1524.94464
2025-08-19T10:49:05Z	235.00000	1555.19803	1538.06531	1524.94304
2025-08-19T10:49:05Z	235.00000	1555.19812	1538.06585	1524.94364
2025-08-19T10:49:05Z	235.00000	1555.19972	1538.06549	1524.94314
2025-08-19T10:49:05Z	235.00000	1555.20010	1538.06563	1524.94357
2025-08-19T10:49:05Z	235.00000	1555.20014	1538.06498	1524.94305
2025-08-19T10:49:05Z	235.00000	1555.20105	1538.06624	1524.94302
2025-08-19T10:49:06Z	235.00000	1555.20137	1538.06715	1524.94356
2025-08-19T10:49:06Z	235.00000	1555.20026	1538.06660	1524.94476
2025-08-19T10:49:06Z	235.00000	1555.19696	1538.06561	1524.94424
2025-08-19T10:49:06Z	236.00000	1555.19857	1538.06463	1524.94438
2025-08-19T10:49:06Z	236.00000	1555.19801	1538.06451	1524.94465
2025-08-19T10:49:06Z	236.00000	1555.20112	1538.06595	1524.94380
2025-08-19T10:49:06Z	236.00000	1555.20137	1538.06586	1524.94357
2025-08-19T10:49:06Z	236.00000	1555.20106	1538.06613	1524.94392
2025-08-19T10:49:06Z	236.00000	1555.20027	1538.06647	1524.94467
2025-08-19T10:49:06Z	236.00000	1555.20109	1538.06780	1524.94631
2025-08-19T10:49:07Z	236.00000	1555.20305	1538.06711	1524.95211
2025-08-19T10:49:07Z	236.00000	1555.20165	1538.06662	1524.95068
2025-08-19T10:49:07Z	236.00000	1555.20060	1538.06651	1524.94820
2025-08-19T10:49:07Z	237.00000	1555.20362	1538.06729	1524.95196
2025-08-19T10:49:07Z	237.00000	1555.20089	1538.06602	1524.95007
2025-08-19T10:49:07Z	237.00000	1555.20201	1538.06746	1524.94837
2025-08-19T10:49:07Z	237.00000	1555.20311	1538.06812	1524.94897
2025-08-19T10:49:07Z	237.00000	1555.19982	1538.06736	1524.94468
2025-08-19T10:49:07Z	237.00000	1555.19878	1538.06724	1524.94432
2025-08-19T10:49:07Z	237.00000	1555.20096	1538.06718	1524.94433
2025-08-19T10:49:08Z	237.00000	1555.19846	1538.06739	1524.94156
2025-08-19T10:49:08Z	237.00000	1555.19746	1538.06668	1524.94378
2025-08-19T10:49:08Z	237.00000	1555.20158	1538.06761	1524.94513
2025-08-19T10:49:08Z	238.00000	1555.20235	1538.06791	1524.94435
2025-08-19T10:49:08Z	238.00000	1555.20103	1538.06754	1524.94208
2025-08-19T10:49:08Z	238.00000	1555.20074	1538.06638	1524.94225
2025-08-19T10:49:08Z	238.00000	1555.20111	1538.06725	1524.94367
2025-08-19T10:49:08Z	238.00000	1555.19950	1538.06745	1524.94383
2025-08-19T10:49:08Z	238.00000	1555.20098	1538.06733	1524.94360
2025-08-19T10:49:08Z	238.00000	1555.20155	1538.06786	1524.94332
2025-08-19T10:49:09Z	238.00000	1555.20020	1538.06630	1524.94400
2025-08-19T10:49:09Z	238.00000	1555.20021	1538.06673	1524.94372
2025-08-19T10:49:09Z	238.00000	1555.20079	1538.06814	1524.94357
2025-08-19T10:49:09Z	239.00000	1555.20090	1538.06738	1524.94270
2025-08-19T10:49:09Z	239.00000	1555.20125	1538.06846	1524.94394
2025-08-19T10:49:09Z	239.00000	1555.19695	1538.06592	1524.94459
2025-08-19T10:49:09Z	239.00000	1555.19863	1538.06747	1524.94468
2025-08-19T10:49:09Z	239.00000	1555.20024	1538.06721	1524.94430
2025-08-19T10:49:09Z	239.00000	1555.19685	1538.06673	1524.94376
2025-08-19T10:49:09Z	239.00000	1555.20132	1538.06695	1524.94433
2025-08-19T10:49:10Z	239.00000	1555.19844	1538.06644	1524.94522
2025-08-19T10:49:10Z	239.00000	1555.20073	1538.06807	1524.94472
2025-08-19T10:49:10Z	239.00000	1555.19785	1538.06695	1524.94328
2025-08-19T10:49:10Z	240.00000	1555.20079	1538.06769	1524.94238
2025-08-19T10:49:10Z	240.00000	1555.19926	1538.06753	1524.94374
2025-08-19T10:49:10Z	240.00000	1555.20094	1538.06652	1524.94296
2025-08-19T10:49:10Z	240.00000	1555.20088	1538.06648	1524.94217
2025-08-19T10:49:10Z	240.00000	1555.20045	1538.06795	1524.94400
2025-08-19T10:49:10Z	240.00000	1555.20152	1538.06926	1524.94375
2025-08-19T10:49:10Z	240.00000	1555.19998	1538.06773	1524.94352
2025-08-19T10:49:11Z	240.00000	1555.20113	1538.06840	1524.94466
2025-08-19T10:49:11Z	240.00000	1555.20098	1538.06820	1524.94418
2025-08-19T10:49:11Z	240.00000	1555.20275	1538.07043	1524.94325
2025-08-19T10:49:11Z	241.00000	1555.20288	1538.07058	1524.94370
2025-08-19T10:49:11Z	241.00000	1555.20420	1538.07169	1524.94641
2025-08-19T10:49:11Z	241.00000	1555.20016	1538.06689	1524.94343
2025-08-19T10:49:11Z	241.00000	1555.19870	1538.06768	1524.94437
2025-08-19T10:49:11Z	241.00000	1555.20344	1538.06837	1524.94429
2025-08-19T10:49:11Z	241.00000	1555.20174	1538.06764	1524.94365
2025-08-19T10:49:11Z	241.00000	1555.20304	1538.06810	1524.94336
2025-08-19T10:49:12Z	241.00000	1555.20194	1538.06734	1524.94316
2025-08-19T10:49:12Z	241.00000	1555.20140	1538.06703	1524.94320
2025-08-19T10:49:12Z	241.00000	1555.20043	1538.06689	1524.94468
2025-08-19T10:49:12Z	242.00000	1555.20265	1538.06750	1524.94389
2025-08-19T10:49:12Z	242.00000	1555.20064	1538.06712	1524.94334
2025-08-19T10:49:12Z	242.00000	1555.20066	1538.06632	1524.94433
2025-08-19T10:49:12Z	242.00000	1555.20121	1538.06656	1524.94281
2025-08-19T10:49:12Z	242.00000	1555.20242	1538.06671	1524.94373
2025-08-19T10:49:12Z	242.00000	1555.20342	1538.06767	1524.94334
2025-08-19T10:49:13Z	242.00000	1555.20342	1538.06821	1524.94348
2025-08-19T10:49:13Z	242.00000	1555.20337	1538.06766	1524.94395
2025-08-19T10:49:13Z	243.00000	1555.20327	1538.06807	1524.94333
2025-08-19T10:49:13Z	243.00000	1555.20408	1538.07011	1524.94399
2025-08-19T10:49:13Z	243.00000	1555.20396	1538.07043	1524.94303
2025-08-19T10:49:13Z	243.00000	1555.20346	1538.06815	1524.94332
2025-08-19T10:49:13Z	243.00000	1555.20414	1538.06877	1524.94337
2025-08-19T10:49:13Z	243.00000	1555.20311	1538.06885	1524.94455
2025-08-19T10:49:13Z	243.00000	1555.20369	1538.06937	1524.94317
2025-08-19T10:49:14Z	243.00000	1555.20418	1538.06839	1524.94298
2025-08-19T10:49:14Z	243.00000	1555.20374	1538.06710	1524.94266
2025-08-19T10:49:14Z	243.00000	1555.20437	1538.06673	1524.94307
2025-08-19T10:49:14Z	244.00000	1555.20476	1538.06626	1524.94407
2025-08-19T10:49:14Z	244.00000	1555.20474	1538.06749	1524.94636
2025-08-19T10:49:14Z	244.00000	1555.20449	1538.06628	1524.94371
2025-08-19T10:49:14Z	244.00000	1555.20437	1538.06636	1524.94294
2025-08-19T10:49:15Z	244.00000	1555.20492	1538.06632	1524.94167
2025-08-19T10:49:15Z	244.00000	1555.20335	1538.06668	1524.94231
2025-08-19T10:49:15Z	244.00000	1555.20635	1538.06906	1524.94551
2025-08-19T10:49:15Z	245.00000	1555.20418	1538.06711	1524.94382
2025-08-19T10:49:15Z	245.00000	1555.20392	1538.06772	1524.94229
2025-08-19T10:49:15Z	245.00000	1555.20312	1538.06845	1524.94548
2025-08-19T10:49:16Z	245.00000	1555.20387	1538.07365	1524.94258
2025-08-19T10:49:16Z	245.00000	1555.20365	1538.07371	1524.94369
2025-08-19T10:49:16Z	246.00000	1555.20291	1538.07078	1524.94418
2025-08-19T10:49:16Z	246.00000	1555.20270	1538.07070	1524.94258
2025-08-19T10:49:16Z	246.00000	1555.20260	1538.07005	1524.94306
2025-08-19T10:49:16Z	246.00000	1555.20352	1538.06980	1524.94429
2025-08-19T10:49:16Z	246.00000	1555.20375	1538.06953	1524.94262
2025-08-19T10:49:17Z	246.00000	1555.20348	1538.06991	1524.94395
2025-08-19T10:49:17Z	246.00000	1555.20355	1538.06790	1524.94307
2025-08-19T10:49:17Z	246.00000	1555.20416	1538.06728	1524.94301
2025-08-19T10:49:17Z	247.00000	1555.20396	1538.06680	1524.94438
2025-08-19T10:49:17Z	247.00000	1555.20467	1538.06724	1524.94402
2025-08-19T10:49:17Z	247.00000	1555.20489	1538.06711	1524.94416
2025-08-19T10:49:17Z	247.00000	1555.20452	1538.06754	1524.94262
2025-08-19T10:49:17Z	247.00000	1555.20397	1538.06766	1524.94457
2025-08-19T10:49:17Z	247.00000	1555.20485	1538.06815	1524.94402
2025-08-19T10:49:17Z	247.00000	1555.20553	1538.06991	1524.94346
2025-08-19T10:49:18Z	247.00000	1555.20349	1538.06754	1524.94334
2025-08-19T10:49:18Z	247.00000	1555.20351	1538.06861	1524.94306
2025-08-19T10:49:18Z	247.00000	1555.20372	1538.06793	1524.94268
2025-08-19T10:49:18Z	248.00000	1555.20399	1538.06835	1524.94477
2025-08-19T10:49:18Z	248.00000	1555.20417	1538.06757	1524.94461
2025-08-19T10:49:18Z	248.00000	1555.20317	1538.06712	1524.94376
2025-08-19T10:49:18Z	248.00000	1555.20354	1538.06800	1524.94389
2025-08-19T10:49:18Z	248.00000	1555.20383	1538.06736	1524.94396
2025-08-19T10:49:18Z	248.00000	1555.20411	1538.06883	1524.94321
2025-08-19T10:49:18Z	248.00000	1555.20404	1538.06814	1524.94412
2025-08-19T10:49:19Z	248.00000	1555.20380	1538.06735	1524.94289
2025-08-19T10:49:19Z	248.00000	1555.20419	1538.06809	1524.94340
2025-08-19T10:49:19Z	248.00000	1555.20377	1538.06793	1524.94243
2025-08-19T10:49:19Z	249.00000	1555.20408	1538.06732	1524.94417
2025-08-19T10:49:19Z	249.00000	1555.20363	1538.06946	1524.94367
2025-08-19T10:49:19Z	249.00000	1555.20352	1538.06625	1524.94419
2025-08-19T10:49:19Z	249.00000	1555.20385	1538.06687	1524.94363
2025-08-19T10:49:19Z	249.00000	1555.20386	1538.06678	1524.94263
2025-08-19T10:49:19Z	249.00000	1555.20391	1538.06738	1524.94472
2025-08-19T10:49:19Z	249.00000	1555.20426	1538.06697	1524.94323
2025-08-19T10:49:20Z	249.00000	1555.20377	1538.06578	1524.94199
2025-08-19T10:49:20Z	249.00000	1555.20407	1538.06766	1524.94342
2025-08-19T10:49:20Z	249.00000	1555.20461	1538.06773	1524.94290
2025-08-19T10:49:20Z	250.00000	1555.20437	1538.06736	1524.94433
2025-08-19T10:49:20Z	250.00000	1555.20400	1538.06625	1524.94338
2025-08-19T10:49:20Z	250.00000	1555.20364	1538.06604	1524.94293
2025-08-19T10:49:20Z	250.00000	1555.20339	1538.06479	1524.94265
2025-08-19T10:49:20Z	250.00000	1555.20400	1538.06461	1524.94302
2025-08-19T10:49:20Z	250.00000	1555.20367	1538.06286	1524.94253
2025-08-19T10:49:20Z	250.00000	1555.20324	1538.06303	1524.94315
2025-08-19T10:49:21Z	250.00000	1555.20235	1538.06330	1524.94300
2025-08-19T10:49:21Z	250.00000	1555.20221	1538.06261	1524.94466
2025-08-19T10:49:21Z	250.00000	1555.20192	1538.06403	1524.94393
2025-08-19T10:49:21Z	251.00000	1555.20085	1538.06336	1524.94346
2025-08-19T10:49:21Z	251.00000	1555.20132	1538.06431	1524.94186
2025-08-19T10:49:21Z	251.00000	1555.20122	1538.06580	1524.94371
2025-08-19T10:49:21Z	251.00000	1555.20139	1538.06727	1524.94230
2025-08-19T10:49:21Z	251.00000	1555.19877	1538.06750	1524.94278
2025-08-19T10:49:21Z	251.00000	1555.19832	1538.06809	1524.94333
2025-08-19T10:49:21Z	251.00000	1555.19734	1538.06611	1524.94405
2025-08-19T10:49:22Z	251.00000	1555.19570	1538.06604	1524.94390
2025-08-19T10:49:22Z	251.00000	1555.19620	1538.06505	1524.94382
2025-08-19T10:49:22Z	251.00000	1555.19858	1538.06650	1524.94303
2025-08-19T10:49:22Z	252.00000	1555.20098	1538.06646	1524.94367
2025-08-19T10:49:22Z	252.00000	1555.20275	1538.06675	1524.94368
2025-08-19T10:49:22Z	252.00000	1555.20336	1538.06678	1524.94385
2025-08-19T10:49:22Z	252.00000	1555.20291	1538.06690	1524.94354
2025-08-19T10:49:22Z	252.00000	1555.20224	1538.06669	1524.94274
2025-08-19T10:49:22Z	252.00000	1555.20232	1538.06637	1524.94378
2025-08-19T10:49:22Z	252.00000	1555.20239	1538.06770	1524.94400
2025-08-19T10:49:23Z	252.00000	1555.20252	1538.06701	1524.94315
2025-08-19T10:49:23Z	252.00000	1555.20217	1538.06690	1524.94303
2025-08-19T10:49:23Z	252.00000	1555.20254	1538.06678	1524.94435
2025-08-19T10:49:23Z	253.00000	1555.20186	1538.06653	1524.94334
2025-08-19T10:49:23Z	253.00000	1555.20172	1538.06740	1524.94479
2025-08-19T10:49:23Z	253.00000	1555.20100	1538.06636	1524.94410
2025-08-19T10:49:23Z	253.00000	1555.20057	1538.06680	1524.94414
2025-08-19T10:49:23Z	253.00000	1555.20131	1538.06559	1524.94327
2025-08-19T10:49:23Z	253.00000	1555.20017	1538.06624	1524.94421
2025-08-19T10:49:23Z	253.00000	1555.20076	1538.06586	1524.94427
2025-08-19T10:49:24Z	253.00000	1555.20158	1538.06761	1524.94335
2025-08-19T10:49:24Z	253.00000	1555.20106	1538.06700	1524.94406
2025-08-19T10:49:24Z	253.00000	1555.20155	1538.06732	1524.94361
2025-08-19T10:49:24Z	254.00000	1555.20110	1538.06759	1524.94414
2025-08-19T10:49:24Z	254.00000	1555.20129	1538.06682	1524.94472
2025-08-19T10:49:24Z	254.00000	1555.20223	1538.06727	1524.94277
2025-08-19T10:49:24Z	254.00000	1555.20237	1538.06772	1524.94338
2025-08-19T10:49:24Z	254.00000	1555.20263	1538.06732	1524.94297
2025-08-19T10:49:24Z	254.00000	1555.20271	1538.06686	1524.94442
2025-08-19T10:49:24Z	254.00000	1555.20226	1538.06614	1524.94378
2025-08-19T10:49:25Z	254.00000	1555.20207	1538.06600	1524.94356
2025-08-19T10:49:25Z	254.00000	1555.20223	1538.06694	1524.94317
2025-08-19T10:49:25Z	254.00000	1555.20276	1538.06697	1524.94182
2025-08-19T10:49:25Z	255.00000	1555.20204	1538.06583	1524.94375
2025-08-19T10:49:25Z	255.00000	1555.20283	1538.06721	1524.94246
2025-08-19T10:49:25Z	255.00000	1555.20268	1538.06733	1524.94482
2025-08-19T10:49:25Z	255.00000	1555.20340	1538.06698	1524.94395
2025-08-19T10:49:25Z	255.00000	1555.20211	1538.06776	1524.94344
2025-08-19T10:49:25Z	255.00000	1555.20325	1538.06756	1524.94477
2025-08-19T10:49:25Z	255.00000	1555.20321	1538.06674	1524.94445
2025-08-19T10:49:26Z	255.00000	1555.20353	1538.06706	1524.94172
2025-08-19T10:49:26Z	255.00000	1555.20363	1538.06771	1524.94430
2025-08-19T10:49:26Z	255.00000	1555.20268	1538.06771	1524.94289
2025-08-19T10:49:26Z	256.00000	1555.20281	1538.06827	1524.94150
2025-08-19T10:49:26Z	256.00000	1555.20336	1538.07009	1524.94325
2025-08-19T10:49:26Z	256.00000	1555.20199	1538.06824	1524.94373
2025-08-19T10:49:26Z	256.00000	1555.20295	1538.06851	1524.94330
2025-08-19T10:49:26Z	256.00000	1555.20218	1538.06774	1524.94486
2025-08-19T10:49:26Z	256.00000	1555.20259	1538.06771	1524.94375
2025-08-19T10:49:26Z	256.00000	1555.20359	1538.06787	1524.94339
2025-08-19T10:49:27Z	256.00000	1555.20155	1538.06584	1524.94406
2025-08-19T10:49:27Z	256.00000	1555.20392	1538.06702	1524.94317
2025-08-19T10:49:27Z	256.00000	1555.20425	1538.06743	1524.94438
2025-08-19T10:49:27Z	257.00000	1555.20348	1538.06616	1524.94461
2025-08-19T10:49:27Z	257.00000	1555.20194	1538.06710	1524.94416
2025-08-19T10:49:27Z	257.00000	1555.20287	1538.06714	1524.94370
2025-08-19T10:49:27Z	257.00000	1555.20347	1538.06665	1524.94325
2025-08-19T10:49:27Z	257.00000	1555.20381	1538.06745	1524.94323
2025-08-19T10:49:27Z	257.00000	1555.20352	1538.06724	1524.94373
2025-08-19T10:49:27Z	257.00000	1555.20341	1538.06662	1524.94426
2025-08-19T10:49:28Z	257.00000	1555.20071	1538.06584	1524.94410
2025-08-19T10:49:28Z	257.00000	1555.20138	1538.06672	1524.94386
2025-08-19T10:49:28Z	257.00000	1555.20112	1538.06582	1524.94533
2025-08-19T10:49:28Z	258.00000	1555.19936	1538.06480	1524.94367
2025-08-19T10:49:28Z	258.00000	1555.20192	1538.06697	1524.94427
2025-08-19T10:49:28Z	258.00000	1555.20309	1538.06762	1524.94459
2025-08-19T10:49:28Z	258.00000	1555.20332	1538.06903	1524.94486
2025-08-19T10:49:28Z	258.00000	1555.20234	1538.06740	1524.94380
2025-08-19T10:49:28Z	258.00000	1555.20395	1538.06737	1524.94330
2025-08-19T10:49:28Z	258.00000	1555.19934	1538.06478	1524.94296
2025-08-19T10:49:29Z	258.00000	1555.20209	1538.06666	1524.94298
2025-08-19T10:49:29Z	258.00000	1555.20157	1538.06649	1524.94360
2025-08-19T10:49:29Z	258.00000	1555.20142	1538.06594	1524.94440
2025-08-19T10:49:29Z	259.00000	1555.20194	1538.06677	1524.94409
2025-08-19T10:49:29Z	259.00000	1555.20150	1538.06676	1524.94401
2025-08-19T10:49:29Z	259.00000	1555.20262	1538.06646	1524.94397
2025-08-19T10:49:29Z	259.00000	1555.20120	1538.06603	1524.94332
2025-08-19T10:49:29Z	259.00000	1555.20117	1538.06623	1524.94358
2025-08-19T10:49:29Z	259.00000	1555.20222	1538.06626	1524.94412
2025-08-19T10:49:29Z	259.00000	1555.20140	1538.06640	1524.94361
2025-08-19T10:49:30Z	259.00000	1555.20114	1538.06506	1524.94357
2025-08-19T10:49:30Z	259.00000	1555.20310	1538.06811	1524.94460
2025-08-19T10:49:30Z	259.00000	1555.20104	1538.06497	1524.94352
2025-08-19T10:49:30Z	260.00000	1555.20156	1538.06562	1524.94482
2025-08-19T10:49:30Z	260.00000	1555.20241	1538.06644	1524.94492
2025-08-19T10:49:30Z	260.00000	1555.20139	1538.06486	1524.94260
2025-08-19T10:49:30Z	260.00000	1555.20174	1538.06544	1524.94376
2025-08-19T10:49:30Z	260.00000	1555.20183	1538.06698	1524.94341
2025-08-19T10:49:30Z	260.00000	1555.20137	1538.06574	1524.94310
2025-08-19T10:49:30Z	260.00000	1555.20123	1538.06693	1524.94425
2025-08-19T10:49:31Z	260.00000	1555.20180	1538.06598	1524.94298
2025-08-19T10:49:31Z	260.00000	1555.20157	1538.06636	1524.94411
2025-08-19T10:49:31Z	260.00000	1555.20102	1538.06695	1524.94393
2025-08-19T10:49:31Z	261.00000	1555.20218	1538.06764	1524.94278
2025-08-19T10:49:31Z	261.00000	1555.20225	1538.06755	1524.94408
2025-08-19T10:49:31Z	261.00000	1555.20409	1538.06903	1524.94585
2025-08-19T10:49:31Z	261.00000	1555.20154	1538.06663	1524.94296
2025-08-19T10:49:31Z	261.00000	1555.20297	1538.06743	1524.94271
2025-08-19T10:49:31Z	261.00000	1555.20379	1538.06790	1524.94421
2025-08-19T10:49:31Z	261.00000	1555.20396	1538.06776	1524.94403
2025-08-19T10:49:32Z	261.00000	1555.20374	1538.06792	1524.94450
2025-08-19T10:49:32Z	261.00000	1555.20274	1538.06770	1524.94342
2025-08-19T10:49:32Z	261.00000	1555.20405	1538.07054	1524.94548
2025-08-19T10:49:32Z	262.00000	1555.20396	1538.06868	1524.94513
2025-08-19T10:49:32Z	262.00000	1555.20456	1538.06782	1524.94337
2025-08-19T10:49:32Z	262.00000	1555.20387	1538.06717	1524.94367
2025-08-19T10:49:32Z	262.00000	1555.20552	1538.06870	1524.94476
2025-08-19T10:49:32Z	262.00000	1555.20364	1538.06726	1524.94474
2025-08-19T10:49:32Z	262.00000	1555.20508	1538.06870	1524.94257
2025-08-19T10:49:32Z	262.00000	1555.20366	1538.06723	1524.94377
2025-08-19T10:49:33Z	262.00000	1555.20331	1538.06715	1524.94413
2025-08-19T10:49:33Z	262.00000	1555.20397	1538.06772	1524.94384
2025-08-19T10:49:33Z	262.00000	1555.20376	1538.06702	1524.94431
2025-08-19T10:49:33Z	263.00000	1555.20373	1538.06671	1524.94382
2025-08-19T10:49:33Z	263.00000	1555.20392	1538.06738	1524.94328
2025-08-19T10:49:33Z	263.00000	1555.20409	1538.06714	1524.94461
2025-08-19T10:49:33Z	263.00000	1555.20399	1538.06644	1524.94411
2025-08-19T10:49:33Z	263.00000	1555.20387	1538.06743	1524.94504
2025-08-19T10:49:33Z	263.00000	1555.20371	1538.06718	1524.94407
2025-08-19T10:49:33Z	263.00000	1555.20301	1538.06642	1524.94351
2025-08-19T10:49:34Z	263.00000	1555.20259	1538.06401	1524.94385
2025-08-19T10:49:34Z	263.00000	1555.20277	1538.06463	1524.94367
2025-08-19T10:49:34Z	263.00000	1555.20146	1538.06347	1524.94396
2025-08-19T10:49:34Z	264.00000	1555.20185	1538.06483	1524.94345
2025-08-19T10:49:34Z	264.00000	1555.20237	1538.06629	1524.94285
2025-08-19T10:49:34Z	264.00000	1555.20110	1538.06461	1524.94282
2025-08-19T10:49:34Z	264.00000	1555.20206	1538.06581	1524.94342
2025-08-19T10:49:34Z	264.00000	1555.20213	1538.06792	1524.94394
2025-08-19T10:49:34Z	264.00000	1555.20109	1538.06723	1524.94423
2025-08-19T10:49:34Z	264.00000	1555.20100	1538.06630	1524.94380
2025-08-19T10:49:35Z	264.00000	1555.20177	1538.06726	1524.94372
2025-08-19T10:49:35Z	264.00000	1555.20248	1538.06704	1524.94300
2025-08-19T10:49:35Z	264.00000	1555.20244	1538.06674	1524.94261
2025-08-19T10:49:35Z	265.00000	1555.20174	1538.06536	1524.94252
2025-08-19T10:49:35Z	265.00000	1555.20199	1538.06588	1524.94304
2025-08-19T10:49:35Z	265.00000	1555.20165	1538.06588	1524.94314
2025-08-19T10:49:35Z	265.00000	1555.20074	1538.06416	1524.94260
2025-08-19T10:49:35Z	265.00000	1555.20190	1538.06558	1524.94301
2025-08-19T10:49:35Z	265.00000	1555.20100	1538.06461	1524.94292
2025-08-19T10:49:35Z	265.00000	1555.20155	1538.06528	1524.94306
2025-08-19T10:49:36Z	265.00000	1555.20269	1538.06638	1524.94371
2025-08-19T10:49:36Z	265.00000	1555.20286	1538.06660	1524.94375
2025-08-19T10:49:36Z	265.00000	1555.20176	1538.06612	1524.94308
2025-08-19T10:49:36Z	266.00000	1555.20101	1538.06461	1524.94327
2025-08-19T10:49:36Z	266.00000	1555.20122	1538.06515	1524.94309
2025-08-19T10:49:36Z	266.00000	1555.20127	1538.06573	1524.94358
2025-08-19T10:49:36Z	266.00000	1555.19922	1538.06360	1524.94276
2025-08-19T10:49:36Z	266.00000	1555.20080	1538.06479	1524.94369
2025-08-19T10:49:36Z	266.00000	1555.20170	1538.06674	1524.94480
2025-08-19T10:49:36Z	266.00000	1555.20111	1538.06532	1524.94362
2025-08-19T10:49:37Z	266.00000	1555.20056	1538.06518	1524.94383
2025-08-19T10:49:37Z	266.00000	1555.20094	1538.06586	1524.94402
2025-08-19T10:49:37Z	266.00000	1555.19894	1538.06520	1524.94312
2025-08-19T10:49:37Z	267.00000	1555.20020	1538.06617	1524.94459
2025-08-19T10:49:37Z	267.00000	1555.20024	1538.06712	1524.94422
2025-08-19T10:49:37Z	267.00000	1555.19757	1538.06526	1524.94319
2025-08-19T10:49:37Z	267.00000	1555.20133	1538.06665	1524.94428
2025-08-19T10:49:37Z	267.00000	1555.20084	1538.06745	1524.94345
2025-08-19T10:49:37Z	267.00000	1555.20156	1538.06698	1524.94417
2025-08-19T10:49:37Z	267.00000	1555.20119	1538.06593	1524.94392
2025-08-19T10:49:38Z	267.00000	1555.20147	1538.06774	1524.94390
2025-08-19T10:49:38Z	267.00000	1555.20223	1538.06714	1524.94391
2025-08-19T10:49:38Z	267.00000	1555.19988	1538.06595	1524.94414
2025-08-19T10:49:38Z	268.00000	1555.20235	1538.06669	1524.94368
2025-08-19T10:49:38Z	268.00000	1555.20131	1538.06603	1524.94441
2025-08-19T10:49:38Z	268.00000	1555.20052	1538.06558	1524.94371
2025-08-19T10:49:38Z	268.00000	1555.20124	1538.06577	1524.94357
2025-08-19T10:49:38Z	268.00000	1555.20112	1538.06519	1524.94343
2025-08-19T10:49:38Z	268.00000	1555.20236	1538.06617	1524.94344
2025-08-19T10:49:38Z	268.00000	1555.20207	1538.06590	1524.94328
2025-08-19T10:49:39Z	268.00000	1555.20289	1538.06512	1524.94197
2025-08-19T10:49:39Z	268.00000	1555.20280	1538.06546	1524.94425
2025-08-19T10:49:39Z	268.00000	1555.20325	1538.06619	1524.94378
2025-08-19T10:49:39Z	269.00000	1555.20338	1538.06607	1524.94299
2025-08-19T10:49:39Z	269.00000	1555.20343	1538.06733	1524.94446
2025-08-19T10:49:39Z	269.00000	1555.20236	1538.06593	1524.94364
2025-08-19T10:49:39Z	269.00000	1555.20337	1538.06648	1524.94540
2025-08-19T10:49:39Z	269.00000	1555.20161	1538.06675	1524.94488
2025-08-19T10:49:39Z	269.00000	1555.20237	1538.06744	1524.94443
2025-08-19T10:49:39Z	269.00000	1555.20221	1538.06720	1524.94569
2025-08-19T10:49:40Z	269.00000	1555.20276	1538.06687	1524.94432
2025-08-19T10:49:40Z	269.00000	1555.20235	1538.06733	1524.94292
2025-08-19T10:49:40Z	269.00000	1555.20150	1538.06676	1524.94419
2025-08-19T10:49:40Z	270.00000	1555.20233	1538.06756	1524.94359
2025-08-19T10:49:40Z	270.00000	1555.20234	1538.06819	1524.94262
2025-08-19T10:49:40Z	270.00000	1555.20167	1538.06699	1524.94358
2025-08-19T10:49:40Z	270.00000	1555.20266	1538.06736	1524.94413
2025-08-19T10:49:40Z	270.00000	1555.20274	1538.06708	1524.94482
2025-08-19T10:49:40Z	270.00000	1555.20362	1538.06716	1524.94275
2025-08-19T10:49:40Z	270.00000	1555.20298	1538.06747	1524.94427
2025-08-19T10:49:41Z	270.00000	1555.20410	1538.06713	1524.94318
2025-08-19T10:49:41Z	270.00000	1555.20353	1538.06650	1524.94346
2025-08-19T10:49:41Z	270.00000	1555.20313	1538.06613	1524.94322
2025-08-19T10:49:41Z	271.00000	1555.20407	1538.06649	1524.94341
2025-08-19T10:49:41Z	271.00000	1555.20332	1538.06639	1524.94422
2025-08-19T10:49:41Z	271.00000	1555.20371	1538.06715	1524.94356
2025-08-19T10:49:41Z	271.00000	1555.20393	1538.06653	1524.94316
2025-08-19T10:49:41Z	271.00000	1555.20359	1538.06741	1524.94355
2025-08-19T10:49:41Z	271.00000	1555.20388	1538.06747	1524.94357
2025-08-19T10:49:41Z	271.00000	1555.20369	1538.06682	1524.94411
2025-08-19T10:49:42Z	271.00000	1555.20287	1538.06656	1524.94285
2025-08-19T10:49:42Z	271.00000	1555.20308	1538.06633	1524.94315
2025-08-19T10:49:42Z	271.00000	1555.20298	1538.06653	1524.94405
2025-08-19T10:49:42Z	272.00000	1555.20255	1538.06601	1524.94427
2025-08-19T10:49:42Z	272.00000	1555.20389	1538.06650	1524.94384
2025-08-19T10:49:42Z	272.00000	1555.20159	1538.06533	1524.94358
2025-08-19T10:49:42Z	272.00000	1555.20426	1538.06726	1524.94396
2025-08-19T10:49:42Z	272.00000	1555.20296	1538.06606	1524.94355
2025-08-19T10:49:42Z	272.00000	1555.20337	1538.06547	1524.94400
2025-08-19T10:49:42Z	272.00000	1555.20275	1538.06550	1524.94486
2025-08-19T10:49:43Z	272.00000	1555.20222	1538.06607	1524.94371
2025-08-19T10:49:43Z	272.00000	1555.20358	1538.06727	1524.94399
2025-08-19T10:49:43Z	272.00000	1555.20117	1538.06657	1524.94407
2025-08-19T10:49:43Z	273.00000	1555.20394	1538.06894	1524.94299
2025-08-19T10:49:43Z	273.00000	1555.20313	1538.06764	1524.94265
2025-08-19T10:49:43Z	273.00000	1555.20235	1538.06774	1524.94372
2025-08-19T10:49:43Z	273.00000	1555.20331	1538.06794	1524.94259
2025-08-19T10:49:43Z	273.00000	1555.20230	1538.06794	1524.94361
2025-08-19T10:49:43Z	273.00000	1555.20235	1538.06811	1524.94368
2025-08-19T10:49:43Z	273.00000	1555.20103	1538.06841	1524.94301
2025-08-19T10:49:44Z	273.00000	1555.20052	1538.06761	1524.94417
2025-08-19T10:49:44Z	273.00000	1555.20108	1538.06668	1524.94389
2025-08-19T10:49:44Z	273.00000	1555.20168	1538.06688	1524.94372
2025-08-19T10:49:44Z	274.00000	1555.20236	1538.06681	1524.94422
2025-08-19T10:49:44Z	274.00000	1555.20284	1538.06706	1524.94398
2025-08-19T10:49:44Z	274.00000	1555.20327	1538.06766	1524.94371
2025-08-19T10:49:44Z	274.00000	1555.20219	1538.06736	1524.94476
2025-08-19T10:49:44Z	274.00000	1555.20276	1538.06599	1524.94402
2025-08-19T10:49:44Z	274.00000	1555.20207	1538.06735	1524.94386
2025-08-19T10:49:44Z	274.00000	1555.20323	1538.06704	1524.94405
2025-08-19T10:49:45Z	274.00000	1555.20241	1538.06729	1524.94391
2025-08-19T10:49:45Z	274.00000	1555.20400	1538.06783	1524.94306
2025-08-19T10:49:45Z	274.00000	1555.20296	1538.06726	1524.94381
2025-08-19T10:49:45Z	275.00000	1555.20248	1538.06744	1524.94245
2025-08-19T10:49:45Z	275.00000	1555.20284	1538.06663	1524.94323
2025-08-19T10:49:45Z	275.00000	1555.20311	1538.06702	1524.94382
2025-08-19T10:49:45Z	275.00000	1555.20390	1538.06797	1524.94619
2025-08-19T10:49:45Z	275.00000	1555.20301	1538.06685	1524.94498
2025-08-19T10:49:45Z	275.00000	1555.20382	1538.06686	1524.94492
2025-08-19T10:49:45Z	275.00000	1555.20284	1538.06728	1524.94494
2025-08-19T10:49:46Z	275.00000	1555.20311	1538.06637	1524.94395
2025-08-19T10:49:46Z	275.00000	1555.20290	1538.06748	1524.94371
2025-08-19T10:49:46Z	275.00000	1555.20303	1538.06744	1524.94329
2025-08-19T10:49:46Z	276.00000	1555.20340	1538.06774	1524.94328
2025-08-19T10:49:46Z	276.00000	1555.20254	1538.06697	1524.94464
2025-08-19T10:49:46Z	276.00000	1555.20393	1538.06826	1524.94492
2025-08-19T10:49:46Z	276.00000	1555.20224	1538.06688	1524.94343
2025-08-19T10:49:46Z	276.00000	1555.20329	1538.06721	1524.94270
2025-08-19T10:49:46Z	276.00000	1555.20423	1538.06792	1524.94257
2025-08-19T10:49:46Z	276.00000	1555.20253	1538.06720	1524.94319
2025-08-19T10:49:47Z	276.00000	1555.20317	1538.06817	1524.94311
2025-08-19T10:49:47Z	276.00000	1555.20371	1538.06775	1524.94290
2025-08-19T10:49:47Z	276.00000	1555.20218	1538.06709	1524.94413
2025-08-19T10:49:47Z	277.00000	1555.20293	1538.06743	1524.94359
2025-08-19T10:49:47Z	277.00000	1555.20103	1538.06702	1524.94528
2025-08-19T10:49:47Z	277.00000	1555.20278	1538.06749	1524.94518
2025-08-19T10:49:47Z	277.00000	1555.20149	1538.06701	1524.94376
2025-08-19T10:49:47Z	277.00000	1555.20224	1538.06715	1524.94373
2025-08-19T10:49:47Z	277.00000	1555.20203	1538.06724	1524.94477
2025-08-19T10:49:47Z	277.00000	1555.20327	1538.06746	1524.94543
2025-08-19T10:49:48Z	277.00000	1555.20250	1538.06727	1524.94273
2025-08-19T10:49:48Z	277.00000	1555.20192	1538.06741	1524.94439
2025-08-19T10:49:48Z	277.00000	1555.20186	1538.06738	1524.94263
2025-08-19T10:49:48Z	278.00000	1555.20288	1538.06636	1524.94385
2025-08-19T10:49:48Z	278.00000	1555.20162	1538.06682	1524.94442
2025-08-19T10:49:48Z	278.00000	1555.20266	1538.06700	1524.94422
2025-08-19T10:49:48Z	278.00000	1555.20236	1538.06679	1524.94359
2025-08-19T10:49:48Z	278.00000	1555.20163	1538.06637	1524.94469
2025-08-19T10:49:48Z	278.00000	1555.20133	1538.06680	1524.94401
2025-08-19T10:49:48Z	278.00000	1555.20119	1538.06664	1524.94389
2025-08-19T10:49:49Z	278.00000	1555.20053	1538.06627	1524.94365
2025-08-19T10:49:49Z	278.00000	1555.20002	1538.06649	1524.94424
2025-08-19T10:49:49Z	278.00000	1555.20054	1538.06644	1524.94244
2025-08-19T10:49:49Z	279.00000	1555.20051	1538.06590	1524.94266
2025-08-19T10:49:49Z	279.00000	1555.20114	1538.06572	1524.94364
2025-08-19T10:49:49Z	279.00000	1555.20304	1538.06692	1524.94299
2025-08-19T10:49:49Z	279.00000	1555.20405	1538.06668	1524.94329
2025-08-19T10:49:49Z	279.00000	1555.20360	1538.06570	1524.94389
2025-08-19T10:49:49Z	279.00000	1555.20228	1538.06583	1524.94402
2025-08-19T10:49:49Z	279.00000	1555.20149	1538.06582	1524.94325
2025-08-19T10:49:50Z	279.00000	1555.20106	1538.06588	1524.94474
2025-08-19T10:49:50Z	279.00000	1555.20053	1538.06608	1524.94463
2025-08-19T10:49:50Z	279.00000	1555.20152	1538.06613	1524.94417
2025-08-19T10:49:50Z	280.00000	1555.20268	1538.06656	1524.94217
2025-08-19T10:49:50Z	280.00000	1555.20001	1538.06650	1524.94345
2025-08-19T10:49:50Z	280.00000	1555.20347	1538.06790	1524.94528
2025-08-19T10:49:50Z	280.00000	1555.20043	1538.06624	1524.94434
2025-08-19T10:49:50Z	280.00000	1555.19987	1538.06588	1524.94393
2025-08-19T10:49:50Z	280.00000	1555.20155	1538.06653	1524.94316
2025-08-19T10:49:50Z	280.00000	1555.19832	1538.06499	1524.94387
2025-08-19T10:49:51Z	280.00000	1555.19880	1538.06469	1524.94384
2025-08-19T10:49:51Z	280.00000	1555.20033	1538.06581	1524.94335
2025-08-19T10:49:51Z	280.00000	1555.19752	1538.06516	1524.94346
2025-08-19T10:49:51Z	281.00000	1555.20138	1538.06703	1524.94413
2025-08-19T10:49:51Z	281.00000	1555.20183	1538.06799	1524.94444
2025-08-19T10:49:51Z	281.00000	1555.20125	1538.06733	1524.94336
2025-08-19T10:49:51Z	281.00000	1555.20186	1538.06743	1524.94271
2025-08-19T10:49:51Z	281.00000	1555.20125	1538.06678	1524.94353
2025-08-19T10:49:51Z	281.00000	1555.20018	1538.06700	1524.94420
2025-08-19T10:49:51Z	281.00000	1555.20099	1538.06804	1524.94389
2025-08-19T10:49:52Z	281.00000	1555.20118	1538.06577	1524.94435
2025-08-19T10:49:52Z	281.00000	1555.20194	1538.06679	1524.94448
2025-08-19T10:49:52Z	281.00000	1555.20135	1538.06693	1524.94380
2025-08-19T10:49:52Z	282.00000	1555.20137	1538.06666	1524.94289
2025-08-19T10:49:52Z	282.00000	1555.20208	1538.06660	1524.94422
2025-08-19T10:49:52Z	282.00000	1555.20228	1538.06624	1524.94380
2025-08-19T10:49:52Z	282.00000	1555.20298	1538.06629	1524.94381
2025-08-19T10:49:52Z	282.00000	1555.20148	1538.06639	1524.94344
2025-08-19T10:49:52Z	282.00000	1555.20160	1538.06761	1524.94379
2025-08-19T10:49:52Z	282.00000	1555.20252	1538.06667	1524.94398
2025-08-19T10:49:53Z	282.00000	1555.20177	1538.06559	1524.94387
2025-08-19T10:49:53Z	282.00000	1555.20244	1538.06706	1524.94470
2025-08-19T10:49:53Z	282.00000	1555.20278	1538.06630	1524.94416
2025-08-19T10:49:53Z	283.00000	1555.20185	1538.06538	1524.94437
2025-08-19T10:49:53Z	283.00000	1555.20181	1538.06448	1524.94332
2025-08-19T10:49:53Z	283.00000	1555.20272	1538.06558	1524.94344
2025-08-19T10:49:53Z	283.00000	1555.20092	1538.06307	1524.94299
2025-08-19T10:49:53Z	283.00000	1555.20243	1538.06518	1524.94313
2025-08-19T10:49:53Z	283.00000	1555.20135	1538.06487	1524.94314
2025-08-19T10:49:53Z	283.00000	1555.20279	1538.06504	1524.94317
2025-08-19T10:49:54Z	283.00000	1555.20173	1538.06465	1524.94347
2025-08-19T10:49:54Z	283.00000	1555.20121	1538.06392	1524.94263
2025-08-19T10:49:54Z	283.00000	1555.20190	1538.06469	1524.94352
2025-08-19T10:49:54Z	284.00000	1555.20064	1538.06331	1524.94400
2025-08-19T10:49:54Z	284.00000	1555.20089	1538.06468	1524.94345
2025-08-19T10:49:54Z	284.00000	1555.20028	1538.06443	1524.94372
2025-08-19T10:49:54Z	284.00000	1555.19765	1538.06426	1524.94356
2025-08-19T10:49:54Z	284.00000	1555.19780	1538.06503	1524.94433
2025-08-19T10:49:54Z	284.00000	1555.19593	1538.06551	1524.94303
2025-08-19T10:49:54Z	284.00000	1555.20170	1538.06706	1524.94431
2025-08-19T10:49:55Z	284.00000	1555.20114	1538.06722	1524.94265
2025-08-19T10:49:55Z	284.00000	1555.20182	1538.06584	1524.94292
2025-08-19T10:49:55Z	284.00000	1555.20193	1538.06582	1524.94233
2025-08-19T10:49:55Z	285.00000	1555.20150	1538.06399	1524.94185
2025-08-19T10:49:55Z	285.00000	1555.19995	1538.06436	1524.94191
2025-08-19T10:49:55Z	285.00000	1555.20135	1538.06388	1524.94229
2025-08-19T10:49:55Z	285.00000	1555.19992	1538.06312	1524.94186
2025-08-19T10:49:55Z	285.00000	1555.19852	1538.06256	1524.94355
2025-08-19T10:49:55Z	285.00000	1555.19718	1538.06067	1524.94195
2025-08-19T10:49:55Z	285.00000	1555.19762	1538.06077	1524.94195
2025-08-19T10:49:56Z	285.00000	1555.19575	1538.05999	1524.94321
2025-08-19T10:49:56Z	285.00000	1555.19372	1538.05982	1524.94265
2025-08-19T10:49:56Z	285.00000	1555.19401	1538.06027	1524.94069
2025-08-19T10:49:56Z	286.00000	1555.19243	1538.05982	1524.94318
2025-08-19T10:49:56Z	286.00000	1555.19251	1538.05977	1524.94258
2025-08-19T10:49:56Z	286.00000	1555.19225	1538.05992	1524.94256
2025-08-19T10:49:56Z	286.00000	1555.19229	1538.05902	1524.94221
2025-08-19T10:49:56Z	286.00000	1555.19241	1538.06043	1524.94228
2025-08-19T10:49:56Z	286.00000	1555.19191	1538.05998	1524.94187
2025-08-19T10:49:56Z	286.00000	1555.19208	1538.05918	1524.94247
2025-08-19T10:49:57Z	286.00000	1555.19257	1538.05986	1524.94358
2025-08-19T10:49:57Z	286.00000	1555.19227	1538.05987	1524.94274
2025-08-19T10:49:57Z	287.00000	1555.19196	1538.05962	1524.94231
2025-08-19T10:49:57Z	287.00000	1555.19324	1538.06009	1524.94138
2025-08-19T10:49:57Z	287.00000	1555.19261	1538.05992	1524.94056
2025-08-19T10:49:57Z	287.00000	1555.19203	1538.06009	1524.94110
2025-08-19T10:49:57Z	287.00000	1555.19316	1538.06034	1524.94126
2025-08-19T10:49:57Z	287.00000	1555.19481	1538.06153	1524.94120
2025-08-19T10:49:57Z	287.00000	1555.19303	1538.06027	1524.94315
2025-08-19T10:49:58Z	287.00000	1555.19345	1538.06022	1524.94219
2025-08-19T10:49:58Z	287.00000	1555.19446	1538.06005	1524.94151
2025-08-19T10:49:58Z	287.00000	1555.19378	1538.05999	1524.94162
2025-08-19T10:49:58Z	288.00000	1555.19323	1538.06036	1524.94203
2025-08-19T10:49:58Z	288.00000	1555.19347	1538.06078	1524.94088
2025-08-19T10:49:58Z	288.00000	1555.19468	1538.06183	1524.94101
2025-08-19T10:49:58Z	288.00000	1555.19470	1538.06220	1524.94151
2025-08-19T10:49:58Z	288.00000	1555.19413	1538.06137	1524.94163
2025-08-19T10:49:58Z	288.00000	1555.19386	1538.06263	1524.94133
2025-08-19T10:49:58Z	288.00000	1555.19430	1538.06275	1524.94266
2025-08-19T10:49:59Z	288.00000	1555.19308	1538.06073	1524.94185
2025-08-19T10:49:59Z	288.00000	1555.19513	1538.06131	1524.94254
2025-08-19T10:49:59Z	288.00000	1555.19482	1538.06223	1524.94273
2025-08-19T10:49:59Z	289.00000	1555.19549	1538.06176	1524.94244
2025-08-19T10:49:59Z	289.00000	1555.19358	1538.06239	1524.94273
2025-08-19T10:49:59Z	289.00000	1555.19438	1538.06252	1524.94300
2025-08-19T10:49:59Z	289.00000	1555.19540	1538.06336	1524.94334
2025-08-19T10:49:59Z	289.00000	1555.19447	1538.06240	1524.94233
2025-08-19T10:49:59Z	289.00000	1555.19590	1538.06344	1524.94312
2025-08-19T10:49:59Z	289.00000	1555.19893	1538.06461	1524.94353
2025-08-19T10:50:00Z	289.00000	1555.19321	1538.06135	1524.94371
2025-08-19T10:50:00Z	289.00000	1555.19527	1538.06384	1524.94384
2025-08-19T10:50:00Z	289.00000	1555.19476	1538.06304	1524.94415
2025-08-19T10:50:00Z	290.00000	1555.19523	1538.06405	1524.94367
2025-08-19T10:50:00Z	290.00000	1555.19783	1538.06545	1524.94420
2025-08-19T10:50:00Z	290.00000	1555.19749	1538.06463	1524.94302
2025-08-19T10:50:00Z	290.00000	1555.19748	1538.06361	1524.94295
2025-08-19T10:50:00Z	290.00000	1555.19716	1538.06340	1524.94325
2025-08-19T10:50:01Z	290.00000	1555.19890	1538.06493	1524.94365
2025-08-19T10:50:01Z	290.00000	1555.19868	1538.06357	1524.94292
2025-08-19T10:50:01Z	291.00000	1555.19964	1538.06373	1524.94299
2025-08-19T10:50:01Z	291.00000	1555.19571	1538.06323	1524.94298
2025-08-19T10:50:01Z	291.00000	1555.19206	1538.06077	1524.94300
2025-08-19T10:50:01Z	291.00000	1555.19419	1538.06104	1524.94033
2025-08-19T10:50:02Z	291.00000	1555.19282	1538.05998	1524.94282
2025-08-19T10:50:02Z	291.00000	1555.19222	1538.05952	1524.94350
2025-08-19T10:50:02Z	292.00000	1555.19141	1538.06011	1524.94206
2025-08-19T10:50:02Z	292.00000	1555.19138	1538.06001	1524.94200
2025-08-19T10:50:02Z	292.00000	1555.19197	1538.06013	1524.94255
2025-08-19T10:50:02Z	292.00000	1555.19284	1538.06047	1524.94111
2025-08-19T10:50:03Z	292.00000	1555.19129	1538.06024	1524.94205
2025-08-19T10:50:03Z	292.00000	1555.19208	1538.06097	1524.94236
2025-08-19T10:50:03Z	293.00000	1555.19269	1538.06054	1524.94239
2025-08-19T10:50:03Z	293.00000	1555.19276	1538.06013	1524.94306
2025-08-19T10:50:03Z	293.00000	1555.19232	1538.05999	1524.94208
2025-08-19T10:50:04Z	293.00000	1555.19271	1538.06053	1524.94174
2025-08-19T10:50:04Z	293.00000	1555.19343	1538.06192	1524.94269
2025-08-19T10:50:04Z	293.00000	1555.19277	1538.06081	1524.94224
2025-08-19T10:50:04Z	294.00000	1555.19251	1538.06209	1524.94183
2025-08-19T10:50:04Z	294.00000	1555.19400	1538.06375	1524.94213
2025-08-19T10:50:04Z	294.00000	1555.19323	1538.06302	1524.94246
2025-08-19T10:50:04Z	294.00000	1555.19437	1538.06240	1524.94261
2025-08-19T10:50:04Z	294.00000	1555.19582	1538.06371	1524.94270
2025-08-19T10:50:04Z	294.00000	1555.19488	1538.06193	1524.94177
2025-08-19T10:50:04Z	294.00000	1555.19381	1538.06067	1524.94274
2025-08-19T10:50:05Z	294.00000	1555.19550	1538.06175	1524.94201
2025-08-19T10:50:05Z	294.00000	1555.19517	1538.06067	1524.94211
2025-08-19T10:50:05Z	294.00000	1555.19607	1538.06244	1524.94261
2025-08-19T10:50:05Z	295.00000	1555.19411	1538.06144	1524.94233
2025-08-19T10:50:05Z	295.00000	1555.19453	1538.06213	1524.94231
2025-08-19T10:50:05Z	295.00000	1555.19476	1538.06107	1524.94195
2025-08-19T10:50:05Z	295.00000	1555.19461	1538.06125	1524.94185
2025-08-19T10:50:05Z	295.00000	1555.19400	1538.06233	1524.94201
2025-08-19T10:50:05Z	295.00000	1555.19419	1538.06223	1524.94237
2025-08-19T10:50:06Z	295.00000	1555.19393	1538.06224	1524.94237
2025-08-19T10:50:06Z	295.00000	1555.19397	1538.06233	1524.94250
2025-08-19T10:50:06Z	295.00000	1555.19371	1538.06226	1524.94243
2025-08-19T10:50:06Z	296.00000	1555.19421	1538.06201	1524.94150
2025-08-19T10:50:06Z	296.00000	1555.19383	1538.06224	1524.94251
2025-08-19T10:50:06Z	296.00000	1555.19460	1538.06260	1524.94305
2025-08-19T10:50:06Z	296.00000	1555.19622	1538.06281	1524.94244
2025-08-19T10:50:06Z	296.00000	1555.19765	1538.06393	1524.94270
2025-08-19T10:50:06Z	296.00000	1555.19492	1538.06254	1524.94097
2025-08-19T10:50:06Z	296.00000	1555.19471	1538.06104	1524.94267
2025-08-19T10:50:07Z	296.00000	1555.19676	1538.06184	1524.94191
2025-08-19T10:50:07Z	296.00000	1555.19377	1538.05996	1524.94178
2025-08-19T10:50:07Z	296.00000	1555.19402	1538.06054	1524.94187
2025-08-19T10:50:07Z	297.00000	1555.19414	1538.06080	1524.94278
2025-08-19T10:50:07Z	297.00000	1555.19441	1538.06129	1524.94058
2025-08-19T10:50:07Z	297.00000	1555.19331	1538.06016	1524.94211
2025-08-19T10:50:07Z	297.00000	1555.19397	1538.06141	1524.94237
2025-08-19T10:50:07Z	297.00000	1555.19325	1538.06037	1524.94181
2025-08-19T10:50:07Z	297.00000	1555.19393	1538.06095	1524.94164
2025-08-19T10:50:07Z	297.00000	1555.19323	1538.06134	1524.94279
2025-08-19T10:50:08Z	297.00000	1555.19278	1538.06118	1524.94238
2025-08-19T10:50:08Z	297.00000	1555.19392	1538.06303	1524.94230
2025-08-19T10:50:08Z	297.00000	1555.19293	1538.06280	1524.94235
2025-08-19T10:50:08Z	298.00000	1555.19309	1538.06113	1524.94152
2025-08-19T10:50:08Z	298.00000	1555.19274	1538.06180	1524.94122
2025-08-19T10:50:08Z	298.00000	1555.19481	1538.06301	1524.94192
2025-08-19T10:50:08Z	298.00000	1555.19593	1538.06383	1524.94267
2025-08-19T10:50:08Z	298.00000	1555.19537	1538.06308	1524.94279
2025-08-19T10:50:08Z	298.00000	1555.19450	1538.06230	1524.94192
2025-08-19T10:50:08Z	298.00000	1555.19565	1538.06266	1524.94178
2025-08-19T10:50:09Z	298.00000	1555.19543	1538.06203	1524.94263
2025-08-19T10:50:09Z	298.00000	1555.19528	1538.06252	1524.94282
2025-08-19T10:50:09Z	298.00000	1555.19636	1538.06285	1524.94208
2025-08-19T10:50:09Z	299.00000	1555.19610	1538.06375	1524.94319
2025-08-19T10:50:09Z	299.00000	1555.19586	1538.06299	1524.94244
2025-08-19T10:50:09Z	299.00000	1555.19621	1538.06412	1524.94283
2025-08-19T10:50:09Z	299.00000	1555.19581	1538.06314	1524.94228
2025-08-19T10:50:09Z	299.00000	1555.19841	1538.06317	1524.94257
2025-08-19T10:50:09Z	299.00000	1555.19724	1538.06257	1524.94298
2025-08-19T10:50:09Z	299.00000	1555.19786	1538.06258	1524.94284
2025-08-19T10:50:10Z	299.00000	1555.19728	1538.06276	1524.94285
2025-08-19T10:50:10Z	299.00000	1555.19738	1538.06279	1524.94202
2025-08-19T10:50:10Z	299.00000	1555.19542	1538.06180	1524.94211
2025-08-19T10:50:10Z	300.00000	1555.19490	1538.06215	1524.94240
2025-08-19T10:50:10Z	300.00000	1555.19464	1538.06089	1524.94211
2025-08-19T10:50:10Z	300.00000	1555.19401	1538.06145	1524.94144
2025-08-19T10:50:10Z	300.00000	1555.19494	1538.06318	1524.94243
2025-08-19T10:50:10Z	300.00000	1555.19418	1538.06302	1524.94305
2025-08-19T10:50:10Z	300.00000	1555.19512	1538.06278	1524.94153
2025-08-19T10:50:10Z	300.00000	1555.19718	1538.06351	1524.94159
2025-08-19T10:50:11Z	300.00000	1555.19560	1538.06082	1524.94219
2025-08-19T10:50:11Z	300.00000	1555.19518	1538.06123	1524.94207
2025-08-19T10:50:11Z	300.00000	1555.19490	1538.06133	1524.94152
2025-08-19T10:50:11Z	301.00000	1555.19438	1538.06120	1524.94306
2025-08-19T10:50:11Z	301.00000	1555.19405	1538.06090	1524.94252
2025-08-19T10:50:11Z	301.00000	1555.19402	1538.06118	1524.94136
2025-08-19T10:50:11Z	301.00000	1555.19402	1538.06180	1524.94196
2025-08-19T10:50:11Z	301.00000	1555.19448	1538.06124	1524.94303
2025-08-19T10:50:11Z	301.00000	1555.19381	1538.06169	1524.94010
2025-08-19T10:50:11Z	301.00000	1555.19326	1538.06093	1524.94097
2025-08-19T10:50:12Z	301.00000	1555.19479	1538.06169	1524.94134
2025-08-19T10:50:12Z	301.00000	1555.19417	1538.06116	1524.94261
2025-08-19T10:50:12Z	301.00000	1555.19402	1538.06159	1524.94104
2025-08-19T10:50:12Z	302.00000	1555.19414	1538.06073	1524.94087
2025-08-19T10:50:12Z	302.00000	1555.19420	1538.06070	1524.94213
2025-08-19T10:50:12Z	302.00000	1555.19387	1538.06083	1524.94288
2025-08-19T10:50:12Z	302.00000	1555.19387	1538.06006	1524.94292
2025-08-19T10:50:12Z	302.00000	1555.19351	1538.06012	1524.94207
2025-08-19T10:50:12Z	302.00000	1555.19228	1538.05985	1524.94191
2025-08-19T10:50:12Z	302.00000	1555.19285	1538.06007	1524.94217
2025-08-19T10:50:13Z	302.00000	1555.19245	1538.05975	1524.94312
2025-08-19T10:50:13Z	302.00000	1555.19228	1538.05996	1524.94250
2025-08-19T10:50:13Z	302.00000	1555.19288	1538.05999	1524.94230
2025-08-19T10:50:13Z	303.00000	1555.19232	1538.05968	1524.94247
2025-08-19T10:50:13Z	303.00000	1555.19262	1538.05973	1524.94221
2025-08-19T10:50:13Z	303.00000	1555.19212	1538.06006	1524.94307
2025-08-19T10:50:13Z	303.00000	1555.19161	1538.06044	1524.94085
2025-08-19T10:50:13Z	303.00000	1555.19249	1538.06000	1524.94254
2025-08-19T10:50:13Z	303.00000	1555.19256	1538.06002	1524.94277
2025-08-19T10:50:13Z	303.00000	1555.19260	1538.06028	1524.94340
2025-08-19T10:50:14Z	303.00000	1555.19225	1538.06019	1524.94423
2025-08-19T10:50:14Z	303.00000	1555.19202	1538.06037	1524.94291
2025-08-19T10:50:14Z	303.00000	1555.19253	1538.06071	1524.94158
2025-08-19T10:50:14Z	304.00000	1555.19195	1538.06040	1524.94219
2025-08-19T10:50:14Z	304.00000	1555.19269	1538.06054	1524.94264
2025-08-19T10:50:14Z	304.00000	1555.19218	1538.06020	1524.94310
2025-08-19T10:50:14Z	304.00000	1555.19270	1538.05996	1524.94192
2025-08-19T10:50:14Z	304.00000	1555.19299	1538.06007	1524.94099
2025-08-19T10:50:14Z	304.00000	1555.19235	1538.06022	1524.94329
2025-08-19T10:50:14Z	304.00000	1555.19258	1538.06055	1524.94263
2025-08-19T10:50:15Z	304.00000	1555.19271	1538.06063	1524.94224
2025-08-19T10:50:15Z	304.00000	1555.19331	1538.06262	1524.94216
2025-08-19T10:50:15Z	304.00000	1555.19242	1538.06022	1524.94209
2025-08-19T10:50:15Z	305.00000	1555.19294	1538.06104	1524.94256
2025-08-19T10:50:15Z	305.00000	1555.19418	1538.06083	1524.94304
2025-08-19T10:50:15Z	305.00000	1555.19274	1538.05975	1524.94333
2025-08-19T10:50:15Z	305.00000	1555.19176	1538.06030	1524.94266
2025-08-19T10:50:15Z	305.00000	1555.19321	1538.06067	1524.94312
2025-08-19T10:50:15Z	305.00000	1555.19410	1538.06103	1524.94364
2025-08-19T10:50:15Z	305.00000	1555.19512	1538.06301	1524.94320
2025-08-19T10:50:16Z	305.00000	1555.19441	1538.06402	1524.94389
2025-08-19T10:50:16Z	305.00000	1555.19168	1538.06254	1524.94294
2025-08-19T10:50:16Z	305.00000	1555.19418	1538.06569	1524.94277
2025-08-19T10:50:16Z	306.00000	1555.20487	1538.06664	1524.94297
2025-08-19T10:50:16Z	306.00000	1555.20678	1538.06824	1524.94329
2025-08-19T10:50:16Z	306.00000	1555.21046	1538.07022	1524.94286
2025-08-19T10:50:16Z	306.00000	1555.21187	1538.06834	1524.94231
2025-08-19T10:50:16Z	306.00000	1555.21360	1538.07014	1524.94219
2025-08-19T10:50:16Z	306.00000	1555.21406	1538.06933	1524.94241
2025-08-19T10:50:16Z	306.00000	1555.21484	1538.06821	1524.94330
2025-08-19T10:50:17Z	306.00000	1555.21481	1538.06874	1524.94253
2025-08-19T10:50:17Z	306.00000	1555.21479	1538.06692	1524.94283
2025-08-19T10:50:17Z	306.00000	1555.21421	1538.06795	1524.94355
2025-08-19T10:50:17Z	307.00000	1555.21231	1538.06761	1524.94320
2025-08-19T10:50:17Z	307.00000	1555.20842	1538.06689	1524.94272
2025-08-19T10:50:17Z	307.00000	1555.20568	1538.06740	1524.94261
2025-08-19T10:50:17Z	307.00000	1555.20526	1538.06721	1524.94292
2025-08-19T10:50:17Z	307.00000	1555.20406	1538.06671	1524.94241
2025-08-19T10:50:17Z	307.00000	1555.20387	1538.06628	1524.94202
2025-08-19T10:50:17Z	307.00000	1555.20379	1538.06634	1524.94151
2025-08-19T10:50:18Z	307.00000	1555.20323	1538.06619	1524.94292
2025-08-19T10:50:18Z	307.00000	1555.20160	1538.06466	1524.94232
2025-08-19T10:50:18Z	307.00000	1555.20159	1538.06473	1524.94283
2025-08-19T10:50:18Z	308.00000	1555.20157	1538.06437	1524.94260
2025-08-19T10:50:18Z	308.00000	1555.19980	1538.06359	1524.94281
2025-08-19T10:50:18Z	308.00000	1555.20080	1538.06388	1524.94359
2025-08-19T10:50:18Z	308.00000	1555.20168	1538.06449	1524.94278
2025-08-19T10:50:18Z	308.00000	1555.20106	1538.06432	1524.94324
2025-08-19T10:50:18Z	308.00000	1555.20063	1538.06346	1524.94329
2025-08-19T10:50:18Z	308.00000	1555.19921	1538.06338	1524.94351
2025-08-19T10:50:19Z	308.00000	1555.19784	1538.06343	1524.94396
2025-08-19T10:50:19Z	308.00000	1555.19802	1538.06406	1524.94254
2025-08-19T10:50:19Z	308.00000	1555.19871	1538.06435	1524.94353
2025-08-19T10:50:19Z	309.00000	1555.19810	1538.06478	1524.94261
2025-08-19T10:50:19Z	309.00000	1555.19943	1538.06415	1524.94206
2025-08-19T10:50:19Z	309.00000	1555.19803	1538.06305	1524.94200
2025-08-19T10:50:19Z	309.00000	1555.19878	1538.06399	1524.94192
2025-08-19T10:50:19Z	309.00000	1555.19848	1538.06268	1524.94285
2025-08-19T10:50:19Z	309.00000	1555.19541	1538.06126	1524.94253
2025-08-19T10:50:19Z	309.00000	1555.19517	1538.06185	1524.94195
2025-08-19T10:50:20Z	309.00000	1555.19505	1538.06231	1524.94180
2025-08-19T10:50:20Z	309.00000	1555.19470	1538.06146	1524.94292
2025-08-19T10:50:20Z	309.00000	1555.19615	1538.06358	1524.94187
2025-08-19T10:50:20Z	310.00000	1555.19578	1538.06310	1524.94112
2025-08-19T10:50:20Z	310.00000	1555.19494	1538.05954	1524.94170
2025-08-19T10:50:20Z	310.00000	1555.19670	1538.06520	1524.94362
2025-08-19T10:50:20Z	310.00000	1555.20302	1538.06234	1524.94171
2025-08-19T10:50:20Z	310.00000	1555.20367	1538.06141	1524.94388
2025-08-19T10:50:20Z	310.00000	1555.20483	1538.06353	1524.94218
2025-08-19T10:50:20Z	310.00000	1555.20451	1538.06531	1524.94211
2025-08-19T10:50:21Z	310.00000	1555.20519	1538.06387	1524.94425
2025-08-19T10:50:21Z	310.00000	1555.20475	1538.06204	1524.94104
2025-08-19T10:50:21Z	310.00000	1555.20415	1538.06082	1524.94206
2025-08-19T10:50:21Z	311.00000	1555.20349	1538.06034	1524.94108
2025-08-19T10:50:21Z	311.00000	1555.20527	1538.06039	1524.94159
2025-08-19T10:50:21Z	311.00000	1555.21154	1538.06093	1524.94211
2025-08-19T10:50:21Z	311.00000	1555.21252	1538.06284	1524.94265
2025-08-19T10:50:21Z	311.00000	1555.21243	1538.06840	1524.94401
2025-08-19T10:50:21Z	311.00000	1555.21439	1538.07698	1524.94195
2025-08-19T10:50:21Z	311.00000	1555.21544	1538.07943	1524.94400
2025-08-19T10:50:22Z	311.00000	1555.21906	1538.07763	1524.94253
2025-08-19T10:50:22Z	311.00000	1555.21710	1538.07078	1524.94157
2025-08-19T10:50:22Z	311.00000	1555.21532	1538.06755	1524.94129
2025-08-19T10:50:22Z	312.00000	1555.21632	1538.06356	1524.94186
2025-08-19T10:50:22Z	312.00000	1555.21541	1538.06217	1524.94088
2025-08-19T10:50:22Z	312.00000	1555.21494	1538.06199	1524.94151
2025-08-19T10:50:22Z	312.00000	1555.21644	1538.06162	1524.94157
2025-08-19T10:50:22Z	312.00000	1555.21720	1538.06009	1524.93989
2025-08-19T10:50:22Z	312.00000	1555.21627	1538.05998	1524.94099
2025-08-19T10:50:22Z	312.00000	1555.21742	1538.06089	1524.94076
2025-08-19T10:50:23Z	312.00000	1555.21536	1538.06047	1524.94265
2025-08-19T10:50:23Z	312.00000	1555.21636	1538.05985	1524.94327
2025-08-19T10:50:23Z	312.00000	1555.21923	1538.06022	1524.94138
2025-08-19T10:50:23Z	313.00000	1555.21897	1538.05996	1524.94291
2025-08-19T10:50:23Z	313.00000	1555.21578	1538.05980	1524.94216
2025-08-19T10:50:23Z	313.00000	1555.21528	1538.05988	1524.94133
2025-08-19T10:50:23Z	313.00000	1555.21489	1538.05950	1524.94142
2025-08-19T10:50:23Z	313.00000	1555.21532	1538.06021	1524.94342
2025-08-19T10:50:23Z	313.00000	1555.21475	1538.06090	1524.94213
2025-08-19T10:50:23Z	313.00000	1555.21708	1538.06083	1524.94171
2025-08-19T10:50:24Z	313.00000	1555.22338	1538.06024	1524.94222
2025-08-19T10:50:24Z	313.00000	1555.22484	1538.05967	1524.94191
2025-08-19T10:50:24Z	313.00000	1555.21508	1538.05992	1524.94207
2025-08-19T10:50:24Z	314.00000	1555.21459	1538.05987	1524.94211
2025-08-19T10:50:24Z	314.00000	1555.21157	1538.06018	1524.94263
2025-08-19T10:50:24Z	314.00000	1555.20720	1538.06033	1524.94249
2025-08-19T10:50:24Z	314.00000	1555.21240	1538.06090	1524.94240
2025-08-19T10:50:24Z	314.00000	1555.20966	1538.06146	1524.94090
2025-08-19T10:50:24Z	314.00000	1555.20706	1538.06156	1524.94166
2025-08-19T10:50:24Z	314.00000	1555.20681	1538.06271	1524.94267
2025-08-19T10:50:25Z	314.00000	1555.20677	1538.06098	1524.94264
2025-08-19T10:50:25Z	314.00000	1555.20459	1538.06170	1524.94270
2025-08-19T10:50:25Z	314.00000	1555.20422	1538.06219	1524.94236
2025-08-19T10:50:25Z	315.00000	1555.20364	1538.06126	1524.94299
2025-08-19T10:50:25Z	315.00000	1555.20251	1538.06265	1524.94162
2025-08-19T10:50:25Z	315.00000	1555.20424	1538.06246	1524.94241
2025-08-19T10:50:25Z	315.00000	1555.20612	1538.06333	1524.94282
2025-08-19T10:50:25Z	315.00000	1555.20708	1538.06326	1524.94220
2025-08-19T10:50:25Z	315.00000	1555.20612	1538.06442	1524.94251
2025-08-19T10:50:25Z	315.00000	1555.20555	1538.06422	1524.94226
2025-08-19T10:50:26Z	315.00000	1555.20755	1538.06270	1524.94253
2025-08-19T10:50:26Z	315.00000	1555.20999	1538.06450	1524.94259
2025-08-19T10:50:26Z	315.00000	1555.20844	1538.06419	1524.94166
2025-08-19T10:50:26Z	316.00000	1555.20392	1538.06282	1524.94265
2025-08-19T10:50:26Z	316.00000	1555.20370	1538.06229	1524.94243
2025-08-19T10:50:26Z	316.00000	1555.20346	1538.06249	1524.94154
2025-08-19T10:50:26Z	316.00000	1555.20306	1538.06295	1524.94188
2025-08-19T10:50:26Z	316.00000	1555.20184	1538.06092	1524.94289
2025-08-19T10:50:26Z	316.00000	1555.20125	1538.06115	1524.94197
2025-08-19T10:50:26Z	316.00000	1555.20121	1538.06249	1524.94231
2025-08-19T10:50:27Z	316.00000	1555.20024	1538.06355	1524.94281
2025-08-19T10:50:27Z	316.00000	1555.19919	1538.06223	1524.94217
2025-08-19T10:50:27Z	316.00000	1555.19896	1538.06143	1524.94204
2025-08-19T10:50:27Z	317.00000	1555.19877	1538.06321	1524.94249
2025-08-19T10:50:27Z	317.00000	1555.19839	1538.06271	1524.94209
2025-08-19T10:50:27Z	317.00000	1555.19787	1538.06251	1524.94190
2025-08-19T10:50:27Z	317.00000	1555.19732	1538.06256	1524.94218
2025-08-19T10:50:27Z	317.00000	1555.19710	1538.06262	1524.94208
2025-08-19T10:50:27Z	317.00000	1555.19709	1538.06218	1524.94255
2025-08-19T10:50:27Z	317.00000	1555.19663	1538.06327	1524.94274
2025-08-19T10:50:28Z	317.00000	1555.19961	1538.06261	1524.94295
2025-08-19T10:50:28Z	317.00000	1555.20119	1538.06360	1524.94350
2025-08-19T10:50:28Z	317.00000	1555.20155	1538.06391	1524.94355
2025-08-19T10:50:28Z	318.00000	1555.20321	1538.06413	1524.94323
2025-08-19T10:50:28Z	318.00000	1555.20406	1538.06480	1524.94382
2025-08-19T10:50:28Z	318.00000	1555.20388	1538.06482	1524.94318
2025-08-19T10:50:28Z	318.00000	1555.20393	1538.06482	1524.94339
2025-08-19T10:50:28Z	318.00000	1555.20397	1538.06546	1524.94245
2025-08-19T10:50:28Z	318.00000	1555.20368	1538.06561	1524.94390
2025-08-19T10:50:28Z	318.00000	1555.20331	1538.06605	1524.94221
2025-08-19T10:50:29Z	318.00000	1555.20195	1538.06689	1524.94236
2025-08-19T10:50:29Z	318.00000	1555.20310	1538.06752	1524.94194
2025-08-19T10:50:29Z	318.00000	1555.20340	1538.06755	1524.94237
2025-08-19T10:50:29Z	319.00000	1555.20295	1538.06790	1524.94250
2025-08-19T10:50:29Z	319.00000	1555.20290	1538.06756	1524.94214
2025-08-19T10:50:29Z	319.00000	1555.20334	1538.06763	1524.94211
2025-08-19T10:50:29Z	319.00000	1555.20395	1538.06754	1524.94268
2025-08-19T10:50:29Z	319.00000	1555.20579	1538.06725	1524.94239
2025-08-19T10:50:29Z	319.00000	1555.20683	1538.06707	1524.94288
2025-08-19T10:50:29Z	319.00000	1555.20756	1538.06665	1524.94304
2025-08-19T10:50:30Z	319.00000	1555.21230	1538.06590	1524.94416
2025-08-19T10:50:30Z	319.00000	1555.21412	1538.06655	1524.94321
2025-08-19T10:50:30Z	319.00000	1555.21455	1538.06571	1524.94461
2025-08-19T10:50:30Z	320.00000	1555.21472	1538.06626	1524.94296
2025-08-19T10:50:30Z	320.00000	1555.21350	1538.06543	1524.94449
2025-08-19T10:50:30Z	320.00000	1555.21305	1538.06472	1524.94313
2025-08-19T10:50:30Z	320.00000	1555.21147	1538.06475	1524.94332
2025-08-19T10:50:30Z	320.00000	1555.20824	1538.06547	1524.94408
2025-08-19T10:50:30Z	320.00000	1555.20595	1538.06532	1524.94370
2025-08-19T10:50:30Z	320.00000	1555.20379	1538.06458	1524.94388
2025-08-19T10:50:31Z	320.00000	1555.20362	1538.06510	1524.94283
2025-08-19T10:50:31Z	320.00000	1555.20360	1538.06508	1524.94328
2025-08-19T10:50:31Z	320.00000	1555.20438	1538.06576	1524.94363
2025-08-19T10:50:31Z	321.00000	1555.20403	1538.06450	1524.94391
2025-08-19T10:50:31Z	321.00000	1555.20355	1538.06577	1524.94370
2025-08-19T10:50:31Z	321.00000	1555.20336	1538.06522	1524.94344
2025-08-19T10:50:31Z	321.00000	1555.20280	1538.06539	1524.94356
2025-08-19T10:50:31Z	321.00000	1555.20143	1538.06541	1524.94304
2025-08-19T10:50:31Z	321.00000	1555.20087	1538.06436	1524.94335
2025-08-19T10:50:31Z	321.00000	1555.20116	1538.06570	1524.94397
2025-08-19T10:50:32Z	321.00000	1555.20112	1538.06559	1524.94289
2025-08-19T10:50:32Z	321.00000	1555.20078	1538.06530	1524.94332
2025-08-19T10:50:32Z	321.00000	1555.20030	1538.06543	1524.94362
2025-08-19T10:50:32Z	322.00000	1555.20035	1538.06526	1524.94435
2025-08-19T10:50:32Z	322.00000	1555.20085	1538.06646	1524.94444
2025-08-19T10:50:32Z	322.00000	1555.19931	1538.06488	1524.94414
2025-08-19T10:50:32Z	322.00000	1555.20048	1538.06554	1524.94397
2025-08-19T10:50:32Z	322.00000	1555.20044	1538.06603	1524.94357
2025-08-19T10:50:32Z	322.00000	1555.19954	1538.06611	1524.94335
2025-08-19T10:50:32Z	322.00000	1555.20068	1538.06661	1524.94332
2025-08-19T10:50:33Z	322.00000	1555.20029	1538.06614	1524.94279
2025-08-19T10:50:33Z	322.00000	1555.20014	1538.06451	1524.94133
2025-08-19T10:50:33Z	322.00000	1555.19678	1538.06314	1524.94207
2025-08-19T10:50:33Z	323.00000	1555.19750	1538.06282	1524.94226
2025-08-19T10:50:33Z	323.00000	1555.19827	1538.06264	1524.94174
2025-08-19T10:50:33Z	323.00000	1555.19846	1538.06227	1524.94211
2025-08-19T10:50:33Z	323.00000	1555.19673	1538.06360	1524.94162
2025-08-19T10:50:33Z	323.00000	1555.19850	1538.06303	1524.94256
2025-08-19T10:50:33Z	323.00000	1555.19868	1538.06235	1524.94235
2025-08-19T10:50:33Z	323.00000	1555.19741	1538.06225	1524.94115
2025-08-19T10:50:34Z	323.00000	1555.19956	1538.06358	1524.94181
2025-08-19T10:50:34Z	323.00000	1555.19887	1538.06282	1524.94200
2025-08-19T10:50:34Z	323.00000	1555.19754	1538.06282	1524.94234
2025-08-19T10:50:34Z	324.00000	1555.20095	1538.06222	1524.94256
2025-08-19T10:50:34Z	324.00000	1555.20252	1538.06186	1524.94199
2025-08-19T10:50:34Z	324.00000	1555.20138	1538.06182	1524.94263
2025-08-19T10:50:34Z	324.00000	1555.20010	1538.06087	1524.94178
2025-08-19T10:50:34Z	324.00000	1555.20127	1538.06237	1524.94152
2025-08-19T10:50:34Z	324.00000	1555.20111	1538.06231	1524.94203
2025-08-19T10:50:34Z	324.00000	1555.19954	1538.06146	1524.94187
2025-08-19T10:50:35Z	324.00000	1555.19914	1538.06246	1524.94270
2025-08-19T10:50:35Z	324.00000	1555.19939	1538.06182	1524.94157
2025-08-19T10:50:35Z	324.00000	1555.19724	1538.06140	1524.94342
2025-08-19T10:50:35Z	325.00000	1555.19570	1538.06110	1524.94053
2025-08-19T10:50:35Z	325.00000	1555.19565	1538.06167	1524.94218
2025-08-19T10:50:35Z	325.00000	1555.19463	1538.06090	1524.94209
2025-08-19T10:50:35Z	325.00000	1555.19458	1538.06090	1524.94236
2025-08-19T10:50:35Z	325.00000	1555.19430	1538.06090	1524.94189
2025-08-19T10:50:35Z	325.00000	1555.19383	1538.06079	1524.94251
2025-08-19T10:50:35Z	325.00000	1555.19364	1538.06049	1524.94261
2025-08-19T10:50:36Z	325.00000	1555.19335	1538.06052	1524.94245
2025-08-19T10:50:36Z	325.00000	1555.19349	1538.06039	1524.94128
2025-08-19T10:50:36Z	325.00000	1555.19315	1538.06025	1524.94215
2025-08-19T10:50:36Z	326.00000	1555.19293	1538.06156	1524.94297
2025-08-19T10:50:36Z	326.00000	1555.19268	1538.06406	1524.94193
2025-08-19T10:50:36Z	326.00000	1555.19363	1538.06354	1524.94245
2025-08-19T10:50:36Z	326.00000	1555.19365	1538.06267	1524.94230
2025-08-19T10:50:36Z	326.00000	1555.19246	1538.06188	1524.94214
2025-08-19T10:50:36Z	326.00000	1555.19384	1538.06259	1524.94221
2025-08-19T10:50:36Z	326.00000	1555.19439	1538.06209	1524.94204
2025-08-19T10:50:37Z	326.00000	1555.19469	1538.06125	1524.94268
2025-08-19T10:50:37Z	326.00000	1555.19785	1538.06216	1524.94207
2025-08-19T10:50:37Z	326.00000	1555.19694	1538.06266	1524.94220
2025-08-19T10:50:37Z	327.00000	1555.19464	1538.06173	1524.94317
2025-08-19T10:50:37Z	327.00000	1555.19442	1538.06174	1524.94274
2025-08-19T10:50:37Z	327.00000	1555.19486	1538.06236	1524.94291
2025-08-19T10:50:37Z	327.00000	1555.19558	1538.06429	1524.94231
2025-08-19T10:50:37Z	327.00000	1555.19841	1538.06371	1524.94297
2025-08-19T10:50:37Z	327.00000	1555.20083	1538.06359	1524.94220
2025-08-19T10:50:37Z	327.00000	1555.19915	1538.06335	1524.94250
2025-08-19T10:50:38Z	327.00000	1555.19670	1538.06261	1524.94252
2025-08-19T10:50:38Z	327.00000	1555.19630	1538.06332	1524.94233
2025-08-19T10:50:38Z	327.00000	1555.19482	1538.06244	1524.94305
2025-08-19T10:50:38Z	328.00000	1555.19541	1538.06207	1524.94350
2025-08-19T10:50:38Z	328.00000	1555.19545	1538.06246	1524.94366
2025-08-19T10:50:38Z	328.00000	1555.19508	1538.06218	1524.94300
2025-08-19T10:50:38Z	328.00000	1555.19457	1538.06257	1524.94267
2025-08-19T10:50:38Z	328.00000	1555.19474	1538.06335	1524.94229
2025-08-19T10:50:38Z	328.00000	1555.19451	1538.06316	1524.94284
2025-08-19T10:50:38Z	328.00000	1555.19378	1538.06286	1524.94260
2025-08-19T10:50:39Z	328.00000	1555.19423	1538.06342	1524.94237
2025-08-19T10:50:39Z	328.00000	1555.19543	1538.06395	1524.94287
2025-08-19T10:50:39Z	328.00000	1555.19412	1538.06264	1524.94334
2025-08-19T10:50:39Z	329.00000	1555.19465	1538.06300	1524.94232
2025-08-19T10:50:39Z	329.00000	1555.19430	1538.06349	1524.94212
2025-08-19T10:50:39Z	329.00000	1555.19401	1538.06223	1524.94296
2025-08-19T10:50:39Z	329.00000	1555.19429	1538.06287	1524.94301
2025-08-19T10:50:39Z	329.00000	1555.19448	1538.06253	1524.94320
2025-08-19T10:50:39Z	329.00000	1555.19472	1538.06429	1524.94380
2025-08-19T10:50:39Z	329.00000	1555.19558	1538.06429	1524.94325
2025-08-19T10:50:40Z	329.00000	1555.19744	1538.06491	1524.94427
2025-08-19T10:50:40Z	329.00000	1555.19493	1538.06236	1524.94057
2025-08-19T10:50:40Z	329.00000	1555.19595	1538.06166	1524.94315
2025-08-19T10:50:40Z	330.00000	1555.19843	1538.06083	1524.94341
2025-08-19T10:50:40Z	330.00000	1555.19755	1538.06054	1524.94217
2025-08-19T10:50:40Z	330.00000	1555.19488	1538.05973	1524.94225
2025-08-19T10:50:40Z	330.00000	1555.19621	1538.06113	1524.94197
2025-08-19T10:50:40Z	330.00000	1555.19274	1538.05979	1524.94172
2025-08-19T10:50:40Z	330.00000	1555.19899	1538.06046	1524.94288
2025-08-19T10:50:41Z	330.00000	1555.19958	1538.06035	1524.94373
2025-08-19T10:50:41Z	330.00000	1555.19409	1538.05993	1524.94173
2025-08-19T10:50:41Z	330.00000	1555.19341	1538.05988	1524.94186
2025-08-19T10:50:41Z	331.00000	1555.19413	1538.05885	1524.94166
2025-08-19T10:50:41Z	331.00000	1555.19296	1538.05877	1524.94096
2025-08-19T10:50:41Z	331.00000	1555.19256	1538.05934	1524.94093
2025-08-19T10:50:41Z	331.00000	1555.19211	1538.05912	1524.94244
2025-08-19T10:50:42Z	331.00000	1555.19166	1538.05964	1524.94261
2025-08-19T10:50:42Z	331.00000	1555.19224	1538.06000	1524.94187
2025-08-19T10:50:42Z	332.00000	1555.19163	1538.06034	1524.94269
2025-08-19T10:50:42Z	332.00000	1555.19253	1538.06027	1524.94250
2025-08-19T10:50:42Z	332.00000	1555.19235	1538.06005	1524.94238
2025-08-19T10:50:42Z	332.00000	1555.19226	1538.06028	1524.94247
2025-08-19T10:50:42Z	332.00000	1555.19227	1538.06075	1524.94171
2025-08-19T10:50:43Z	332.00000	1555.19197	1538.06054	1524.94213
2025-08-19T10:50:43Z	332.00000	1555.19399	1538.06260	1524.94221
2025-08-19T10:50:43Z	333.00000	1555.19400	1538.06308	1524.94298
2025-08-19T10:50:43Z	333.00000	1555.19557	1538.06043	1524.94240
2025-08-19T10:50:43Z	333.00000	1555.19912	1538.06046	1524.94129
2025-08-19T10:50:43Z	333.00000	1555.20453	1538.06044	1524.94152
2025-08-19T10:50:43Z	333.00000	1555.20173	1538.06052	1524.94312
2025-08-19T10:50:43Z	333.00000	1555.19830	1538.05980	1524.94270
2025-08-19T10:50:44Z	333.00000	1555.19469	1538.05944	1524.94314
2025-08-19T10:50:44Z	334.00000	1555.19340	1538.06036	1524.94078
2025-08-19T10:50:44Z	334.00000	1555.19251	1538.06004	1524.94213
2025-08-19T10:50:44Z	334.00000	1555.19288	1538.06069	1524.94310
2025-08-19T10:50:44Z	334.00000	1555.19252	1538.06062	1524.94322
2025-08-19T10:50:44Z	334.00000	1555.19253	1538.06062	1524.94270
2025-08-19T10:50:44Z	334.00000	1555.19361	1538.06206	1524.94332
2025-08-19T10:50:45Z	334.00000	1555.19273	1538.06114	1524.94313
2025-08-19T10:50:45Z	334.00000	1555.19547	1538.06282	1524.94421
2025-08-19T10:50:45Z	335.00000	1555.19501	1538.06375	1524.94309
2025-08-19T10:50:45Z	335.00000	1555.19895	1538.06456	1524.94370
2025-08-19T10:50:45Z	335.00000	1555.19916	1538.06592	1524.94362
2025-08-19T10:50:45Z	335.00000	1555.19717	1538.06312	1524.94313
2025-08-19T10:50:46Z	335.00000	1555.19775	1538.06318	1524.94344
2025-08-19T10:50:46Z	335.00000	1555.19922	1538.06309	1524.94253
2025-08-19T10:50:46Z	336.00000	1555.19521	1538.06328	1524.94138
2025-08-19T10:50:46Z	336.00000	1555.19557	1538.06299	1524.94180
2025-08-19T10:50:46Z	336.00000	1555.19395	1538.06253	1524.94211
2025-08-19T10:50:46Z	336.00000	1555.19309	1538.06239	1524.94143
2025-08-19T10:50:46Z	336.00000	1555.19254	1538.06215	1524.94202
2025-08-19T10:50:47Z	336.00000	1555.19303	1538.06202	1524.94165
2025-08-19T10:50:47Z	336.00000	1555.19484	1538.06369	1524.94274
2025-08-19T10:50:47Z	336.00000	1555.19268	1538.06277	1524.94188
2025-08-19T10:50:47Z	337.00000	1555.19551	1538.06491	1524.94339
2025-08-19T10:50:47Z	337.00000	1555.19554	1538.06501	1524.94287
2025-08-19T10:50:47Z	337.00000	1555.19681	1538.06410	1524.94301
2025-08-19T10:50:47Z	337.00000	1555.19488	1538.06341	1524.94201
2025-08-19T10:50:47Z	337.00000	1555.19492	1538.06285	1524.94237
2025-08-19T10:50:47Z	337.00000	1555.19430	1538.06141	1524.94166
2025-08-19T10:50:48Z	337.00000	1555.19722	1538.06443	1524.94271
2025-08-19T10:50:48Z	337.00000	1555.19805	1538.06380	1524.94304
2025-08-19T10:50:48Z	337.00000	1555.19559	1538.06231	1524.94238
2025-08-19T10:50:48Z	338.00000	1555.19520	1538.06288	1524.94215
2025-08-19T10:50:48Z	338.00000	1555.19936	1538.06417	1524.94332
2025-08-19T10:50:48Z	338.00000	1555.19732	1538.06352	1524.94278
2025-08-19T10:50:48Z	338.00000	1555.19657	1538.06334	1524.94297
2025-08-19T10:50:48Z	338.00000	1555.19655	1538.06249	1524.94146
2025-08-19T10:50:48Z	338.00000	1555.19729	1538.06153	1524.94240
2025-08-19T10:50:48Z	338.00000	1555.19938	1538.06380	1524.94208
2025-08-19T10:50:49Z	338.00000	1555.20172	1538.06551	1524.94354
2025-08-19T10:50:49Z	338.00000	1555.20111	1538.06393	1524.94342
2025-08-19T10:50:49Z	338.00000	1555.19965	1538.06451	1524.94276
2025-08-19T10:50:49Z	339.00000	1555.19559	1538.06149	1524.94239
2025-08-19T10:50:49Z	339.00000	1555.19662	1538.06290	1524.94317
2025-08-19T10:50:49Z	339.00000	1555.19607	1538.06288	1524.94295
2025-08-19T10:50:49Z	339.00000	1555.19652	1538.06343	1524.94325
2025-08-19T10:50:49Z	339.00000	1555.19970	1538.06519	1524.94433
2025-08-19T10:50:49Z	339.00000	1555.19898	1538.06461	1524.94302
2025-08-19T10:50:49Z	339.00000	1555.19777	1538.06466	1524.94271
2025-08-19T10:50:50Z	339.00000	1555.19583	1538.06392	1524.94280
2025-08-19T10:50:50Z	339.00000	1555.19780	1538.06459	1524.94284
2025-08-19T10:50:50Z	339.00000	1555.19959	1538.06510	1524.94416
2025-08-19T10:50:50Z	340.00000	1555.19863	1538.06550	1524.94296
2025-08-19T10:50:50Z	340.00000	1555.19855	1538.06517	1524.94384
2025-08-19T10:50:50Z	340.00000	1555.19850	1538.06520	1524.94309
2025-08-19T10:50:50Z	340.00000	1555.19755	1538.06524	1524.94452
2025-08-19T10:50:50Z	340.00000	1555.19845	1538.06670	1524.94238
2025-08-19T10:50:50Z	340.00000	1555.19896	1538.06723	1524.94293
2025-08-19T10:50:50Z	340.00000	1555.19716	1538.06604	1524.94389
2025-08-19T10:50:51Z	340.00000	1555.19467	1538.06494	1524.94384
2025-08-19T10:50:51Z	340.00000	1555.19720	1538.06599	1524.94219
2025-08-19T10:50:51Z	340.00000	1555.19759	1538.06446	1524.94398
2025-08-19T10:50:51Z	341.00000	1555.19620	1538.06366	1524.94314
2025-08-19T10:50:51Z	341.00000	1555.20009	1538.06539	1524.94419
2025-08-19T10:50:51Z	341.00000	1555.19978	1538.06473	1524.94431
2025-08-19T10:50:51Z	341.00000	1555.20064	1538.06442	1524.94642
2025-08-19T10:50:51Z	341.00000	1555.19952	1538.06399	1524.95146
2025-08-19T10:50:51Z	341.00000	1555.20110	1538.06503	1524.95499
2025-08-19T10:50:51Z	341.00000	1555.20066	1538.06457	1524.95491
2025-08-19T10:50:52Z	341.00000	1555.19853	1538.06357	1524.95205
2025-08-19T10:50:52Z	341.00000	1555.19887	1538.06437	1524.95405
2025-08-19T10:50:52Z	341.00000	1555.19586	1538.06293	1524.94777
2025-08-19T10:50:52Z	342.00000	1555.20029	1538.06542	1524.95243
2025-08-19T10:50:52Z	342.00000	1555.20041	1538.06482	1524.94793
2025-08-19T10:50:52Z	342.00000	1555.19498	1538.06379	1524.94276
2025-08-19T10:50:52Z	342.00000	1555.19617	1538.06599	1524.94374
2025-08-19T10:50:52Z	342.00000	1555.19834	1538.06932	1524.94483
2025-08-19T10:50:52Z	342.00000	1555.20085	1538.07243	1524.94428
2025-08-19T10:50:52Z	342.00000	1555.19940	1538.06932	1524.94415
2025-08-19T10:50:53Z	342.00000	1555.19577	1538.06759	1524.94322
2025-08-19T10:50:53Z	342.00000	1555.20332	1538.06976	1524.94581
2025-08-19T10:50:53Z	342.00000	1555.20238	1538.06828	1524.94420
2025-08-19T10:50:53Z	343.00000	1555.20332	1538.06607	1524.94347
2025-08-19T10:50:53Z	343.00000	1555.20244	1538.06432	1524.94425
2025-08-19T10:50:53Z	343.00000	1555.20360	1538.06507	1524.94395
2025-08-19T10:50:53Z	343.00000	1555.20317	1538.06423	1524.94354
2025-08-19T10:50:53Z	343.00000	1555.20121	1538.06509	1524.94376
2025-08-19T10:50:53Z	343.00000	1555.20036	1538.06479	1524.94451
2025-08-19T10:50:53Z	343.00000	1555.19294	1538.06287	1524.94281
2025-08-19T10:50:54Z	343.00000	1555.19687	1538.06539	1524.94272
2025-08-19T10:50:54Z	343.00000	1555.19708	1538.06508	1524.94304
2025-08-19T10:50:54Z	343.00000	1555.20002	1538.06685	1524.94288
2025-08-19T10:50:54Z	344.00000	1555.19812	1538.06755	1524.94168
2025-08-19T10:50:54Z	344.00000	1555.19836	1538.07008	1524.94245
2025-08-19T10:50:54Z	344.00000	1555.20047	1538.06976	1524.94255
2025-08-19T10:50:54Z	344.00000	1555.19444	1538.06405	1524.94153
2025-08-19T10:50:54Z	344.00000	1555.19629	1538.06394	1524.94294
2025-08-19T10:50:54Z	344.00000	1555.20406	1538.07065	1524.94280
2025-08-19T10:50:54Z	344.00000	1555.19879	1538.06323	1524.94315
2025-08-19T10:50:55Z	344.00000	1555.20022	1538.06440	1524.94356
2025-08-19T10:50:55Z	344.00000	1555.19368	1538.06038	1524.94173
2025-08-19T10:50:55Z	344.00000	1555.19795	1538.06052	1524.94313
2025-08-19T10:50:55Z	345.00000	1555.20143	1538.06505	1524.94241
2025-08-19T10:50:55Z	345.00000	1555.19656	1538.06067	1524.94272
2025-08-19T10:50:55Z	345.00000	1555.20231	1538.06508	1524.94284
2025-08-19T10:50:55Z	345.00000	1555.20078	1538.06373	1524.94250
2025-08-19T10:50:55Z	345.00000	1555.19732	1538.06298	1524.94304
2025-08-19T10:50:55Z	345.00000	1555.19945	1538.06358	1524.94295
2025-08-19T10:50:55Z	345.00000	1555.19541	1538.06147	1524.94286
2025-08-19T10:50:56Z	345.00000	1555.19714	1538.06354	1524.94195
2025-08-19T10:50:56Z	345.00000	1555.20151	1538.06519	1524.94337
2025-08-19T10:50:56Z	345.00000	1555.19504	1538.06115	1524.94170
2025-08-19T10:50:56Z	346.00000	1555.19910	1538.06257	1524.94147
2025-08-19T10:50:56Z	346.00000	1555.19691	1538.06247	1524.94213
2025-08-19T10:50:56Z	346.00000	1555.19920	1538.06347	1524.94225
2025-08-19T10:50:56Z	346.00000	1555.19771	1538.06362	1524.94270
2025-08-19T10:50:56Z	346.00000	1555.19766	1538.06354	1524.94189
2025-08-19T10:50:56Z	346.00000	1555.19744	1538.06326	1524.94244
2025-08-19T10:50:56Z	346.00000	1555.19835	1538.06245	1524.94228
2025-08-19T10:50:57Z	346.00000	1555.19723	1538.06167	1524.94102
2025-08-19T10:50:57Z	346.00000	1555.19771	1538.06090	1524.94224
2025-08-19T10:50:57Z	346.00000	1555.19770	1538.06071	1524.94122
2025-08-19T10:50:57Z	347.00000	1555.19766	1538.06077	1524.94298
2025-08-19T10:50:57Z	347.00000	1555.19592	1538.06040	1524.94038
2025-08-19T10:50:57Z	347.00000	1555.19511	1538.06147	1524.94206
2025-08-19T10:50:57Z	347.00000	1555.19404	1538.06235	1524.94160
2025-08-19T10:50:57Z	347.00000	1555.19474	1538.06227	1524.94251
2025-08-19T10:50:57Z	347.00000	1555.19389	1538.06112	1524.94318
2025-08-19T10:50:57Z	347.00000	1555.19306	1538.06058	1524.94106
2025-08-19T10:50:58Z	347.00000	1555.19342	1538.06066	1524.94233
2025-08-19T10:50:58Z	347.00000	1555.19334	1538.06092	1524.94178
2025-08-19T10:50:58Z	347.00000	1555.19288	1538.06026	1524.94273
2025-08-19T10:50:58Z	348.00000	1555.19381	1538.06072	1524.94323
2025-08-19T10:50:58Z	348.00000	1555.19311	1538.06064	1524.94316
2025-08-19T10:50:58Z	348.00000	1555.19324	1538.06078	1524.94189
2025-08-19T10:50:58Z	348.00000	1555.19330	1538.06084	1524.94196
2025-08-19T10:50:58Z	348.00000	1555.19289	1538.06066	1524.94262
2025-08-19T10:50:58Z	348.00000	1555.19287	1538.06095	1524.94281
2025-08-19T10:50:58Z	348.00000	1555.19346	1538.06039	1524.94264
2025-08-19T10:50:59Z	348.00000	1555.19317	1538.06091	1524.94317
2025-08-19T10:50:59Z	348.00000	1555.19340	1538.06085	1524.94126
2025-08-19T10:50:59Z	348.00000	1555.19328	1538.06044	1524.94213
2025-08-19T10:50:59Z	349.00000	1555.19357	1538.06101	1524.94205
2025-08-19T10:50:59Z	349.00000	1555.19401	1538.06094	1524.94235
2025-08-19T10:50:59Z	349.00000	1555.19407	1538.06106	1524.94172
2025-08-19T10:50:59Z	349.00000	1555.19361	1538.06162	1524.94175
2025-08-19T10:50:59Z	349.00000	1555.19355	1538.06218	1524.94327
2025-08-19T10:50:59Z	349.00000	1555.19385	1538.06237	1524.94179
2025-08-19T10:50:59Z	349.00000	1555.19300	1538.06065	1524.94297
2025-08-19T10:51:00Z	349.00000	1555.19293	1538.05986	1524.94315
2025-08-19T10:51:00Z	349.00000	1555.19285	1538.06048	1524.94169
2025-08-19T10:51:00Z	349.00000	1555.19605	1538.06379	1524.94363
2025-08-19T10:51:00Z	350.00000	1555.19477	1538.06210	1524.94279
2025-08-19T10:51:00Z	350.00000	1555.19715	1538.06218	1524.94352
2025-08-19T10:51:00Z	350.00000	1555.19766	1538.06061	1524.94265
2025-08-19T10:51:00Z	350.00000	1555.20191	1538.06369	1524.94353
2025-08-19T10:51:00Z	350.00000	1555.19680	1538.06253	1524.94344
2025-08-19T10:51:00Z	350.00000	1555.20608	1538.07035	1524.94880
2025-08-19T10:51:00Z	350.00000	1555.21529	1538.07944	1524.96606
2025-08-19T10:51:01Z	350.00000	1555.22010	1538.08301	1524.96735
2025-08-19T10:51:01Z	350.00000	1555.21679	1538.08095	1524.96657
2025-08-19T10:51:01Z	350.00000	1555.22219	1538.08560	1524.96740
2025-08-19T10:51:01Z	351.00000	1555.23731	1538.09895	1524.98400
2025-08-19T10:51:01Z	351.00000	1555.23964	1538.10765	1524.98548
2025-08-19T10:51:01Z	351.00000	1555.24851	1538.11285	1524.99221
2025-08-19T10:51:01Z	351.00000	1555.26409	1538.13247	1525.01120
2025-08-19T10:51:01Z	351.00000	1555.25909	1538.12748	1525.00776
2025-08-19T10:51:01Z	351.00000	1555.25829	1538.12720	1525.00763
2025-08-19T10:51:01Z	351.00000	1555.26445	1538.13232	1525.00984
2025-08-19T10:51:02Z	351.00000	1555.26342	1538.13232	1525.01329
2025-08-19T10:51:02Z	351.00000	1555.26738	1538.13395	1525.01227
2025-08-19T10:51:02Z	351.00000	1555.26512	1538.13173	1525.01174
2025-08-19T10:51:02Z	352.00000	1555.26180	1538.12699	1525.01038
2025-08-19T10:51:02Z	352.00000	1555.25822	1538.12368	1525.00587
2025-08-19T10:51:02Z	352.00000	1555.25922	1538.12479	1525.00583
2025-08-19T10:51:02Z	352.00000	1555.26161	1538.12865	1525.00681
2025-08-19T10:51:02Z	352.00000	1555.26543	1538.13216	1525.01056
2025-08-19T10:51:02Z	352.00000	1555.27235	1538.13727	1525.01284
2025-08-19T10:51:02Z	352.00000	1555.25319	1538.11919	1524.99135
2025-08-19T10:51:03Z	352.00000	1555.23535	1538.09715	1524.96922
2025-08-19T10:51:03Z	352.00000	1555.26050	1538.12415	1525.00442
2025-08-19T10:51:03Z	352.00000	1555.27943	1538.13977	1525.01463
2025-08-19T10:51:03Z	353.00000	1555.28141	1538.13962	1525.01518
2025-08-19T10:51:03Z	353.00000	1555.27573	1538.13839	1525.01520
2025-08-19T10:51:03Z	353.00000	1555.27131	1538.13588	1525.01425
2025-08-19T10:51:03Z	353.00000	1555.26915	1538.13557	1525.01342
2025-08-19T10:51:03Z	353.00000	1555.26855	1538.13709	1525.01498
2025-08-19T10:51:03Z	353.00000	1555.26724	1538.13572	1525.01371
2025-08-19T10:51:03Z	353.00000	1555.26749	1538.13535	1525.01400
2025-08-19T10:51:04Z	353.00000	1555.26718	1538.13641	1525.01381
2025-08-19T10:51:04Z	353.00000	1555.26745	1538.13744	1525.01415
2025-08-19T10:51:04Z	353.00000	1555.26793	1538.13713	1525.01386
2025-08-19T10:51:04Z	354.00000	1555.26908	1538.13790	1525.01442
2025-08-19T10:51:04Z	354.00000	1555.26858	1538.13962	1525.01484
2025-08-19T10:51:04Z	354.00000	1555.26900	1538.13967	1525.01439
2025-08-19T10:51:04Z	354.00000	1555.26935	1538.13968	1525.01505
2025-08-19T10:51:04Z	354.00000	1555.26913	1538.13946	1525.01489
2025-08-19T10:51:04Z	354.00000	1555.26834	1538.14518	1525.01346
2025-08-19T10:51:04Z	354.00000	1555.26764	1538.14237	1525.01154
2025-08-19T10:51:05Z	354.00000	1555.26697	1538.14011	1525.01185
2025-08-19T10:51:05Z	354.00000	1555.26654	1538.13831	1525.01311
2025-08-19T10:51:05Z	354.00000	1555.26647	1538.13732	1525.01194
2025-08-19T10:51:05Z	355.00000	1555.26888	1538.13542	1525.01181
2025-08-19T10:51:05Z	355.00000	1555.26988	1538.13499	1525.01329
2025-08-19T10:51:05Z	355.00000	1555.27078	1538.13949	1525.01440
2025-08-19T10:51:05Z	355.00000	1555.27133	1538.14293	1525.01334
2025-08-19T10:51:05Z	355.00000	1555.27347	1538.14234	1525.01231
2025-08-19T10:51:05Z	355.00000	1555.27455	1538.14073	1525.01188
2025-08-19T10:51:05Z	355.00000	1555.27377	1538.13518	1525.01321
2025-08-19T10:51:06Z	355.00000	1555.27388	1538.13994	1525.01150
2025-08-19T10:51:06Z	355.00000	1555.27470	1538.14406	1525.01236
2025-08-19T10:51:06Z	355.00000	1555.27446	1538.14418	1525.01148
2025-08-19T10:51:06Z	356.00000	1555.27426	1538.14388	1525.01096
2025-08-19T10:51:06Z	356.00000	1555.27327	1538.14297	1525.00991
2025-08-19T10:51:06Z	356.00000	1555.27321	1538.14251	1525.01209
2025-08-19T10:51:06Z	356.00000	1555.27279	1538.14243	1525.01097
2025-08-19T10:51:06Z	356.00000	1555.27589	1538.14438	1525.01198
2025-08-19T10:51:06Z	356.00000	1555.27877	1538.14453	1525.01306
2025-08-19T10:51:06Z	356.00000	1555.27426	1538.14183	1525.01197
2025-08-19T10:51:07Z	356.00000	1555.27304	1538.14002	1525.01092
2025-08-19T10:51:07Z	356.00000	1555.27165	1538.13937	1525.01065
2025-08-19T10:51:07Z	356.00000	1555.27101	1538.13483	1525.01137
2025-08-19T10:51:07Z	357.00000	1555.27026	1538.13367	1525.01211
2025-08-19T10:51:07Z	357.00000	1555.26885	1538.13270	1525.01064
2025-08-19T10:51:07Z	357.00000	1555.26888	1538.13218	1525.00987
2025-08-19T10:51:07Z	357.00000	1555.26852	1538.13264	1525.01120
2025-08-19T10:51:07Z	357.00000	1555.26872	1538.13274	1525.01195
2025-08-19T10:51:07Z	357.00000	1555.26861	1538.13254	1525.01026
2025-08-19T10:51:07Z	357.00000	1555.26829	1538.13238	1525.01082
2025-08-19T10:51:08Z	357.00000	1555.26803	1538.13208	1525.01177
2025-08-19T10:51:08Z	357.00000	1555.26684	1538.13207	1525.01202
2025-08-19T10:51:08Z	357.00000	1555.26698	1538.13200	1525.01216
2025-08-19T10:51:08Z	358.00000	1555.26806	1538.13303	1525.01163
2025-08-19T10:51:08Z	358.00000	1555.26625	1538.13211	1525.01098
2025-08-19T10:51:08Z	358.00000	1555.26590	1538.13210	1525.01093
2025-08-19T10:51:08Z	358.00000	1555.26388	1538.13157	1525.01108
2025-08-19T10:51:08Z	358.00000	1555.26380	1538.13195	1525.01149
2025-08-19T10:51:08Z	358.00000	1555.26256	1538.13121	1525.01140
2025-08-19T10:51:08Z	358.00000	1555.26189	1538.12945	1525.01176
2025-08-19T10:51:09Z	358.00000	1555.26095	1538.13038	1525.01175
2025-08-19T10:51:09Z	358.00000	1555.26190	1538.12958	1525.01167
2025-08-19T10:51:09Z	358.00000	1555.26104	1538.12926	1525.01195
2025-08-19T10:51:09Z	359.00000	1555.26229	1538.13157	1525.01111
2025-08-19T10:51:09Z	359.00000	1555.26410	1538.13217	1525.01092
2025-08-19T10:51:09Z	359.00000	1555.26123	1538.13030	1525.01103
2025-08-19T10:51:09Z	359.00000	1555.26172	1538.13189	1525.01161
2025-08-19T10:51:09Z	359.00000	1555.26508	1538.13258	1525.01226
2025-08-19T10:51:09Z	359.00000	1555.26784	1538.13448	1525.01324
2025-08-19T10:51:09Z	359.00000	1555.26932	1538.13947	1525.01526
2025-08-19T10:51:10Z	359.00000	1555.27059	1538.13985	1525.01535
2025-08-19T10:51:10Z	359.00000	1555.27093	1538.14039	1525.01722
2025-08-19T10:51:10Z	359.00000	1555.27102	1538.14077	1525.01665
2025-08-19T10:51:10Z	360.00000	1555.27067	1538.14109	1525.01574
2025-08-19T10:51:10Z	360.00000	1555.26931	1538.13986	1525.01423
2025-08-19T10:51:10Z	360.00000	1555.26982	1538.14014	1525.01551
2025-08-19T10:51:10Z	360.00000	1555.26905	1538.13906	1525.01502
2025-08-19T10:51:10Z	360.00000	1555.26758	1538.13495	1525.01416
2025-08-19T10:51:10Z	360.00000	1555.26346	1538.13252	1525.01153
2025-08-19T10:51:10Z	360.00000	1555.26253	1538.13234	1525.01181
2025-08-19T10:51:11Z	360.00000	1555.26377	1538.13274	1525.01204
2025-08-19T10:51:11Z	360.00000	1555.26183	1538.13203	1525.01303
2025-08-19T10:51:11Z	360.00000	1555.26243	1538.13204	1525.01267
2025-08-19T10:51:11Z	361.00000	1555.26312	1538.13243	1525.01242
2025-08-19T10:51:11Z	361.00000	1555.26187	1538.13219	1525.01224
2025-08-19T10:51:11Z	361.00000	1555.26220	1538.13208	1525.01192
2025-08-19T10:51:11Z	361.00000	1555.26091	1538.13192	1525.01189
2025-08-19T10:51:11Z	361.00000	1555.26084	1538.13207	1525.01009
2025-08-19T10:51:11Z	361.00000	1555.26082	1538.13212	1525.01139
2025-08-19T10:51:11Z	361.00000	1555.26062	1538.13223	1525.01003
2025-08-19T10:51:12Z	361.00000	1555.26080	1538.13181	1525.01187
2025-08-19T10:51:12Z	361.00000	1555.26213	1538.13209	1525.01057
2025-08-19T10:51:12Z	361.00000	1555.25788	1538.12809	1525.00734
2025-08-19T10:51:12Z	362.00000	1555.26045	1538.13136	1525.00950
2025-08-19T10:51:12Z	362.00000	1555.26113	1538.13136	1525.00849
2025-08-19T10:51:12Z	362.00000	1555.26189	1538.13098	1525.01048
2025-08-19T10:51:12Z	362.00000	1555.25808	1538.12590	1525.00734
2025-08-19T10:51:12Z	362.00000	1555.26073	1538.12682	1525.00912
2025-08-19T10:51:12Z	362.00000	1555.25998	1538.12602	1525.00749
2025-08-19T10:51:12Z	362.00000	1555.25960	1538.12547	1525.00701
2025-08-19T10:51:13Z	362.00000	1555.26135	1538.12675	1525.00821
2025-08-19T10:51:13Z	362.00000	1555.25984	1538.12642	1525.00733
2025-08-19T10:51:13Z	362.00000	1555.25715	1538.12402	1525.00548
2025-08-19T10:51:13Z	363.00000	1555.25843	1538.12440	1525.00573
2025-08-19T10:51:13Z	363.00000	1555.25834	1538.12354	1525.00370
2025-08-19T10:51:13Z	363.00000	1555.25864	1538.12394	1525.00621
2025-08-19T10:51:13Z	363.00000	1555.25959	1538.12416	1525.00654
2025-08-19T10:51:13Z	363.00000	1555.25846	1538.12365	1525.00573
2025-08-19T10:51:13Z	363.00000	1555.25473	1538.12081	1525.00369
2025-08-19T10:51:13Z	363.00000	1555.25645	1538.12240	1525.00592
2025-08-19T10:51:14Z	363.00000	1555.25529	1538.12302	1525.00593
2025-08-19T10:51:14Z	363.00000	1555.25395	1538.12194	1525.00507
2025-08-19T10:51:14Z	363.00000	1555.25544	1538.12302	1525.00652
2025-08-19T10:51:14Z	364.00000	1555.25220	1538.11998	1524.99958
2025-08-19T10:51:14Z	364.00000	1555.25100	1538.11970	1524.99959
2025-08-19T10:51:14Z	364.00000	1555.25106	1538.11989	1524.99972
2025-08-19T10:51:14Z	364.00000	1555.25248	1538.12125	1525.00279
2025-08-19T10:51:14Z	364.00000	1555.25265	1538.12165	1525.00483
2025-08-19T10:51:14Z	364.00000	1555.25160	1538.12109	1525.00342
2025-08-19T10:51:14Z	364.00000	1555.24929	1538.11877	1525.00039
2025-08-19T10:51:15Z	364.00000	1555.24989	1538.12044	1525.00018
2025-08-19T10:51:15Z	364.00000	1555.25316	1538.12216	1525.00412
2025-08-19T10:51:15Z	364.00000	1555.25244	1538.12197	1525.00350
2025-08-19T10:51:15Z	365.00000	1555.25368	1538.12261	1525.00492
2025-08-19T10:51:15Z	365.00000	1555.24943	1538.11979	1525.00009
2025-08-19T10:51:15Z	365.00000	1555.25244	1538.12158	1525.00526
2025-08-19T10:51:15Z	365.00000	1555.25080	1538.12097	1525.00307
2025-08-19T10:51:15Z	365.00000	1555.25402	1538.12466	1525.00751
2025-08-19T10:51:15Z	365.00000	1555.24942	1538.12076	1525.00299
2025-08-19T10:51:15Z	365.00000	1555.25977	1538.13105	1525.01183
2025-08-19T10:51:16Z	365.00000	1555.26568	1538.13339	1525.01111
2025-08-19T10:51:16Z	365.00000	1555.25917	1538.12818	1525.00918
2025-08-19T10:51:16Z	365.00000	1555.25851	1538.12639	1525.00857
2025-08-19T10:51:16Z	366.00000	1555.25586	1538.12407	1525.00652
2025-08-19T10:51:16Z	366.00000	1555.25479	1538.12348	1525.00722
2025-08-19T10:51:16Z	366.00000	1555.25375	1538.12274	1525.00792
2025-08-19T10:51:16Z	366.00000	1555.25408	1538.12213	1525.00803
2025-08-19T10:51:16Z	366.00000	1555.25520	1538.12263	1525.00828
2025-08-19T10:51:16Z	366.00000	1555.25690	1538.12404	1525.00859
2025-08-19T10:51:16Z	366.00000	1555.25229	1538.12028	1525.00471
2025-08-19T10:51:17Z	366.00000	1555.25633	1538.12482	1525.00759
2025-08-19T10:51:17Z	366.00000	1555.25505	1538.12330	1525.00849
2025-08-19T10:51:17Z	366.00000	1555.25625	1538.12265	1525.00808
2025-08-19T10:51:17Z	367.00000	1555.25411	1538.12234	1525.00683
2025-08-19T10:51:17Z	367.00000	1555.25449	1538.12320	1525.00933
2025-08-19T10:51:17Z	367.00000	1555.25134	1538.12091	1525.00623
2025-08-19T10:51:17Z	367.00000	1555.25559	1538.12543	1525.01049
2025-08-19T10:51:17Z	367.00000	1555.25776	1538.12768	1525.01123
2025-08-19T10:51:17Z	367.00000	1555.25522	1538.12751	1525.00940
2025-08-19T10:51:17Z	367.00000	1555.25446	1538.12615	1525.00745
2025-08-19T10:51:18Z	367.00000	1555.25312	1538.12380	1525.00548
2025-08-19T10:51:18Z	367.00000	1555.25481	1538.12466	1525.00636
2025-08-19T10:51:18Z	367.00000	1555.25512	1538.12483	1525.00675
2025-08-19T10:51:18Z	368.00000	1555.25767	1538.12563	1525.00781
2025-08-19T10:51:18Z	368.00000	1555.25405	1538.12299	1525.00468
2025-08-19T10:51:18Z	368.00000	1555.25391	1538.12225	1525.00432
2025-08-19T10:51:18Z	368.00000	1555.25358	1538.12238	1525.00541
2025-08-19T10:51:18Z	368.00000	1555.25759	1538.12516	1525.00893
2025-08-19T10:51:18Z	368.00000	1555.25196	1538.12036	1525.00256
2025-08-19T10:51:18Z	368.00000	1555.25328	1538.12245	1525.00574
2025-08-19T10:51:19Z	368.00000	1555.25719	1538.12586	1525.00819
2025-08-19T10:51:19Z	368.00000	1555.25286	1538.12276	1525.00426
2025-08-19T10:51:19Z	368.00000	1555.25500	1538.12451	1525.00627
2025-08-19T10:51:19Z	369.00000	1555.25634	1538.12537	1525.00662
2025-08-19T10:51:19Z	369.00000	1555.25663	1538.12600	1525.00676
2025-08-19T10:51:19Z	369.00000	1555.25381	1538.12156	1525.00298
2025-08-19T10:51:19Z	369.00000	1555.25538	1538.12257	1525.00680
2025-08-19T10:51:19Z	369.00000	1555.25657	1538.12304	1525.00796
2025-08-19T10:51:19Z	369.00000	1555.25631	1538.12333	1525.00723
2025-08-19T10:51:19Z	369.00000	1555.25466	1538.12271	1525.00735
2025-08-19T10:51:20Z	369.00000	1555.25107	1538.12018	1525.00609
2025-08-19T10:51:20Z	369.00000	1555.25744	1538.12547	1525.00982
2025-08-19T10:51:20Z	369.00000	1555.26333	1538.13185	1525.01215
2025-08-19T10:51:20Z	370.00000	1555.26155	1538.13140	1525.01121
2025-08-19T10:51:20Z	370.00000	1555.26190	1538.13186	1525.01176
2025-08-19T10:51:20Z	370.00000	1555.26180	1538.13197	1525.01141
2025-08-19T10:51:20Z	370.00000	1555.26352	1538.13298	1525.01166
2025-08-19T10:51:20Z	370.00000	1555.26307	1538.13237	1525.01191
2025-08-19T10:51:20Z	370.00000	1555.26132	1538.13157	1525.01160
2025-08-19T10:51:20Z	370.00000	1555.26005	1538.12911	1525.01050
2025-08-19T10:51:21Z	370.00000	1555.25918	1538.12630	1525.01006
2025-08-19T10:51:21Z	370.00000	1555.25650	1538.12497	1525.01034
2025-08-19T10:51:21Z	370.00000	1555.25791	1538.12601	1525.01174
2025-08-19T10:51:21Z	371.00000	1555.25739	1538.12547	1525.01078
2025-08-19T10:51:21Z	371.00000	1555.25253	1538.12161	1525.00713
2025-08-19T10:51:21Z	371.00000	1555.25317	1538.12213	1525.00695
2025-08-19T10:51:21Z	371.00000	1555.25439	1538.12408	1525.00675
2025-08-19T10:51:21Z	371.00000	1555.25451	1538.12431	1525.00757
2025-08-19T10:51:21Z	371.00000	1555.25484	1538.12376	1525.00650
2025-08-19T10:51:21Z	371.00000	1555.25348	1538.12355	1525.00738
2025-08-19T10:51:22Z	371.00000	1555.25372	1538.12236	1525.00755
2025-08-19T10:51:22Z	371.00000	1555.25641	1538.12521	1525.01011
2025-08-19T10:51:22Z	371.00000	1555.25524	1538.12505	1525.00866
2025-08-19T10:51:22Z	372.00000	1555.25463	1538.12576	1525.00984
2025-08-19T10:51:22Z	372.00000	1555.25362	1538.12435	1525.00834
2025-08-19T10:51:22Z	372.00000	1555.25419	1538.12534	1525.00796
2025-08-19T10:51:22Z	372.00000	1555.25430	1538.12590	1525.00806
2025-08-19T10:51:22Z	372.00000	1555.25568	1538.12559	1525.00848
2025-08-19T10:51:22Z	372.00000	1555.25546	1538.12576	1525.00895
2025-08-19T10:51:22Z	372.00000	1555.25528	1538.12573	1525.00848
2025-08-19T10:51:23Z	372.00000	1555.25862	1538.12627	1525.00897
2025-08-19T10:51:23Z	373.00000	1555.26098	1538.12619	1525.01073
2025-08-19T10:51:23Z	373.00000	1555.26002	1538.12551	1525.00907
2025-08-19T10:51:23Z	373.00000	1555.25975	1538.12825	1525.01245
2025-08-19T10:51:23Z	373.00000	1555.25912	1538.12624	1525.01149
2025-08-19T10:51:24Z	373.00000	1555.26167	1538.12879	1525.01141
2025-08-19T10:51:24Z	373.00000	1555.25766	1538.12607	1525.01003
2025-08-19T10:51:24Z	374.00000	1555.25722	1538.12580	1525.00884
2025-08-19T10:51:24Z	374.00000	1555.25879	1538.12933	1525.01214
2025-08-19T10:51:24Z	374.00000	1555.25749	1538.12689	1525.01043
2025-08-19T10:51:24Z	374.00000	1555.25656	1538.12656	1525.00772
2025-08-19T10:51:24Z	374.00000	1555.25883	1538.13103	1525.01121
2025-08-19T10:51:24Z	374.00000	1555.25866	1538.12742	1525.01064
2025-08-19T10:51:24Z	374.00000	1555.26745	1538.13387	1525.01318
2025-08-19T10:51:25Z	374.00000	1555.26769	1538.13515	1525.01333
2025-08-19T10:51:25Z	374.00000	1555.26780	1538.13518	1525.01430
2025-08-19T10:51:25Z	374.00000	1555.26810	1538.13515	1525.01403
2025-08-19T10:51:25Z	375.00000	1555.26787	1538.13673	1525.01356
2025-08-19T10:51:25Z	375.00000	1555.26771	1538.13685	1525.01422
2025-08-19T10:51:25Z	375.00000	1555.26730	1538.13680	1525.01382
2025-08-19T10:51:25Z	375.00000	1555.26828	1538.13666	1525.01459
2025-08-19T10:51:25Z	375.00000	1555.26830	1538.13741	1525.01352
2025-08-19T10:51:25Z	375.00000	1555.26980	1538.13826	1525.01389
2025-08-19T10:51:25Z	375.00000	1555.27095	1538.13937	1525.01540
2025-08-19T10:51:26Z	375.00000	1555.27006	1538.13825	1525.01436
2025-08-19T10:51:26Z	375.00000	1555.26932	1538.13743	1525.01458
2025-08-19T10:51:26Z	375.00000	1555.26919	1538.13659	1525.01450
2025-08-19T10:51:26Z	376.00000	1555.26869	1538.13573	1525.01364
2025-08-19T10:51:26Z	376.00000	1555.26871	1538.13576	1525.01443
2025-08-19T10:51:26Z	376.00000	1555.26944	1538.13615	1525.01474
2025-08-19T10:51:26Z	376.00000	1555.26899	1538.13718	1525.01558
2025-08-19T10:51:26Z	376.00000	1555.26927	1538.13682	1525.01515
2025-08-19T10:51:26Z	376.00000	1555.26854	1538.13670	1525.01480
2025-08-19T10:51:26Z	376.00000	1555.26895	1538.13806	1525.01487
2025-08-19T10:51:27Z	376.00000	1555.26869	1538.13761	1525.01445
2025-08-19T10:51:27Z	376.00000	1555.26885	1538.13779	1525.01432
2025-08-19T10:51:27Z	376.00000	1555.26899	1538.13714	1525.01332
2025-08-19T10:51:27Z	377.00000	1555.26649	1538.13339	1525.01191
2025-08-19T10:51:27Z	377.00000	1555.26900	1538.13945	1525.01380
2025-08-19T10:51:27Z	377.00000	1555.29886	1538.16580	1525.04298
2025-08-19T10:51:27Z	377.00000	1555.29295	1538.16235	1525.03416
2025-08-19T10:51:27Z	377.00000	1555.29368	1538.16175	1525.03583
2025-08-19T10:51:27Z	377.00000	1555.31564	1538.18239	1525.05887
2025-08-19T10:51:27Z	377.00000	1555.35263	1538.21616	1525.09670
2025-08-19T10:51:28Z	377.00000	1555.34868	1538.21131	1525.09088
2025-08-19T10:51:28Z	377.00000	1555.35980	1538.22068	1525.10006
2025-08-19T10:51:28Z	377.00000	1555.36423	1538.22789	1525.10821
2025-08-19T10:51:28Z	378.00000	1555.37397	1538.23974	1525.11974
2025-08-19T10:51:28Z	378.00000	1555.37194	1538.23776	1525.12055
2025-08-19T10:51:28Z	378.00000	1555.36286	1538.22798	1525.11038
2025-08-19T10:51:28Z	378.00000	1555.36294	1538.22947	1525.11362
2025-08-19T10:51:28Z	378.00000	1555.38371	1538.25053	1525.13334
2025-08-19T10:51:28Z	378.00000	1555.39629	1538.26304	1525.14646
2025-08-19T10:51:28Z	378.00000	1555.39123	1538.25744	1525.14418
2025-08-19T10:51:29Z	378.00000	1555.40038	1538.26850	1525.15257
2025-08-19T10:51:29Z	378.00000	1555.40369	1538.26943	1525.15364
2025-08-19T10:51:29Z	378.00000	1555.43672	1538.30534	1525.18839
2025-08-19T10:51:29Z	379.00000	1555.38556	1538.25205	1525.14030
2025-08-19T10:51:29Z	379.00000	1555.37159	1538.23970	1525.12512
2025-08-19T10:51:29Z	379.00000	1555.37840	1538.24998	1525.13152
2025-08-19T10:51:29Z	379.00000	1555.37857	1538.25006	1525.12994
2025-08-19T10:51:29Z	379.00000	1555.37719	1538.24880	1525.12550
2025-08-19T10:51:29Z	379.00000	1555.37947	1538.24847	1525.12478
2025-08-19T10:51:29Z	379.00000	1555.37956	1538.24747	1525.12600
2025-08-19T10:51:30Z	379.00000	1555.37864	1538.24647	1525.12753
2025-08-19T10:51:30Z	379.00000	1555.37808	1538.24573	1525.12866
2025-08-19T10:51:30Z	379.00000	1555.37821	1538.24726	1525.13041
2025-08-19T10:51:30Z	380.00000	1555.37669	1538.24750	1525.12822
2025-08-19T10:51:30Z	380.00000	1555.37609	1538.24667	1525.12626
2025-08-19T10:51:30Z	380.00000	1555.37670	1538.24701	1525.12725
2025-08-19T10:51:30Z	380.00000	1555.37561	1538.24485	1525.12675
2025-08-19T10:51:30Z	380.00000	1555.37721	1538.24525	1525.12872
2025-08-19T10:51:30Z	380.00000	1555.37682	1538.24617	1525.12928
2025-08-19T10:51:30Z	380.00000	1555.37625	1538.24695	1525.12946
2025-08-19T10:51:31Z	380.00000	1555.37353	1538.24252	1525.12413
2025-08-19T10:51:31Z	380.00000	1555.37499	1538.24218	1525.12453
2025-08-19T10:51:31Z	380.00000	1555.37380	1538.24191	1525.12547
2025-08-19T10:51:31Z	381.00000	1555.37368	1538.24330	1525.12377
2025-08-19T10:51:31Z	381.00000	1555.37474	1538.24376	1525.12570
2025-08-19T10:51:31Z	381.00000	1555.37420	1538.24381	1525.12392
2025-08-19T10:51:31Z	381.00000	1555.37429	1538.24188	1525.12430
2025-08-19T10:51:31Z	381.00000	1555.37704	1538.24408	1525.12788
2025-08-19T10:51:31Z	381.00000	1555.37608	1538.24345	1525.12632
2025-08-19T10:51:31Z	381.00000	1555.37665	1538.24398	1525.12680
2025-08-19T10:51:32Z	381.00000	1555.37443	1538.24112	1525.12681
2025-08-19T10:51:32Z	381.00000	1555.37317	1538.24028	1525.13152
2025-08-19T10:51:32Z	381.00000	1555.37429	1538.24167	1525.13698
2025-08-19T10:51:32Z	382.00000	1555.37365	1538.24258	1525.13780
2025-08-19T10:51:32Z	382.00000	1555.37390	1538.24273	1525.13250
2025-08-19T10:51:32Z	382.00000	1555.37399	1538.24786	1525.13004
2025-08-19T10:51:32Z	382.00000	1555.37386	1538.24969	1525.12550
2025-08-19T10:51:32Z	382.00000	1555.37352	1538.24937	1525.12697
2025-08-19T10:51:32Z	382.00000	1555.37328	1538.24959	1525.12827
2025-08-19T10:51:32Z	382.00000	1555.37505	1538.25020	1525.12936
2025-08-19T10:51:33Z	382.00000	1555.37743	1538.25075	1525.13139
2025-08-19T10:51:33Z	382.00000	1555.37850	1538.25311	1525.13034
2025-08-19T10:51:33Z	382.00000	1555.37701	1538.25359	1525.12741
2025-08-19T10:51:33Z	383.00000	1555.37581	1538.25049	1525.12398
2025-08-19T10:51:33Z	383.00000	1555.37562	1538.24671	1525.12318
2025-08-19T10:51:33Z	383.00000	1555.37705	1538.24509	1525.12271
2025-08-19T10:51:33Z	383.00000	1555.37799	1538.24431	1525.12343
2025-08-19T10:51:33Z	383.00000	1555.37765	1538.24284	1525.12285
2025-08-19T10:51:33Z	383.00000	1555.37931	1538.24353	1525.12289
2025-08-19T10:51:33Z	383.00000	1555.37879	1538.24428	1525.12383
2025-08-19T10:51:34Z	383.00000	1555.38012	1538.24653	1525.12485
2025-08-19T10:51:34Z	383.00000	1555.37971	1538.24711	1525.12475
2025-08-19T10:51:34Z	383.00000	1555.37928	1538.24844	1525.12524
2025-08-19T10:51:34Z	384.00000	1555.37816	1538.24678	1525.12413
2025-08-19T10:51:34Z	384.00000	1555.37556	1538.24231	1525.12411
2025-08-19T10:51:34Z	384.00000	1555.37456	1538.24048	1525.12281
2025-08-19T10:51:34Z	384.00000	1555.37268	1538.23969	1525.12239
2025-08-19T10:51:34Z	384.00000	1555.37272	1538.23994	1525.12273
2025-08-19T10:51:34Z	384.00000	1555.37421	1538.24052	1525.12282
2025-08-19T10:51:34Z	384.00000	1555.37189	1538.23923	1525.12240
2025-08-19T10:51:35Z	384.00000	1555.37129	1538.23737	1525.12244
2025-08-19T10:51:35Z	384.00000	1555.37135	1538.23843	1525.12256
2025-08-19T10:51:35Z	384.00000	1555.37262	1538.23965	1525.12334
2025-08-19T10:51:35Z	385.00000	1555.37176	1538.23986	1525.12276
2025-08-19T10:51:35Z	385.00000	1555.37199	1538.23904	1525.12197
2025-08-19T10:51:35Z	385.00000	1555.37134	1538.23959	1525.12281
2025-08-19T10:51:35Z	385.00000	1555.36780	1538.23748	1525.12158
2025-08-19T10:51:35Z	385.00000	1555.36974	1538.23683	1525.12274
2025-08-19T10:51:35Z	385.00000	1555.37169	1538.23818	1525.12260
2025-08-19T10:51:35Z	385.00000	1555.37034	1538.23678	1525.12236
2025-08-19T10:51:36Z	385.00000	1555.37124	1538.23808	1525.12137
2025-08-19T10:51:36Z	385.00000	1555.36774	1538.23692	1525.12063
2025-08-19T10:51:36Z	385.00000	1555.36808	1538.23768	1525.12065
2025-08-19T10:51:36Z	386.00000	1555.37037	1538.23761	1525.12094
2025-08-19T10:51:36Z	386.00000	1555.36396	1538.23002	1525.11676
2025-08-19T10:51:36Z	386.00000	1555.37032	1538.23771	1525.12148
2025-08-19T10:51:36Z	386.00000	1555.37345	1538.23904	1525.12444
2025-08-19T10:51:36Z	386.00000	1555.37380	1538.23989	1525.12338
2025-08-19T10:51:36Z	386.00000	1555.37535	1538.24135	1525.12382
2025-08-19T10:51:36Z	386.00000	1555.37498	1538.24136	1525.12417
2025-08-19T10:51:37Z	386.00000	1555.37424	1538.23939	1525.12299
2025-08-19T10:51:37Z	386.00000	1555.37295	1538.23954	1525.12230
2025-08-19T10:51:37Z	386.00000	1555.37439	1538.24143	1525.12295
2025-08-19T10:51:37Z	387.00000	1555.37195	1538.24044	1525.12193
2025-08-19T10:51:37Z	387.00000	1555.37257	1538.23925	1525.12289
2025-08-19T10:51:37Z	387.00000	1555.37272	1538.23986	1525.12298
2025-08-19T10:51:37Z	387.00000	1555.37282	1538.23982	1525.12313
2025-08-19T10:51:37Z	387.00000	1555.37100	1538.23933	1525.12278
2025-08-19T10:51:37Z	387.00000	1555.37085	1538.23951	1525.12195
2025-08-19T10:51:37Z	387.00000	1555.36991	1538.24016	1525.12191
2025-08-19T10:51:38Z	387.00000	1555.37129	1538.23871	1525.12152
2025-08-19T10:51:38Z	387.00000	1555.37230	1538.23737	1525.12068
2025-08-19T10:51:38Z	387.00000	1555.37169	1538.23614	1525.12017
2025-08-19T10:51:38Z	388.00000	1555.37022	1538.23394	1525.11969
2025-08-19T10:51:38Z	388.00000	1555.37330	1538.23521	1525.11991
2025-08-19T10:51:38Z	388.00000	1555.37405	1538.23584	1525.12024
2025-08-19T10:51:38Z	388.00000	1555.37144	1538.23394	1525.11739
2025-08-19T10:51:38Z	388.00000	1555.36783	1538.23147	1525.11664
2025-08-19T10:51:38Z	388.00000	1555.36964	1538.23695	1525.11905
2025-08-19T10:51:38Z	388.00000	1555.36817	1538.23773	1525.11899
2025-08-19T10:51:39Z	388.00000	1555.36600	1538.23718	1525.11593
2025-08-19T10:51:39Z	388.00000	1555.36944	1538.23732	1525.12073
2025-08-19T10:51:39Z	388.00000	1555.36813	1538.23390	1525.11661
2025-08-19T10:51:39Z	389.00000	1555.36933	1538.23368	1525.11922
2025-08-19T10:51:39Z	389.00000	1555.37169	1538.23702	1525.12033
2025-08-19T10:51:39Z	389.00000	1555.37133	1538.23673	1525.12121
2025-08-19T10:51:39Z	389.00000	1555.36465	1538.23013	1525.11744
2025-08-19T10:51:39Z	389.00000	1555.36679	1538.23145	1525.12027
2025-08-19T10:51:39Z	389.00000	1555.36470	1538.23157	1525.11941
2025-08-19T10:51:39Z	389.00000	1555.36460	1538.23117	1525.11980
2025-08-19T10:51:40Z	389.00000	1555.36741	1538.23615	1525.12106
2025-08-19T10:51:40Z	389.00000	1555.36584	1538.23457	1525.12114
2025-08-19T10:51:40Z	389.00000	1555.36411	1538.23139	1525.11960
2025-08-19T10:51:40Z	390.00000	1555.36436	1538.23488	1525.12071
2025-08-19T10:51:40Z	390.00000	1555.36298	1538.23133	1525.11860
2025-08-19T10:51:40Z	390.00000	1555.36417	1538.23266	1525.11932
2025-08-19T10:51:40Z	390.00000	1555.36566	1538.23577	1525.12106
2025-08-19T10:51:40Z	390.00000	1555.36384	1538.23246	1525.11833
2025-08-19T10:51:40Z	390.00000	1555.36552	1538.23501	1525.12062
2025-08-19T10:51:40Z	390.00000	1555.36632	1538.23607	1525.12006
2025-08-19T10:51:41Z	390.00000	1555.36546	1538.23344	1525.11892
2025-08-19T10:51:41Z	390.00000	1555.36471	1538.23257	1525.12071
2025-08-19T10:51:41Z	390.00000	1555.36507	1538.23239	1525.12030
2025-08-19T10:51:41Z	391.00000	1555.36419	1538.23043	1525.11668
2025-08-19T10:51:41Z	391.00000	1555.36442	1538.23275	1525.11855
2025-08-19T10:51:41Z	391.00000	1555.36615	1538.23721	1525.12125
2025-08-19T10:51:41Z	391.00000	1555.36578	1538.23728	1525.12108
2025-08-19T10:51:41Z	391.00000	1555.36768	1538.23807	1525.11961
2025-08-19T10:51:41Z	391.00000	1555.36680	1538.23691	1525.11802
2025-08-19T10:51:41Z	391.00000	1555.36530	1538.23555	1525.11529
2025-08-19T10:51:42Z	391.00000	1555.36450	1538.23192	1525.11162
2025-08-19T10:51:42Z	391.00000	1555.36490	1538.23193	1525.11284
2025-08-19T10:51:42Z	391.00000	1555.36620	1538.23482	1525.11569
2025-08-19T10:51:42Z	392.00000	1555.36857	1538.23600	1525.11683
2025-08-19T10:51:42Z	392.00000	1555.36820	1538.23346	1525.11363
2025-08-19T10:51:42Z	392.00000	1555.36355	1538.22897	1525.10881
2025-08-19T10:51:42Z	392.00000	1555.37290	1538.23829	1525.11845
2025-08-19T10:51:42Z	392.00000	1555.37711	1538.24230	1525.12398
2025-08-19T10:51:42Z	392.00000	1555.37767	1538.24331	1525.12324
2025-08-19T10:51:42Z	392.00000	1555.37543	1538.24151	1525.12293
2025-08-19T10:51:43Z	392.00000	1555.37183	1538.23918	1525.12044
2025-08-19T10:51:43Z	392.00000	1555.36877	1538.23678	1525.11921
2025-08-19T10:51:43Z	392.00000	1555.36749	1538.23379	1525.11692
2025-08-19T10:51:43Z	393.00000	1555.36522	1538.23059	1525.11445
2025-08-19T10:51:43Z	393.00000	1555.36504	1538.22992	1525.11282
2025-08-19T10:51:43Z	393.00000	1555.36507	1538.23227	1525.11421
2025-08-19T10:51:43Z	393.00000	1555.36397	1538.22987	1525.10999
2025-08-19T10:51:43Z	393.00000	1555.36366	1538.22917	1525.10962
2025-08-19T10:51:43Z	393.00000	1555.36582	1538.23027	1525.11387
2025-08-19T10:51:43Z	393.00000	1555.36645	1538.23104	1525.11332
2025-08-19T10:51:44Z	393.00000	1555.36350	1538.22888	1525.11077
2025-08-19T10:51:44Z	393.00000	1555.36532	1538.23034	1525.11633
2025-08-19T10:51:44Z	393.00000	1555.36444	1538.22949	1525.11462
2025-08-19T10:51:44Z	394.00000	1555.36417	1538.22897	1525.11554
2025-08-19T10:51:44Z	394.00000	1555.36481	1538.22969	1525.11824
2025-08-19T10:51:44Z	394.00000	1555.36508	1538.23030	1525.11764
2025-08-19T10:51:44Z	394.00000	1555.36621	1538.23152	1525.12126
2025-08-19T10:51:44Z	394.00000	1555.36586	1538.23211	1525.12030
2025-08-19T10:51:44Z	394.00000	1555.36308	1538.22885	1525.11272
2025-08-19T10:51:44Z	394.00000	1555.36447	1538.23070	1525.11628
2025-08-19T10:51:45Z	394.00000	1555.36508	1538.23159	1525.11771
2025-08-19T10:51:45Z	394.00000	1555.36567	1538.23219	1525.11686
2025-08-19T10:51:45Z	394.00000	1555.36572	1538.23236	1525.11839
2025-08-19T10:51:45Z	395.00000	1555.36415	1538.23043	1525.11369
2025-08-19T10:51:45Z	395.00000	1555.36435	1538.23137	1525.11486
2025-08-19T10:51:45Z	395.00000	1555.36716	1538.23605	1525.11828
2025-08-19T10:51:45Z	395.00000	1555.36320	1538.22982	1525.11382
2025-08-19T10:51:45Z	395.00000	1555.36483	1538.23181	1525.11665
2025-08-19T10:51:45Z	395.00000	1555.36901	1538.23697	1525.12053
2025-08-19T10:51:45Z	395.00000	1555.36531	1538.23485	1525.11962
2025-08-19T10:51:46Z	395.00000	1555.36484	1538.23523	1525.11800
2025-08-19T10:51:46Z	395.00000	1555.36603	1538.23579	1525.12021
2025-08-19T10:51:46Z	395.00000	1555.36373	1538.23175	1525.11777
2025-08-19T10:51:46Z	396.00000	1555.36579	1538.23444	1525.11952
2025-08-19T10:51:46Z	396.00000	1555.36790	1538.23718	1525.12172
2025-08-19T10:51:46Z	396.00000	1555.36533	1538.23538	1525.12005
2025-08-19T10:51:46Z	396.00000	1555.36405	1538.23196	1525.12136
2025-08-19T10:51:46Z	396.00000	1555.36565	1538.23489	1525.12019
2025-08-19T10:51:46Z	396.00000	1555.36250	1538.22893	1525.11513
2025-08-19T10:51:46Z	396.00000	1555.36474	1538.23240	1525.11914
2025-08-19T10:51:47Z	396.00000	1555.36412	1538.23171	1525.11598
2025-08-19T10:51:47Z	396.00000	1555.36462	1538.23213	1525.11523
2025-08-19T10:51:47Z	396.00000	1555.36094	1538.22824	1525.10837
2025-08-19T10:51:47Z	397.00000	1555.35760	1538.22623	1525.10391
2025-08-19T10:51:47Z	397.00000	1555.37262	1538.23900	1525.12360
2025-08-19T10:51:47Z	397.00000	1555.37423	1538.23994	1525.12354
2025-08-19T10:51:47Z	397.00000	1555.37025	1538.23852	1525.12166
2025-08-19T10:51:47Z	397.00000	1555.36615	1538.23672	1525.12066
2025-08-19T10:51:47Z	397.00000	1555.36638	1538.23714	1525.12122
2025-08-19T10:51:47Z	397.00000	1555.36780	1538.23777	1525.12061
2025-08-19T10:51:48Z	397.00000	1555.37161	1538.23989	1525.11981
2025-08-19T10:51:48Z	397.00000	1555.36584	1538.23356	1525.11515
2025-08-19T10:51:48Z	397.00000	1555.36989	1538.23664	1525.11991
2025-08-19T10:51:48Z	398.00000	1555.37062	1538.23579	1525.11914
2025-08-19T10:51:48Z	398.00000	1555.37157	1538.23622	1525.11834
2025-08-19T10:51:48Z	398.00000	1555.36788	1538.23099	1525.11621
2025-08-19T10:51:48Z	398.00000	1555.37109	1538.23320	1525.11802
2025-08-19T10:51:48Z	398.00000	1555.36902	1538.23075	1525.11592
2025-08-19T10:51:48Z	398.00000	1555.36900	1538.22999	1525.11386
2025-08-19T10:51:48Z	398.00000	1555.37156	1538.23166	1525.11656
2025-08-19T10:51:49Z	398.00000	1555.37231	1538.23209	1525.11596
2025-08-19T10:51:49Z	398.00000	1555.37272	1538.23280	1525.11721
2025-08-19T10:51:49Z	398.00000	1555.36784	1538.22982	1525.11182
2025-08-19T10:51:49Z	399.00000	1555.36808	1538.22951	1525.11190
2025-08-19T10:51:49Z	399.00000	1555.37105	1538.23026	1525.11572
2025-08-19T10:51:49Z	399.00000	1555.37100	1538.22962	1525.11293
2025-08-19T10:51:49Z	399.00000	1555.37063	1538.22986	1525.11462
2025-08-19T10:51:49Z	399.00000	1555.36715	1538.22893	1525.11292
2025-08-19T10:51:49Z	399.00000	1555.36649	1538.22967	1525.11279
2025-08-19T10:51:49Z	399.00000	1555.36784	1538.23145	1525.11608
2025-08-19T10:51:50Z	399.00000	1555.36475	1538.22816	1525.11011
2025-08-19T10:51:50Z	399.00000	1555.36526	1538.22941	1525.11248
2025-08-19T10:51:50Z	399.00000	1555.36618	1538.22992	1525.11080
2025-08-19T10:51:50Z	400.00000	1555.36807	1538.23091	1525.11443
2025-08-19T10:51:50Z	400.00000	1555.36903	1538.23255	1525.11647
2025-08-19T10:51:50Z	400.00000	1555.36439	1538.22888	1525.11112
2025-08-19T10:51:50Z	400.00000	1555.36773	1538.23248	1525.11712
2025-08-19T10:51:50Z	400.00000	1555.36742	1538.23133	1525.11598
2025-08-19T10:51:50Z	400.00000	1555.36642	1538.23156	1525.11636
2025-08-19T10:51:50Z	400.00000	1555.36314	1538.22905	1525.11098
2025-08-19T10:51:51Z	400.00000	1555.36440	1538.23036	1525.11493
2025-08-19T10:51:51Z	400.00000	1555.36472	1538.23141	1525.11578
2025-08-19T10:51:51Z	400.00000	1555.36179	1538.22909	1525.11151
2025-08-19T10:51:51Z	401.00000	1555.36522	1538.23688	1525.12023
2025-08-19T10:51:51Z	401.00000	1555.36988	1538.23888	1525.12401
2025-08-19T10:51:51Z	401.00000	1555.36927	1538.23956	1525.12281
2025-08-19T10:51:51Z	401.00000	1555.36938	1538.23922	1525.12286
2025-08-19T10:51:51Z	401.00000	1555.37066	1538.23950	1525.12301
2025-08-19T10:51:51Z	401.00000	1555.37209	1538.24003	1525.12260
2025-08-19T10:51:51Z	401.00000	1555.37301	1538.24067	1525.12275
2025-08-19T10:51:52Z	401.00000	1555.37296	1538.24132	1525.12394
2025-08-19T10:51:52Z	401.00000	1555.37299	1538.24118	1525.12231
2025-08-19T10:51:52Z	401.00000	1555.37353	1538.24161	1525.12288
2025-08-19T10:51:52Z	402.00000	1555.37343	1538.24128	1525.12350
2025-08-19T10:51:52Z	402.00000	1555.37290	1538.24149	1525.12386
2025-08-19T10:51:52Z	402.00000	1555.37291	1538.24068	1525.12289
2025-08-19T10:51:52Z	402.00000	1555.37317	1538.24039	1525.12240
2025-08-19T10:51:52Z	402.00000	1555.37389	1538.24103	1525.12377
2025-08-19T10:51:52Z	402.00000	1555.37399	1538.24128	1525.12314
2025-08-19T10:51:52Z	402.00000	1555.37466	1538.24065	1525.12341
2025-08-19T10:51:53Z	402.00000	1555.37395	1538.24057	1525.12317
2025-08-19T10:51:53Z	402.00000	1555.37494	1538.23990	1525.12396
2025-08-19T10:51:53Z	402.00000	1555.37452	1538.24031	1525.12359
2025-08-19T10:51:53Z	403.00000	1555.37458	1538.23998	1525.12302
2025-08-19T10:51:53Z	403.00000	1555.37433	1538.24068	1525.12392
2025-08-19T10:51:53Z	403.00000	1555.37388	1538.24083	1525.12443
2025-08-19T10:51:53Z	403.00000	1555.37395	1538.24153	1525.12458
2025-08-19T10:51:53Z	403.00000	1555.37286	1538.23959	1525.12306
2025-08-19T10:51:53Z	403.00000	1555.37423	1538.24036	1525.12286
2025-08-19T10:51:53Z	403.00000	1555.37370	1538.24011	1525.12316
2025-08-19T10:51:54Z	403.00000	1555.37459	1538.24099	1525.12335
2025-08-19T10:51:54Z	403.00000	1555.37468	1538.24139	1525.12335
2025-08-19T10:51:54Z	403.00000	1555.37427	1538.24071	1525.12348
2025-08-19T10:51:54Z	404.00000	1555.37396	1538.24147	1525.12321
2025-08-19T10:51:54Z	404.00000	1555.37468	1538.24072	1525.12296
2025-08-19T10:51:54Z	404.00000	1555.37408	1538.24092	1525.12405
2025-08-19T10:51:54Z	404.00000	1555.37479	1538.24074	1525.12423
2025-08-19T10:51:54Z	404.00000	1555.37388	1538.24093	1525.12455
2025-08-19T10:51:54Z	404.00000	1555.37424	1538.24124	1525.12417
2025-08-19T10:51:54Z	404.00000	1555.37392	1538.24189	1525.12343
2025-08-19T10:51:55Z	404.00000	1555.37393	1538.24028	1525.12331
2025-08-19T10:51:55Z	404.00000	1555.37437	1538.24135	1525.12258
2025-08-19T10:51:55Z	404.00000	1555.37423	1538.24101	1525.12273
2025-08-19T10:51:55Z	405.00000	1555.37401	1538.24079	1525.12286
2025-08-19T10:51:55Z	405.00000	1555.37421	1538.24081	1525.12364
2025-08-19T10:51:55Z	405.00000	1555.37369	1538.24105	1525.12327
2025-08-19T10:51:55Z	405.00000	1555.37355	1538.24050	1525.12249
2025-08-19T10:51:55Z	405.00000	1555.37366	1538.24008	1525.12402
2025-08-19T10:51:55Z	405.00000	1555.37338	1538.23975	1525.12290
2025-08-19T10:51:55Z	405.00000	1555.37382	1538.24045	1525.12310
2025-08-19T10:51:56Z	405.00000	1555.37368	1538.24021	1525.12296
2025-08-19T10:51:56Z	405.00000	1555.37328	1538.23951	1525.12253
2025-08-19T10:51:56Z	405.00000	1555.37245	1538.23936	1525.12277
2025-08-19T10:51:56Z	406.00000	1555.37228	1538.23920	1525.12338
2025-08-19T10:51:56Z	406.00000	1555.37153	1538.23902	1525.12304
2025-08-19T10:51:56Z	406.00000	1555.37191	1538.23914	1525.12290
2025-08-19T10:51:56Z	406.00000	1555.37142	1538.24005	1525.12286
2025-08-19T10:51:56Z	406.00000	1555.37164	1538.23884	1525.12342
2025-08-19T10:51:56Z	406.00000	1555.37151	1538.23983	1525.12306
2025-08-19T10:51:56Z	406.00000	1555.37294	1538.23959	1525.12351
2025-08-19T10:51:57Z	406.00000	1555.37207	1538.23931	1525.12268
2025-08-19T10:51:57Z	406.00000	1555.37305	1538.23970	1525.12266
2025-08-19T10:51:57Z	406.00000	1555.37203	1538.23954	1525.12318
2025-08-19T10:51:57Z	407.00000	1555.37332	1538.23978	1525.12335
2025-08-19T10:51:57Z	407.00000	1555.37250	1538.23944	1525.12304
2025-08-19T10:51:57Z	407.00000	1555.37278	1538.23933	1525.12331
2025-08-19T10:51:57Z	407.00000	1555.37270	1538.23890	1525.12277
2025-08-19T10:51:57Z	407.00000	1555.37253	1538.23967	1525.12311
2025-08-19T10:51:57Z	407.00000	1555.37264	1538.23956	1525.12297
2025-08-19T10:51:57Z	407.00000	1555.37346	1538.23971	1525.12321
2025-08-19T10:51:58Z	407.00000	1555.37323	1538.23920	1525.12276
2025-08-19T10:51:58Z	407.00000	1555.37269	1538.23905	1525.12277
2025-08-19T10:51:58Z	407.00000	1555.37312	1538.23892	1525.12342
2025-08-19T10:51:58Z	408.00000	1555.37258	1538.23933	1525.12288
2025-08-19T10:51:58Z	408.00000	1555.37314	1538.23913	1525.12219
2025-08-19T10:51:58Z	408.00000	1555.37216	1538.23932	1525.12229
2025-08-19T10:51:58Z	408.00000	1555.37273	1538.23957	1525.12256
2025-08-19T10:51:58Z	408.00000	1555.37310	1538.23973	1525.12266
2025-08-19T10:51:58Z	408.00000	1555.37260	1538.24013	1525.12300
2025-08-19T10:51:58Z	408.00000	1555.37189	1538.23986	1525.12217
2025-08-19T10:51:59Z	408.00000	1555.37176	1538.23903	1525.12283
2025-08-19T10:51:59Z	408.00000	1555.37202	1538.23907	1525.12421
2025-08-19T10:51:59Z	408.00000	1555.37167	1538.23932	1525.12273
2025-08-19T10:51:59Z	409.00000	1555.37157	1538.23915	1525.12336
2025-08-19T10:51:59Z	409.00000	1555.37267	1538.23843	1525.12355
2025-08-19T10:51:59Z	409.00000	1555.37329	1538.23903	1525.12301
2025-08-19T10:51:59Z	409.00000	1555.37301	1538.23954	1525.12313
2025-08-19T10:51:59Z	409.00000	1555.37300	1538.23986	1525.12358
2025-08-19T10:51:59Z	409.00000	1555.37329	1538.23908	1525.12317
2025-08-19T10:51:59Z	409.00000	1555.37271	1538.23886	1525.12358
2025-08-19T10:52:00Z	409.00000	1555.37286	1538.24022	1525.12265
2025-08-19T10:52:00Z	409.00000	1555.37362	1538.23881	1525.12355
2025-08-19T10:52:00Z	409.00000	1555.37394	1538.23896	1525.12284
2025-08-19T10:52:00Z	410.00000	1555.37404	1538.23913	1525.12292
2025-08-19T10:52:00Z	410.00000	1555.37417	1538.23946	1525.12285
2025-08-19T10:52:00Z	410.00000	1555.37376	1538.23961	1525.12359
2025-08-19T10:52:00Z	410.00000	1555.37227	1538.23829	1525.12080
2025-08-19T10:52:00Z	410.00000	1555.37135	1538.23796	1525.12101
2025-08-19T10:52:00Z	410.00000	1555.37188	1538.23891	1525.12182
2025-08-19T10:52:00Z	410.00000	1555.37423	1538.24001	1525.12310
2025-08-19T10:52:01Z	410.00000	1555.37375	1538.24034	1525.12282
2025-08-19T10:52:01Z	410.00000	1555.37376	1538.23992	1525.12284
2025-08-19T10:52:01Z	410.00000	1555.37464	1538.24032	1525.12381
2025-08-19T10:52:01Z	411.00000	1555.37381	1538.24076	1525.12335
2025-08-19T10:52:01Z	411.00000	1555.37437	1538.24155	1525.12346
2025-08-19T10:52:01Z	411.00000	1555.37353	1538.24056	1525.12231
2025-08-19T10:52:01Z	411.00000	1555.37364	1538.24080	1525.12304
2025-08-19T10:52:01Z	411.00000	1555.37380	1538.24064	1525.12368
2025-08-19T10:52:01Z	411.00000	1555.37450	1538.24105	1525.12415
2025-08-19T10:52:01Z	411.00000	1555.37424	1538.24182	1525.12473
2025-08-19T10:52:02Z	411.00000	1555.37407	1538.24168	1525.12581
2025-08-19T10:52:02Z	411.00000	1555.37442	1538.24100	1525.12410
2025-08-19T10:52:02Z	411.00000	1555.37502	1538.24094	1525.12380
2025-08-19T10:52:02Z	412.00000	1555.37527	1538.24105	1525.12541
2025-08-19T10:52:02Z	412.00000	1555.37503	1538.24135	1525.12739
2025-08-19T10:52:02Z	412.00000	1555.38834	1538.25297	1525.14526
2025-08-19T10:52:02Z	412.00000	1555.40265	1538.26853	1525.15363
2025-08-19T10:52:02Z	412.00000	1555.39481	1538.25951	1525.14687
2025-08-19T10:52:02Z	412.00000	1555.39528	1538.25976	1525.14625
2025-08-19T10:52:02Z	412.00000	1555.40444	1538.26782	1525.15186
2025-08-19T10:52:03Z	412.00000	1555.42366	1538.28874	1525.17816
2025-08-19T10:52:03Z	412.00000	1555.43632	1538.29921	1525.18748
2025-08-19T10:52:03Z	412.00000	1555.40135	1538.26349	1525.14650
2025-08-19T10:52:03Z	413.00000	1555.40985	1538.27022	1525.15564
2025-08-19T10:52:03Z	413.00000	1555.42803	1538.28976	1525.17631
2025-08-19T10:52:03Z	413.00000	1555.43459	1538.29794	1525.18212
2025-08-19T10:52:03Z	413.00000	1555.43943	1538.30374	1525.18592
2025-08-19T10:52:03Z	413.00000	1555.45086	1538.31512	1525.19726
2025-08-19T10:52:03Z	413.00000	1555.44176	1538.30941	1525.18948
2025-08-19T10:52:03Z	413.00000	1555.45645	1538.32952	1525.21140
2025-08-19T10:52:04Z	413.00000	1555.46735	1538.33700	1525.21305
2025-08-19T10:52:04Z	413.00000	1555.47131	1538.34183	1525.21785
2025-08-19T10:52:04Z	413.00000	1555.49442	1538.36090	1525.23949
2025-08-19T10:52:04Z	414.00000	1555.47204	1538.34277	1525.21824
2025-08-19T10:52:04Z	414.00000	1555.42807	1538.29791	1525.17552
2025-08-19T10:52:04Z	414.00000	1555.49827	1538.36820	1525.24701
2025-08-19T10:52:04Z	414.00000	1555.49922	1538.36896	1525.24999
2025-08-19T10:52:04Z	414.00000	1555.52349	1538.39017	1525.27769
2025-08-19T10:52:04Z	414.00000	1555.54781	1538.41558	1525.30124
2025-08-19T10:52:05Z	414.00000	1555.52313	1538.39365	1525.28270
2025-08-19T10:52:05Z	414.00000	1555.51904	1538.38799	1525.27927
2025-08-19T10:52:05Z	414.00000	1555.52293	1538.39183	1525.28219
2025-08-19T10:52:05Z	415.00000	1555.52296	1538.39103	1525.28133
2025-08-19T10:52:05Z	415.00000	1555.52103	1538.38964	1525.27937
2025-08-19T10:52:05Z	415.00000	1555.52232	1538.38840	1525.27821
2025-08-19T10:52:05Z	415.00000	1555.52108	1538.38762	1525.27763
2025-08-19T10:52:05Z	415.00000	1555.52079	1538.38633	1525.27608
2025-08-19T10:52:05Z	415.00000	1555.52079	1538.38541	1525.27248
2025-08-19T10:52:06Z	415.00000	1555.51866	1538.38357	1525.26736
2025-08-19T10:52:06Z	415.00000	1555.51996	1538.38319	1525.26697
2025-08-19T10:52:06Z	416.00000	1555.51403	1538.38250	1525.26458
2025-08-19T10:52:06Z	416.00000	1555.51758	1538.38336	1525.26548
2025-08-19T10:52:06Z	416.00000	1555.51987	1538.38290	1525.26434
2025-08-19T10:52:06Z	416.00000	1555.51644	1538.38105	1525.26376
2025-08-19T10:52:06Z	416.00000	1555.51786	1538.38052	1525.26639
2025-08-19T10:52:06Z	416.00000	1555.52062	1538.38067	1525.26369
2025-08-19T10:52:07Z	416.00000	1555.52027	1538.38311	1525.25886
2025-08-19T10:52:07Z	417.00000	1555.51970	1538.38096	1525.25800
2025-08-19T10:52:07Z	417.00000	1555.51852	1538.38113	1525.25748
2025-08-19T10:52:07Z	417.00000	1555.51306	1538.37766	1525.25736
2025-08-19T10:52:07Z	417.00000	1555.51201	1538.37361	1525.25687
2025-08-19T10:52:07Z	417.00000	1555.51081	1538.37248	1525.25525
2025-08-19T10:52:07Z	417.00000	1555.50836	1538.37140	1525.25565
2025-08-19T10:52:08Z	417.00000	1555.50336	1538.37053	1525.25597
2025-08-19T10:52:08Z	417.00000	1555.50186	1538.37199	1525.25676
2025-08-19T10:52:08Z	418.00000	1555.50083	1538.37043	1525.25648
2025-08-19T10:52:08Z	418.00000	1555.50085	1538.37000	1525.25644
2025-08-19T10:52:08Z	418.00000	1555.50158	1538.36966	1525.25573
2025-08-19T10:52:08Z	418.00000	1555.50868	1538.37311	1525.25862
2025-08-19T10:52:09Z	418.00000	1555.50217	1538.36989	1525.25690
2025-08-19T10:52:09Z	419.00000	1555.49974	1538.36281	1525.25475
2025-08-19T10:52:09Z	419.00000	1555.49953	1538.36362	1525.25524
2025-08-19T10:52:09Z	419.00000	1555.49560	1538.36355	1525.25630
2025-08-19T10:52:09Z	419.00000	1555.49503	1538.36181	1525.25576
2025-08-19T10:52:10Z	419.00000	1555.49114	1538.36015	1525.24854
2025-08-19T10:52:10Z	420.00000	1555.49119	1538.36022	1525.24835
2025-08-19T10:52:10Z	420.00000	1555.49123	1538.36004	1525.24368
2025-08-19T10:52:10Z	420.00000	1555.49273	1538.36025	1525.24561
2025-08-19T10:52:10Z	420.00000	1555.50425	1538.37134	1525.25855
2025-08-19T10:52:11Z	420.00000	1555.50302	1538.37123	1525.25750
2025-08-19T10:52:11Z	421.00000	1555.50322	1538.37189	1525.25752
2025-08-19T10:52:11Z	421.00000	1555.50008	1538.36933	1525.25457
2025-08-19T10:52:11Z	421.00000	1555.49788	1538.36210	1525.24768
2025-08-19T10:52:11Z	421.00000	1555.49773	1538.36128	1525.24696
2025-08-19T10:52:12Z	421.00000	1555.49034	1538.35895	1525.24267
2025-08-19T10:52:12Z	422.00000	1555.49355	1538.36023	1525.24531
2025-08-19T10:52:12Z	422.00000	1555.49478	1538.35918	1525.24656
2025-08-19T10:52:12Z	422.00000	1555.49400	1538.36061	1525.24504
2025-08-19T10:52:12Z	422.00000	1555.49243	1538.35948	1525.24514
2025-08-19T10:52:12Z	422.00000	1555.49186	1538.35977	1525.24448
2025-08-19T10:52:13Z	422.00000	1555.49480	1538.35956	1525.24810
2025-08-19T10:52:13Z	422.00000	1555.49519	1538.36021	1525.24812
2025-08-19T10:52:13Z	422.00000	1555.49334	1538.36007	1525.24637
2025-08-19T10:52:13Z	423.00000	1555.49340	1538.36055	1525.24427
2025-08-19T10:52:13Z	423.00000	1555.49294	1538.36019	1525.24530
2025-08-19T10:52:13Z	423.00000	1555.49424	1538.36022	1525.24694
2025-08-19T10:52:13Z	423.00000	1555.49344	1538.36021	1525.24633
2025-08-19T10:52:13Z	423.00000	1555.49281	1538.36037	1525.24566
2025-08-19T10:52:13Z	423.00000	1555.49007	1538.36001	1525.24293
2025-08-19T10:52:13Z	423.00000	1555.49247	1538.36007	1525.24456
2025-08-19T10:52:14Z	423.00000	1555.49453	1538.36083	1525.24541
2025-08-19T10:52:14Z	423.00000	1555.49108	1538.36011	1525.24211
2025-08-19T10:52:14Z	423.00000	1555.49250	1538.35960	1525.24383
2025-08-19T10:52:14Z	424.00000	1555.49595	1538.36026	1525.24537
2025-08-19T10:52:14Z	424.00000	1555.49802	1538.36151	1525.24727
2025-08-19T10:52:14Z	424.00000	1555.49474	1538.35938	1525.24404
2025-08-19T10:52:14Z	424.00000	1555.49722	1538.36149	1525.24748
2025-08-19T10:52:14Z	424.00000	1555.49059	1538.35878	1525.24077
2025-08-19T10:52:14Z	424.00000	1555.49448	1538.36071	1525.24437
2025-08-19T10:52:14Z	424.00000	1555.49439	1538.36060	1525.24673
2025-08-19T10:52:15Z	424.00000	1555.49365	1538.35994	1525.24377
2025-08-19T10:52:15Z	424.00000	1555.49491	1538.36064	1525.24604
2025-08-19T10:52:15Z	424.00000	1555.49357	1538.36022	1525.24486
2025-08-19T10:52:15Z	425.00000	1555.49516	1538.36119	1525.24631
2025-08-19T10:52:15Z	425.00000	1555.48979	1538.35821	1525.24185
2025-08-19T10:52:15Z	425.00000	1555.49360	1538.35935	1525.24547
2025-08-19T10:52:15Z	425.00000	1555.49455	1538.36044	1525.24728
2025-08-19T10:52:15Z	425.00000	1555.49568	1538.36138	1525.24704
2025-08-19T10:52:15Z	425.00000	1555.49194	1538.35992	1525.24342
2025-08-19T10:52:15Z	425.00000	1555.49001	1538.35920	1525.24071
2025-08-19T10:52:16Z	425.00000	1555.49972	1538.36906	1525.25434
2025-08-19T10:52:16Z	425.00000	1555.50548	1538.37229	1525.25766
2025-08-19T10:52:16Z	425.00000	1555.50580	1538.37265	1525.25837
2025-08-19T10:52:16Z	426.00000	1555.50696	1538.37338	1525.25852
2025-08-19T10:52:16Z	426.00000	1555.50270	1538.37092	1525.25667
2025-08-19T10:52:16Z	426.00000	1555.49967	1538.36894	1525.25468
2025-08-19T10:52:16Z	426.00000	1555.49972	1538.36394	1525.25282
2025-08-19T10:52:16Z	426.00000	1555.49899	1538.36327	1525.24903
2025-08-19T10:52:16Z	426.00000	1555.49765	1538.36220	1525.24826
2025-08-19T10:52:16Z	426.00000	1555.49935	1538.36332	1525.25286
2025-08-19T10:52:17Z	426.00000	1555.49989	1538.36706	1525.25396
2025-08-19T10:52:17Z	426.00000	1555.49801	1538.36309	1525.24914
2025-08-19T10:52:17Z	426.00000	1555.49672	1538.36186	1525.24930
2025-08-19T10:52:17Z	427.00000	1555.49984	1538.36406	1525.25214
2025-08-19T10:52:17Z	427.00000	1555.49947	1538.36386	1525.25291
2025-08-19T10:52:17Z	427.00000	1555.49763	1538.36189	1525.25075
2025-08-19T10:52:17Z	427.00000	1555.49904	1538.36334	1525.25282
2025-08-19T10:52:17Z	427.00000	1555.49825	1538.36196	1525.25039
2025-08-19T10:52:17Z	427.00000	1555.49941	1538.36376	1525.25409
2025-08-19T10:52:17Z	427.00000	1555.49793	1538.36229	1525.24960
2025-08-19T10:52:18Z	427.00000	1555.49944	1538.36370	1525.25289
2025-08-19T10:52:18Z	427.00000	1555.49956	1538.36322	1525.25240
2025-08-19T10:52:18Z	427.00000	1555.49996	1538.36499	1525.25400
2025-08-19T10:52:18Z	428.00000	1555.49683	1538.36213	1525.24990
2025-08-19T10:52:18Z	428.00000	1555.49828	1538.36353	1525.25175
2025-08-19T10:52:18Z	428.00000	1555.49629	1538.36307	1525.25053
2025-08-19T10:52:18Z	428.00000	1555.49638	1538.36416	1525.25194
2025-08-19T10:52:18Z	428.00000	1555.49368	1538.36258	1525.24870
2025-08-19T10:52:18Z	428.00000	1555.49187	1538.36067	1525.24600
2025-08-19T10:52:18Z	428.00000	1555.49460	1538.36307	1525.25008
2025-08-19T10:52:19Z	428.00000	1555.49523	1538.36596	1525.25397
2025-08-19T10:52:19Z	428.00000	1555.49382	1538.36672	1525.24919
2025-08-19T10:52:19Z	428.00000	1555.49545	1538.36911	1525.25216
2025-08-19T10:52:19Z	429.00000	1555.49331	1538.36891	1525.24767
2025-08-19T10:52:19Z	429.00000	1555.49496	1538.36919	1525.24608
2025-08-19T10:52:19Z	429.00000	1555.49593	1538.36871	1525.24708
2025-08-19T10:52:19Z	429.00000	1555.49408	1538.36270	1525.24667
2025-08-19T10:52:19Z	429.00000	1555.49907	1538.36687	1525.25417
2025-08-19T10:52:19Z	429.00000	1555.49900	1538.36337	1525.25289
2025-08-19T10:52:19Z	429.00000	1555.49950	1538.36645	1525.25491
2025-08-19T10:52:20Z	429.00000	1555.49853	1538.36394	1525.25287
2025-08-19T10:52:20Z	429.00000	1555.49979	1538.36504	1525.25365
2025-08-19T10:52:20Z	429.00000	1555.49992	1538.36266	1525.24982
2025-08-19T10:52:20Z	430.00000	1555.49893	1538.36126	1525.25253
2025-08-19T10:52:20Z	430.00000	1555.49542	1538.36125	1525.25039
2025-08-19T10:52:20Z	430.00000	1555.50056	1538.36805	1525.25459
2025-08-19T10:52:20Z	430.00000	1555.50255	1538.37379	1525.25923
2025-08-19T10:52:20Z	430.00000	1555.49989	1538.37129	1525.25784
2025-08-19T10:52:20Z	430.00000	1555.49560	1538.36769	1525.25364
2025-08-19T10:52:20Z	430.00000	1555.49364	1538.36352	1525.24610
2025-08-19T10:52:21Z	430.00000	1555.49270	1538.36196	1525.24427
2025-08-19T10:52:21Z	430.00000	1555.49293	1538.36128	1525.24263
2025-08-19T10:52:21Z	430.00000	1555.49040	1538.36010	1525.23925
2025-08-19T10:52:21Z	431.00000	1555.49254	1538.36026	1525.24062
2025-08-19T10:52:21Z	431.00000	1555.49169	1538.36041	1525.24189
2025-08-19T10:52:21Z	431.00000	1555.49055	1538.35939	1525.24193
2025-08-19T10:52:21Z	431.00000	1555.49000	1538.35873	1525.23975
2025-08-19T10:52:21Z	431.00000	1555.48902	1538.35578	1525.23898
2025-08-19T10:52:21Z	431.00000	1555.48967	1538.35841	1525.24008
2025-08-19T10:52:21Z	431.00000	1555.48972	1538.35833	1525.24024
2025-08-19T10:52:22Z	431.00000	1555.49150	1538.35970	1525.24128
2025-08-19T10:52:22Z	431.00000	1555.49133	1538.35974	1525.24160
2025-08-19T10:52:22Z	431.00000	1555.49090	1538.35952	1525.24204
2025-08-19T10:52:22Z	432.00000	1555.49056	1538.36057	1525.24152
2025-08-19T10:52:22Z	432.00000	1555.48960	1538.35775	1525.24103
2025-08-19T10:52:22Z	432.00000	1555.49199	1538.35981	1525.24278
2025-08-19T10:52:22Z	432.00000	1555.49221	1538.35985	1525.24454
2025-08-19T10:52:22Z	432.00000	1555.48931	1538.35688	1525.24030
2025-08-19T10:52:22Z	432.00000	1555.49028	1538.35921	1525.24308
2025-08-19T10:52:22Z	432.00000	1555.48978	1538.35640	1525.24178
2025-08-19T10:52:23Z	432.00000	1555.49080	1538.35743	1525.24242
2025-08-19T10:52:23Z	432.00000	1555.48935	1538.35421	1525.23982
2025-08-19T10:52:23Z	432.00000	1555.48880	1538.35377	1525.23953
2025-08-19T10:52:23Z	433.00000	1555.48998	1538.35764	1525.24202
2025-08-19T10:52:23Z	433.00000	1555.49014	1538.35780	1525.24202
2025-08-19T10:52:23Z	433.00000	1555.49043	1538.35889	1525.24211
2025-08-19T10:52:23Z	433.00000	1555.48866	1538.35696	1525.24047
2025-08-19T10:52:23Z	433.00000	1555.49007	1538.36000	1525.24277
2025-08-19T10:52:23Z	433.00000	1555.48993	1538.35987	1525.24262
2025-08-19T10:52:23Z	433.00000	1555.48999	1538.35866	1525.24261
2025-08-19T10:52:24Z	433.00000	1555.48980	1538.35819	1525.24263
2025-08-19T10:52:24Z	433.00000	1555.48987	1538.35829	1525.24318
2025-08-19T10:52:24Z	433.00000	1555.48992	1538.35809	1525.24029
2025-08-19T10:52:24Z	434.00000	1555.48955	1538.35757	1525.24213
2025-08-19T10:52:24Z	434.00000	1555.48994	1538.35831	1525.24125
2025-08-19T10:52:24Z	434.00000	1555.48966	1538.35802	1525.24137
2025-08-19T10:52:24Z	434.00000	1555.48896	1538.35519	1525.23854
2025-08-19T10:52:24Z	434.00000	1555.49918	1538.36358	1525.25432
2025-08-19T10:52:24Z	434.00000	1555.49875	1538.36396	1525.25402
2025-08-19T10:52:24Z	434.00000	1555.49999	1538.36693	1525.25511
2025-08-19T10:52:25Z	434.00000	1555.49959	1538.36942	1525.25533
2025-08-19T10:52:25Z	434.00000	1555.50052	1538.37046	1525.25669
2025-08-19T10:52:25Z	434.00000	1555.49973	1538.37154	1525.25753
2025-08-19T10:52:25Z	435.00000	1555.50029	1538.37168	1525.25701
2025-08-19T10:52:25Z	435.00000	1555.50017	1538.37151	1525.25699
2025-08-19T10:52:25Z	435.00000	1555.50025	1538.37160	1525.25697
2025-08-19T10:52:25Z	435.00000	1555.50062	1538.37144	1525.25738
2025-08-19T10:52:25Z	435.00000	1555.50083	1538.37143	1525.25766
2025-08-19T10:52:25Z	435.00000	1555.50000	1538.37061	1525.25727
2025-08-19T10:52:25Z	435.00000	1555.50017	1538.37070	1525.25704
2025-08-19T10:52:26Z	435.00000	1555.49958	1538.37007	1525.25749
2025-08-19T10:52:26Z	435.00000	1555.50120	1538.37218	1525.25801
2025-08-19T10:52:26Z	435.00000	1555.50327	1538.37346	1525.25820
2025-08-19T10:52:26Z	436.00000	1555.50815	1538.37286	1525.25828
2025-08-19T10:52:26Z	436.00000	1555.51070	1538.37240	1525.25678
2025-08-19T10:52:26Z	436.00000	1555.50984	1538.37170	1525.25652
2025-08-19T10:52:26Z	436.00000	1555.50977	1538.37270	1525.25744
2025-08-19T10:52:26Z	436.00000	1555.51145	1538.37617	1525.25880
2025-08-19T10:52:26Z	436.00000	1555.51397	1538.37928	1525.26273
2025-08-19T10:52:26Z	436.00000	1555.52250	1538.38619	1525.27183
2025-08-19T10:52:27Z	436.00000	1555.52912	1538.39146	1525.27957
2025-08-19T10:52:27Z	436.00000	1555.54448	1538.40762	1525.29306
2025-08-19T10:52:27Z	436.00000	1555.58487	1538.44705	1525.33190
2025-08-19T10:52:27Z	437.00000	1555.58024	1538.44032	1525.32702
2025-08-19T10:52:27Z	437.00000	1555.60613	1538.46615	1525.35196
2025-08-19T10:52:27Z	437.00000	1555.60677	1538.46621	1525.35285
2025-08-19T10:52:27Z	437.00000	1555.59834	1538.45906	1525.34574
2025-08-19T10:52:27Z	437.00000	1555.59731	1538.46044	1525.34639
2025-08-19T10:52:27Z	437.00000	1555.61436	1538.47879	1525.35993
2025-08-19T10:52:27Z	437.00000	1555.62930	1538.49207	1525.37725
2025-08-19T10:52:28Z	437.00000	1555.62668	1538.48979	1525.37682
2025-08-19T10:52:28Z	437.00000	1555.62640	1538.49213	1525.37653
2025-08-19T10:52:28Z	437.00000	1555.64178	1538.51201	1525.38905
2025-08-19T10:52:28Z	438.00000	1555.62677	1538.50012	1525.37818
2025-08-19T10:52:28Z	438.00000	1555.62869	1538.50283	1525.37749
2025-08-19T10:52:28Z	438.00000	1555.62454	1538.49154	1525.37309
2025-08-19T10:52:28Z	438.00000	1555.60449	1538.47367	1525.35191
2025-08-19T10:52:28Z	438.00000	1555.59146	1538.46180	1525.33935
2025-08-19T10:52:28Z	438.00000	1555.59745	1538.46602	1525.34783
2025-08-19T10:52:28Z	438.00000	1555.59410	1538.46383	1525.34546
2025-08-19T10:52:29Z	438.00000	1555.60386	1538.46923	1525.35270
2025-08-19T10:52:29Z	438.00000	1555.61538	1538.48284	1525.36788
2025-08-19T10:52:29Z	438.00000	1555.60862	1538.47392	1525.35589
2025-08-19T10:52:29Z	439.00000	1555.61211	1538.48019	1525.36028
2025-08-19T10:52:29Z	439.00000	1555.62483	1538.48946	1525.37615
2025-08-19T10:52:29Z	439.00000	1555.62480	1538.48934	1525.37476
2025-08-19T10:52:29Z	439.00000	1555.62000	1538.48304	1525.37169
2025-08-19T10:52:29Z	439.00000	1555.62055	1538.48332	1525.37213
2025-08-19T10:52:29Z	439.00000	1555.61597	1538.48170	1525.36858
2025-08-19T10:52:29Z	439.00000	1555.62927	1538.49436	1525.37771
2025-08-19T10:52:30Z	439.00000	1555.62665	1538.48995	1525.37567
2025-08-19T10:52:30Z	439.00000	1555.64542	1538.50992	1525.39375
2025-08-19T10:52:30Z	439.00000	1555.62973	1538.49685	1525.37689
2025-08-19T10:52:30Z	440.00000	1555.63088	1538.49764	1525.37682
2025-08-19T10:52:30Z	440.00000	1555.63273	1538.49892	1525.37966
2025-08-19T10:52:30Z	440.00000	1555.64445	1538.50891	1525.39319
2025-08-19T10:52:30Z	440.00000	1555.65441	1538.51660	1525.39803
2025-08-19T10:52:30Z	440.00000	1555.65616	1538.51804	1525.39981
2025-08-19T10:52:30Z	440.00000	1555.64911	1538.51125	1525.39553
2025-08-19T10:52:30Z	440.00000	1555.64260	1538.50334	1525.38460
2025-08-19T10:52:31Z	440.00000	1555.63988	1538.50273	1525.37956
2025-08-19T10:52:31Z	440.00000	1555.63859	1538.50215	1525.37891
2025-08-19T10:52:31Z	440.00000	1555.63885	1538.50338	1525.38010
2025-08-19T10:52:31Z	441.00000	1555.62661	1538.48942	1525.37480
2025-08-19T10:52:31Z	441.00000	1555.63166	1538.49724	1525.37749
2025-08-19T10:52:31Z	441.00000	1555.62591	1538.49144	1525.37686
2025-08-19T10:52:31Z	441.00000	1555.62616	1538.49040	1525.37488
2025-08-19T10:52:31Z	441.00000	1555.63505	1538.49905	1525.37864
2025-08-19T10:52:31Z	441.00000	1555.63692	1538.50117	1525.37984
2025-08-19T10:52:31Z	441.00000	1555.62555	1538.49044	1525.37586
2025-08-19T10:52:32Z	441.00000	1555.64242	1538.50366	1525.39012
2025-08-19T10:52:32Z	441.00000	1555.65484	1538.51729	1525.39882
2025-08-19T10:52:32Z	441.00000	1555.64925	1538.51420	1525.39799
2025-08-19T10:52:32Z	442.00000	1555.64905	1538.51333	1525.39735
2025-08-19T10:52:32Z	442.00000	1555.65299	1538.51618	1525.39968
2025-08-19T10:52:32Z	442.00000	1555.65690	1538.51975	1525.40271
2025-08-19T10:52:32Z	442.00000	1555.65489	1538.51736	1525.39973
2025-08-19T10:52:32Z	442.00000	1555.65468	1538.51661	1525.40000
2025-08-19T10:52:32Z	442.00000	1555.65536	1538.51821	1525.40092
2025-08-19T10:52:32Z	442.00000	1555.65420	1538.51687	1525.40038
2025-08-19T10:52:33Z	442.00000	1555.65479	1538.51835	1525.40188
2025-08-19T10:52:33Z	442.00000	1555.65386	1538.51702	1525.40055
2025-08-19T10:52:33Z	442.00000	1555.65594	1538.52074	1525.40262
2025-08-19T10:52:33Z	443.00000	1555.65464	1538.51925	1525.40168
2025-08-19T10:52:33Z	443.00000	1555.65342	1538.51759	1525.40017
2025-08-19T10:52:33Z	443.00000	1555.65491	1538.51774	1525.40048
2025-08-19T10:52:33Z	443.00000	1555.65444	1538.51799	1525.39970
2025-08-19T10:52:33Z	443.00000	1555.65510	1538.52115	1525.40215
2025-08-19T10:52:33Z	443.00000	1555.65279	1538.51713	1525.39833
2025-08-19T10:52:33Z	443.00000	1555.65167	1538.51625	1525.39788
2025-08-19T10:52:34Z	443.00000	1555.65149	1538.51563	1525.39792
2025-08-19T10:52:34Z	443.00000	1555.64782	1538.51377	1525.39593
2025-08-19T10:52:34Z	443.00000	1555.64830	1538.51440	1525.39667
2025-08-19T10:52:34Z	444.00000	1555.64888	1538.51391	1525.39564
2025-08-19T10:52:34Z	444.00000	1555.64937	1538.51464	1525.39757
2025-08-19T10:52:34Z	444.00000	1555.64916	1538.51456	1525.39533
2025-08-19T10:52:34Z	444.00000	1555.64639	1538.51215	1525.39090
2025-08-19T10:52:34Z	444.00000	1555.64604	1538.50818	1525.38862
2025-08-19T10:52:34Z	444.00000	1555.64954	1538.51236	1525.39047
2025-08-19T10:52:34Z	444.00000	1555.65096	1538.50937	1525.39054
2025-08-19T10:52:35Z	444.00000	1555.65189	1538.51188	1525.39298
2025-08-19T10:52:35Z	444.00000	1555.64996	1538.50944	1525.39330
2025-08-19T10:52:35Z	444.00000	1555.65093	1538.51098	1525.39166
2025-08-19T10:52:35Z	445.00000	1555.64737	1538.50439	1525.39127
2025-08-19T10:52:35Z	445.00000	1555.64841	1538.50877	1525.39303
2025-08-19T10:52:35Z	445.00000	1555.64795	1538.50939	1525.39245
2025-08-19T10:52:35Z	445.00000	1555.64611	1538.50626	1525.39360
2025-08-19T10:52:35Z	445.00000	1555.64436	1538.50365	1525.38994
2025-08-19T10:52:35Z	445.00000	1555.64302	1538.50423	1525.39029
2025-08-19T10:52:35Z	445.00000	1555.64248	1538.50384	1525.38662
2025-08-19T10:52:36Z	445.00000	1555.64030	1538.50246	1525.37961
2025-08-19T10:52:36Z	445.00000	1555.64181	1538.50317	1525.38373
2025-08-19T10:52:36Z	445.00000	1555.64358	1538.50453	1525.38997
2025-08-19T10:52:36Z	446.00000	1555.65089	1538.51340	1525.39678
2025-08-19T10:52:36Z	446.00000	1555.64970	1538.51311	1525.39796
2025-08-19T10:52:36Z	446.00000	1555.64966	1538.51321	1525.39864
2025-08-19T10:52:36Z	446.00000	1555.64909	1538.51292	1525.39756
2025-08-19T10:52:36Z	446.00000	1555.64978	1538.51366	1525.39894
2025-08-19T10:52:36Z	446.00000	1555.64771	1538.51290	1525.39765
2025-08-19T10:52:36Z	446.00000	1555.64875	1538.51453	1525.39855
2025-08-19T10:52:37Z	446.00000	1555.64870	1538.51527	1525.39842
2025-08-19T10:52:37Z	446.00000	1555.64703	1538.51390	1525.39862
2025-08-19T10:52:37Z	446.00000	1555.65182	1538.51434	1525.40108
2025-08-19T10:52:37Z	447.00000	1555.65604	1538.51435	1525.40461
2025-08-19T10:52:37Z	447.00000	1555.65928	1538.51397	1525.40826
2025-08-19T10:52:37Z	447.00000	1555.65910	1538.51458	1525.41114
2025-08-19T10:52:37Z	447.00000	1555.65600	1538.51412	1525.40431
2025-08-19T10:52:37Z	447.00000	1555.65598	1538.51658	1525.40246
2025-08-19T10:52:37Z	447.00000	1555.65481	1538.51721	1525.40060
2025-08-19T10:52:37Z	447.00000	1555.65606	1538.51978	1525.40089
2025-08-19T10:52:38Z	447.00000	1555.65367	1538.51632	1525.40020
2025-08-19T10:52:38Z	447.00000	1555.65362	1538.51526	1525.39836
2025-08-19T10:52:38Z	447.00000	1555.65447	1538.51386	1525.39718
2025-08-19T10:52:38Z	448.00000	1555.65499	1538.51321	1525.39703
2025-08-19T10:52:38Z	448.00000	1555.65322	1538.51353	1525.39481
2025-08-19T10:52:38Z	448.00000	1555.65230	1538.51578	1525.39484
2025-08-19T10:52:38Z	448.00000	1555.65314	1538.51919	1525.39508
2025-08-19T10:52:38Z	448.00000	1555.65413	1538.52341	1525.39770
2025-08-19T10:52:38Z	448.00000	1555.64980	1538.52108	1525.39422
2025-08-19T10:52:38Z	448.00000	1555.65239	1538.52147	1525.39631
2025-08-19T10:52:39Z	448.00000	1555.65105	1538.51711	1525.39419
2025-08-19T10:52:39Z	448.00000	1555.65311	1538.51731	1525.39541
2025-08-19T10:52:39Z	448.00000	1555.65336	1538.51759	1525.39469
2025-08-19T10:52:39Z	449.00000	1555.65427	1538.51752	1525.39619
2025-08-19T10:52:39Z	449.00000	1555.65158	1538.51586	1525.39538
2025-08-19T10:52:39Z	449.00000	1555.65511	1538.51751	1525.39658
2025-08-19T10:52:39Z	449.00000	1555.65411	1538.52106	1525.39658
2025-08-19T10:52:39Z	449.00000	1555.65542	1538.51964	1525.39648
2025-08-19T10:52:39Z	449.00000	1555.65989	1538.51788	1525.39878
2025-08-19T10:52:39Z	449.00000	1555.66129	1538.51631	1525.39822
2025-08-19T10:52:40Z	449.00000	1555.66089	1538.51584	1525.39766
2025-08-19T10:52:40Z	449.00000	1555.66062	1538.51537	1525.39898
2025-08-19T10:52:40Z	449.00000	1555.65714	1538.51315	1525.39598
2025-08-19T10:52:40Z	450.00000	1555.65379	1538.51294	1525.39545
2025-08-19T10:52:40Z	450.00000	1555.65287	1538.51218	1525.39489
2025-08-19T10:52:40Z	450.00000	1555.65325	1538.51225	1525.39484
2025-08-19T10:52:40Z	450.00000	1555.65111	1538.50753	1525.39510
2025-08-19T10:52:40Z	450.00000	1555.64937	1538.51091	1525.39691
2025-08-19T10:52:40Z	450.00000	1555.64460	1538.50522	1525.39531
2025-08-19T10:52:40Z	450.00000	1555.64486	1538.50585	1525.39632
2025-08-19T10:52:41Z	450.00000	1555.64652	1538.50767	1525.39494
2025-08-19T10:52:41Z	450.00000	1555.64399	1538.50457	1525.39416
2025-08-19T10:52:41Z	450.00000	1555.64514	1538.50670	1525.39393
2025-08-19T10:52:41Z	451.00000	1555.64243	1538.50457	1525.39441
2025-08-19T10:52:41Z	451.00000	1555.64343	1538.50474	1525.39530
2025-08-19T10:52:41Z	451.00000	1555.64245	1538.50431	1525.39491
2025-08-19T10:52:41Z	451.00000	1555.64206	1538.50396	1525.39401
2025-08-19T10:52:41Z	451.00000	1555.64198	1538.50424	1525.39385
2025-08-19T10:52:41Z	451.00000	1555.64213	1538.50629	1525.39464
2025-08-19T10:52:41Z	451.00000	1555.64233	1538.50589	1525.39436
2025-08-19T10:52:42Z	451.00000	1555.64126	1538.50450	1525.39370
2025-08-19T10:52:42Z	451.00000	1555.64252	1538.50870	1525.39314
2025-08-19T10:52:42Z	451.00000	1555.64306	1538.50703	1525.39289
2025-08-19T10:52:42Z	452.00000	1555.64239	1538.50326	1525.38900
2025-08-19T10:52:42Z	452.00000	1555.64421	1538.50499	1525.39133
2025-08-19T10:52:42Z	452.00000	1555.64960	1538.51357	1525.39639
2025-08-19T10:52:42Z	452.00000	1555.64904	1538.51351	1525.39498
2025-08-19T10:52:42Z	452.00000	1555.65007	1538.51336	1525.39669
2025-08-19T10:52:42Z	452.00000	1555.65170	1538.51443	1525.39852
2025-08-19T10:52:42Z	452.00000	1555.65001	1538.51357	1525.39701
2025-08-19T10:52:43Z	452.00000	1555.65091	1538.51340	1525.39822
2025-08-19T10:52:43Z	452.00000	1555.64843	1538.51300	1525.39737
2025-08-19T10:52:43Z	452.00000	1555.64919	1538.51356	1525.39730
2025-08-19T10:52:43Z	453.00000	1555.64962	1538.51473	1525.39726
2025-08-19T10:52:43Z	453.00000	1555.64996	1538.51383	1525.39698
2025-08-19T10:52:43Z	453.00000	1555.65097	1538.51441	1525.39823
2025-08-19T10:52:43Z	453.00000	1555.65074	1538.51336	1525.39759
2025-08-19T10:52:43Z	453.00000	1555.65105	1538.51381	1525.39767
2025-08-19T10:52:43Z	453.00000	1555.65093	1538.51322	1525.39618
2025-08-19T10:52:43Z	453.00000	1555.64985	1538.51305	1525.39503
2025-08-19T10:52:44Z	453.00000	1555.64804	1538.51236	1525.39207
2025-08-19T10:52:44Z	453.00000	1555.64922	1538.51292	1525.39202
2025-08-19T10:52:44Z	453.00000	1555.65051	1538.51315	1525.39369
2025-08-19T10:52:44Z	454.00000	1555.64978	1538.51075	1525.39352
2025-08-19T10:52:44Z	454.00000	1555.64990	1538.51232	1525.39311
2025-08-19T10:52:44Z	454.00000	1555.64776	1538.50873	1525.39351
2025-08-19T10:52:44Z	454.00000	1555.64825	1538.51099	1525.39352
2025-08-19T10:52:44Z	454.00000	1555.64760	1538.51026	1525.39283
2025-08-19T10:52:44Z	454.00000	1555.64690	1538.50850	1525.39261
2025-08-19T10:52:44Z	454.00000	1555.64708	1538.51019	1525.39118
2025-08-19T10:52:45Z	454.00000	1555.64385	1538.50705	1525.39102
2025-08-19T10:52:45Z	454.00000	1555.64677	1538.51121	1525.39113
2025-08-19T10:52:45Z	454.00000	1555.64730	1538.51175	1525.39245
2025-08-19T10:52:45Z	455.00000	1555.64501	1538.51137	1525.39084
2025-08-19T10:52:45Z	455.00000	1555.64589	1538.51141	1525.39064
2025-08-19T10:52:45Z	455.00000	1555.64657	1538.51094	1525.39230
2025-08-19T10:52:45Z	455.00000	1555.64523	1538.50787	1525.39072
2025-08-19T10:52:45Z	455.00000	1555.64543	1538.50602	1525.38768
2025-08-19T10:52:45Z	455.00000	1555.64841	1538.50863	1525.39122
2025-08-19T10:52:45Z	455.00000	1555.64708	1538.50605	1525.39071
2025-08-19T10:52:46Z	455.00000	1555.65033	1538.51182	1525.39447
2025-08-19T10:52:46Z	455.00000	1555.64768	1538.50632	1525.39273
2025-08-19T10:52:46Z	455.00000	1555.64717	1538.50832	1525.39517
2025-08-19T10:52:46Z	456.00000	1555.64649	1538.50731	1525.39286
2025-08-19T10:52:46Z	456.00000	1555.64591	1538.50938	1525.39286
2025-08-19T10:52:46Z	456.00000	1555.64424	1538.50620	1525.39244
2025-08-19T10:52:46Z	456.00000	1555.64471	1538.50683	1525.39313
2025-08-19T10:52:46Z	456.00000	1555.64420	1538.50706	1525.39221
2025-08-19T10:52:46Z	456.00000	1555.64473	1538.50651	1525.39238
2025-08-19T10:52:46Z	456.00000	1555.64419	1538.50753	1525.39329
2025-08-19T10:52:47Z	456.00000	1555.64389	1538.50565	1525.39172
2025-08-19T10:52:47Z	456.00000	1555.64350	1538.50502	1525.39450
2025-08-19T10:52:47Z	456.00000	1555.64320	1538.50523	1525.39565
2025-08-19T10:52:47Z	457.00000	1555.64309	1538.50618	1525.39567
2025-08-19T10:52:47Z	457.00000	1555.64299	1538.50621	1525.39594
2025-08-19T10:52:47Z	457.00000	1555.64289	1538.50594	1525.39610
2025-08-19T10:52:47Z	457.00000	1555.64393	1538.50836	1525.39623
2025-08-19T10:52:47Z	457.00000	1555.64362	1538.50920	1525.39568
2025-08-19T10:52:47Z	457.00000	1555.64417	1538.51144	1525.39664
2025-08-19T10:52:47Z	457.00000	1555.64391	1538.50917	1525.39534
2025-08-19T10:52:48Z	457.00000	1555.64615	1538.51276	1525.39240
2025-08-19T10:52:48Z	457.00000	1555.64683	1538.51261	1525.39294
2025-08-19T10:52:48Z	457.00000	1555.64642	1538.51118	1525.39263
2025-08-19T10:52:48Z	458.00000	1555.64609	1538.50951	1525.39135
2025-08-19T10:52:48Z	458.00000	1555.64797	1538.50636	1525.39367
2025-08-19T10:52:48Z	458.00000	1555.64843	1538.50548	1525.39567
2025-08-19T10:52:48Z	458.00000	1555.64817	1538.50577	1525.39645
2025-08-19T10:52:48Z	458.00000	1555.64648	1538.50628	1525.39832
2025-08-19T10:52:48Z	458.00000	1555.64545	1538.51156	1525.39830
2025-08-19T10:52:48Z	458.00000	1555.64418	1538.51264	1525.39791
2025-08-19T10:52:49Z	458.00000	1555.64442	1538.51201	1525.39767
2025-08-19T10:52:49Z	458.00000	1555.64527	1538.51163	1525.39708
2025-08-19T10:52:49Z	458.00000	1555.64674	1538.51212	1525.39804
2025-08-19T10:52:49Z	459.00000	1555.64649	1538.51328	1525.39858
2025-08-19T10:52:49Z	459.00000	1555.64635	1538.51310	1525.39847
2025-08-19T10:52:49Z	459.00000	1555.64618	1538.51341	1525.39779
2025-08-19T10:52:49Z	459.00000	1555.64601	1538.51438	1525.39860
2025-08-19T10:52:49Z	459.00000	1555.64637	1538.51416	1525.39914
2025-08-19T10:52:49Z	459.00000	1555.64762	1538.51354	1525.39637
2025-08-19T10:52:49Z	459.00000	1555.64611	1538.51377	1525.39814
2025-08-19T10:52:50Z	459.00000	1555.64690	1538.51392	1525.39823
2025-08-19T10:52:50Z	459.00000	1555.64697	1538.51391	1525.39860
2025-08-19T10:52:50Z	459.00000	1555.64883	1538.51374	1525.39866
2025-08-19T10:52:50Z	460.00000	1555.64931	1538.51419	1525.39996
2025-08-19T10:52:50Z	460.00000	1555.64803	1538.51361	1525.39713
2025-08-19T10:52:50Z	460.00000	1555.64904	1538.51355	1525.39765
2025-08-19T10:52:50Z	460.00000	1555.64931	1538.51371	1525.39928
2025-08-19T10:52:50Z	460.00000	1555.64955	1538.51399	1525.39803
2025-08-19T10:52:50Z	460.00000	1555.64826	1538.51348	1525.39796
2025-08-19T10:52:50Z	460.00000	1555.64857	1538.51350	1525.39883
2025-08-19T10:52:51Z	460.00000	1555.64901	1538.51341	1525.39864
2025-08-19T10:52:51Z	460.00000	1555.64932	1538.51422	1525.39929
2025-08-19T10:52:51Z	460.00000	1555.64833	1538.51460	1525.39706
2025-08-19T10:52:51Z	461.00000	1555.64856	1538.51359	1525.39732
2025-08-19T10:52:51Z	461.00000	1555.64793	1538.51327	1525.39737
2025-08-19T10:52:51Z	461.00000	1555.64837	1538.51337	1525.39747
2025-08-19T10:52:51Z	461.00000	1555.64941	1538.51316	1525.39687
2025-08-19T10:52:51Z	461.00000	1555.64965	1538.51341	1525.39663
2025-08-19T10:52:51Z	461.00000	1555.64950	1538.51349	1525.39801
2025-08-19T10:52:51Z	461.00000	1555.64913	1538.51333	1525.39860
2025-08-19T10:52:52Z	461.00000	1555.64882	1538.51296	1525.39870
2025-08-19T10:52:52Z	461.00000	1555.64842	1538.51267	1525.39802
2025-08-19T10:52:52Z	461.00000	1555.64724	1538.51278	1525.39818
2025-08-19T10:52:52Z	462.00000	1555.64803	1538.51251	1525.39865
2025-08-19T10:52:52Z	462.00000	1555.64842	1538.51267	1525.39795
2025-08-19T10:52:52Z	462.00000	1555.64731	1538.51279	1525.39857
2025-08-19T10:52:52Z	462.00000	1555.64728	1538.51172	1525.39896
2025-08-19T10:52:52Z	462.00000	1555.64756	1538.51108	1525.39721
2025-08-19T10:52:53Z	462.00000	1555.64791	1538.51094	1525.39702
2025-08-19T10:52:53Z	462.00000	1555.64856	1538.51137	1525.39677
2025-08-19T10:52:53Z	462.00000	1555.64847	1538.51137	1525.39578
2025-08-19T10:52:53Z	463.00000	1555.64888	1538.51179	1525.39579
2025-08-19T10:52:53Z	463.00000	1555.64926	1538.51210	1525.39757
2025-08-19T10:52:53Z	463.00000	1555.64889	1538.51270	1525.39886
2025-08-19T10:52:53Z	463.00000	1555.64896	1538.51264	1525.40040
2025-08-19T10:52:53Z	463.00000	1555.64894	1538.51333	1525.39863
2025-08-19T10:52:54Z	463.00000	1555.64831	1538.51408	1525.39678
2025-08-19T10:52:54Z	463.00000	1555.64758	1538.51432	1525.39885
2025-08-19T10:52:54Z	464.00000	1555.64840	1538.51417	1525.39850
2025-08-19T10:52:54Z	464.00000	1555.64880	1538.51458	1525.39861
2025-08-19T10:52:54Z	464.00000	1555.64995	1538.51445	1525.39910
2025-08-19T10:52:54Z	464.00000	1555.64934	1538.51450	1525.39832
2025-08-19T10:52:55Z	464.00000	1555.64917	1538.51457	1525.39810
2025-08-19T10:52:55Z	464.00000	1555.64948	1538.51407	1525.39909
2025-08-19T10:52:55Z	465.00000	1555.65056	1538.51461	1525.39874
2025-08-19T10:52:55Z	465.00000	1555.65047	1538.51392	1525.39744
2025-08-19T10:52:55Z	465.00000	1555.65013	1538.51448	1525.39841
2025-08-19T10:52:55Z	465.00000	1555.65021	1538.51457	1525.39836
2025-08-19T10:52:55Z	465.00000	1555.65081	1538.51431	1525.39836
2025-08-19T10:52:56Z	465.00000	1555.65092	1538.51428	1525.39852
2025-08-19T10:52:56Z	465.00000	1555.65133	1538.51423	1525.39849
2025-08-19T10:52:56Z	465.00000	1555.65107	1538.51444	1525.39734
2025-08-19T10:52:56Z	466.00000	1555.65108	1538.51456	1525.39763
2025-08-19T10:52:56Z	466.00000	1555.65074	1538.51444	1525.39785
2025-08-19T10:52:56Z	466.00000	1555.65069	1538.51457	1525.39747
2025-08-19T10:52:56Z	466.00000	1555.65064	1538.51427	1525.39838
2025-08-19T10:52:56Z	466.00000	1555.64998	1538.51356	1525.39877
2025-08-19T10:52:56Z	466.00000	1555.64923	1538.51319	1525.39706
2025-08-19T10:52:57Z	466.00000	1555.64768	1538.51259	1525.39491
2025-08-19T10:52:57Z	466.00000	1555.64755	1538.51311	1525.39544
2025-08-19T10:52:57Z	467.00000	1555.64701	1538.51316	1525.39557
2025-08-19T10:52:57Z	467.00000	1555.65156	1538.51448	1525.39726
2025-08-19T10:52:57Z	467.00000	1555.65378	1538.51719	1525.39854
2025-08-19T10:52:57Z	467.00000	1555.65235	1538.51588	1525.39633
2025-08-19T10:52:57Z	467.00000	1555.65075	1538.51621	1525.39497
2025-08-19T10:52:57Z	467.00000	1555.65135	1538.51718	1525.39813
2025-08-19T10:52:57Z	467.00000	1555.65115	1538.51639	1525.39988
2025-08-19T10:52:58Z	467.00000	1555.65089	1538.51663	1525.40163
2025-08-19T10:52:58Z	467.00000	1555.65070	1538.51582	1525.40264
2025-08-19T10:52:58Z	467.00000	1555.65109	1538.51350	1525.40158
2025-08-19T10:52:58Z	468.00000	1555.65122	1538.51262	1525.40201
2025-08-19T10:52:58Z	468.00000	1555.65170	1538.51223	1525.40078
2025-08-19T10:52:58Z	468.00000	1555.65098	1538.51260	1525.39861
2025-08-19T10:52:58Z	468.00000	1555.65126	1538.51472	1525.39796
2025-08-19T10:52:58Z	468.00000	1555.65058	1538.51404	1525.39751
2025-08-19T10:52:58Z	468.00000	1555.65003	1538.51476	1525.39598
2025-08-19T10:52:58Z	468.00000	1555.65334	1538.51477	1525.39582
2025-08-19T10:52:59Z	468.00000	1555.65538	1538.51292	1525.39440
2025-08-19T10:52:59Z	468.00000	1555.65512	1538.51161	1525.39584
2025-08-19T10:52:59Z	468.00000	1555.65462	1538.51567	1525.39372
2025-08-19T10:52:59Z	469.00000	1555.65874	1538.52165	1525.39888
2025-08-19T10:52:59Z	469.00000	1555.65403	1538.51711	1525.39594
2025-08-19T10:52:59Z	469.00000	1555.65173	1538.51722	1525.39612
2025-08-19T10:52:59Z	469.00000	1555.65015	1538.51461	1525.39165
2025-08-19T10:52:59Z	469.00000	1555.64921	1538.51295	1525.39099
2025-08-19T10:52:59Z	469.00000	1555.65376	1538.51158	1525.39003
2025-08-19T10:52:59Z	469.00000	1555.65224	1538.51170	1525.38895
2025-08-19T10:53:00Z	469.00000	1555.65029	1538.50821	1525.39040
2025-08-19T10:53:00Z	469.00000	1555.64837	1538.50883	1525.38758
2025-08-19T10:53:00Z	469.00000	1555.64688	1538.50836	1525.38540
2025-08-19T10:53:00Z	470.00000	1555.64548	1538.51286	1525.38404
2025-08-19T10:53:00Z	470.00000	1555.64608	1538.51383	1525.38565
2025-08-19T10:53:00Z	470.00000	1555.64883	1538.51319	1525.38616
2025-08-19T10:53:00Z	470.00000	1555.64948	1538.50782	1525.38320
2025-08-19T10:53:00Z	470.00000	1555.65100	1538.50493	1525.38464
2025-08-19T10:53:00Z	470.00000	1555.65050	1538.50362	1525.38345
2025-08-19T10:53:00Z	470.00000	1555.64896	1538.50481	1525.38133
2025-08-19T10:53:01Z	470.00000	1555.64758	1538.50296	1525.37895
2025-08-19T10:53:01Z	470.00000	1555.64478	1538.50361	1525.38049
2025-08-19T10:53:01Z	470.00000	1555.64369	1538.50454	1525.38180
2025-08-19T10:53:01Z	471.00000	1555.64147	1538.50394	1525.38090
2025-08-19T10:53:01Z	471.00000	1555.64238	1538.50400	1525.38135
2025-08-19T10:53:01Z	471.00000	1555.64320	1538.50432	1525.38233
2025-08-19T10:53:01Z	471.00000	1555.64171	1538.50317	1525.38108
2025-08-19T10:53:01Z	471.00000	1555.64213	1538.50362	1525.38227
2025-08-19T10:53:01Z	471.00000	1555.64201	1538.50317	1525.38150
2025-08-19T10:53:01Z	471.00000	1555.64335	1538.50303	1525.38776
2025-08-19T10:53:02Z	471.00000	1555.64477	1538.50389	1525.38769
2025-08-19T10:53:02Z	471.00000	1555.64272	1538.50303	1525.38216
2025-08-19T10:53:02Z	471.00000	1555.64168	1538.50335	1525.38883
2025-08-19T10:53:02Z	472.00000	1555.64288	1538.50299	1525.38963
2025-08-19T10:53:02Z	472.00000	1555.64279	1538.50324	1525.38892
2025-08-19T10:53:02Z	472.00000	1555.64479	1538.50394	1525.39266
2025-08-19T10:53:02Z	472.00000	1555.64388	1538.50378	1525.39020
2025-08-19T10:53:02Z	472.00000	1555.64299	1538.50378	1525.39138
2025-08-19T10:53:02Z	472.00000	1555.64214	1538.50463	1525.39100
2025-08-19T10:53:02Z	472.00000	1555.64149	1538.50342	1525.38690
2025-08-19T10:53:03Z	472.00000	1555.64271	1538.50455	1525.39051
2025-08-19T10:53:03Z	472.00000	1555.64231	1538.50385	1525.38952
2025-08-19T10:53:03Z	472.00000	1555.64368	1538.50489	1525.39094
2025-08-19T10:53:03Z	473.00000	1555.64262	1538.50361	1525.38972
2025-08-19T10:53:03Z	473.00000	1555.64276	1538.50510	1525.39164
2025-08-19T10:53:03Z	473.00000	1555.64254	1538.50415	1525.39216
2025-08-19T10:53:03Z	473.00000	1555.64188	1538.50350	1525.39225
2025-08-19T10:53:03Z	473.00000	1555.64282	1538.50412	1525.39407
2025-08-19T10:53:03Z	473.00000	1555.64107	1538.50260	1525.39162
2025-08-19T10:53:03Z	473.00000	1555.64140	1538.50330	1525.39027
2025-08-19T10:53:04Z	473.00000	1555.64211	1538.50368	1525.38999
2025-08-19T10:53:04Z	473.00000	1555.64265	1538.50526	1525.39474
2025-08-19T10:53:04Z	473.00000	1555.64258	1538.50539	1525.39264
2025-08-19T10:53:04Z	474.00000	1555.64204	1538.50527	1525.39245
2025-08-19T10:53:04Z	474.00000	1555.64217	1538.50493	1525.39005
2025-08-19T10:53:04Z	474.00000	1555.64283	1538.50610	1525.39102
2025-08-19T10:53:04Z	474.00000	1555.64425	1538.50998	1525.39334
2025-08-19T10:53:04Z	474.00000	1555.64408	1538.50908	1525.39628
2025-08-19T10:53:04Z	474.00000	1555.64399	1538.50828	1525.39352
2025-08-19T10:53:04Z	474.00000	1555.64488	1538.51053	1525.39580
2025-08-19T10:53:05Z	474.00000	1555.64284	1538.50668	1525.39223
2025-08-19T10:53:05Z	474.00000	1555.64576	1538.51284	1525.39564
2025-08-19T10:53:05Z	474.00000	1555.64255	1538.50610	1525.39221
2025-08-19T10:53:05Z	475.00000	1555.64262	1538.50585	1525.39111
2025-08-19T10:53:05Z	475.00000	1555.64234	1538.50496	1525.39074
2025-08-19T10:53:05Z	475.00000	1555.64239	1538.50549	1525.39046
2025-08-19T10:53:05Z	475.00000	1555.64250	1538.50496	1525.39010
2025-08-19T10:53:05Z	475.00000	1555.64294	1538.50449	1525.38995
2025-08-19T10:53:05Z	475.00000	1555.64243	1538.50461	1525.38908
2025-08-19T10:53:05Z	475.00000	1555.64388	1538.50601	1525.39409
2025-08-19T10:53:06Z	475.00000	1555.64364	1538.50677	1525.39285
2025-08-19T10:53:06Z	475.00000	1555.64258	1538.50530	1525.39109
2025-08-19T10:53:06Z	475.00000	1555.64210	1538.50386	1525.39009
2025-08-19T10:53:06Z	476.00000	1555.64441	1538.50578	1525.39301
2025-08-19T10:53:06Z	476.00000	1555.64297	1538.50443	1525.39155
2025-08-19T10:53:06Z	476.00000	1555.64247	1538.50439	1525.39100
2025-08-19T10:53:06Z	476.00000	1555.64295	1538.50467	1525.39287
2025-08-19T10:53:06Z	476.00000	1555.64660	1538.51110	1525.39633
2025-08-19T10:53:06Z	476.00000	1555.64366	1538.50673	1525.39581
2025-08-19T10:53:06Z	476.00000	1555.64600	1538.51177	1525.39700
2025-08-19T10:53:07Z	476.00000	1555.64257	1538.50631	1525.39526
2025-08-19T10:53:07Z	476.00000	1555.64435	1538.50906	1525.39602
2025-08-19T10:53:07Z	476.00000	1555.64293	1538.50539	1525.39547
2025-08-19T10:53:07Z	477.00000	1555.64294	1538.50393	1525.39387
2025-08-19T10:53:07Z	477.00000	1555.64389	1538.50396	1525.39619
2025-08-19T10:53:07Z	477.00000	1555.64440	1538.50452	1525.39713
2025-08-19T10:53:07Z	477.00000	1555.64658	1538.50866	1525.39719
2025-08-19T10:53:07Z	477.00000	1555.64473	1538.50507	1525.39574
2025-08-19T10:53:07Z	477.00000	1555.64360	1538.50384	1525.39446
2025-08-19T10:53:07Z	477.00000	1555.64503	1538.50446	1525.39535
2025-08-19T10:53:08Z	477.00000	1555.64403	1538.50535	1525.39578
2025-08-19T10:53:08Z	477.00000	1555.64359	1538.50616	1525.39465
2025-08-19T10:53:08Z	477.00000	1555.64239	1538.50574	1525.39642
2025-08-19T10:53:08Z	478.00000	1555.64351	1538.50695	1525.39496
2025-08-19T10:53:08Z	478.00000	1555.64242	1538.50463	1525.39372
2025-08-19T10:53:08Z	478.00000	1555.64360	1538.50679	1525.39476
2025-08-19T10:53:08Z	478.00000	1555.64183	1538.50421	1525.39328
2025-08-19T10:53:08Z	478.00000	1555.64359	1538.50822	1525.39589
2025-08-19T10:53:08Z	478.00000	1555.64176	1538.50390	1525.39293
2025-08-19T10:53:08Z	478.00000	1555.64306	1538.50621	1525.39480
2025-08-19T10:53:09Z	478.00000	1555.64484	1538.50797	1525.39553
2025-08-19T10:53:09Z	478.00000	1555.64435	1538.50598	1525.39505
2025-08-19T10:53:09Z	478.00000	1555.64734	1538.51199	1525.39660
2025-08-19T10:53:09Z	479.00000	1555.64589	1538.50906	1525.39351
2025-08-19T10:53:09Z	479.00000	1555.64642	1538.51077	1525.39520
2025-08-19T10:53:09Z	479.00000	1555.64725	1538.51076	1525.39588
2025-08-19T10:53:09Z	479.00000	1555.64514	1538.51014	1525.39603
2025-08-19T10:53:09Z	479.00000	1555.64707	1538.51273	1525.39810
2025-08-19T10:53:09Z	479.00000	1555.64324	1538.50591	1525.39636
2025-08-19T10:53:09Z	479.00000	1555.64654	1538.51110	1525.39724
2025-08-19T10:53:10Z	479.00000	1555.64476	1538.50953	1525.39546
2025-08-19T10:53:10Z	479.00000	1555.64760	1538.51227	1525.39737
2025-08-19T10:53:10Z	479.00000	1555.64553	1538.51302	1525.39632
2025-08-19T10:53:10Z	480.00000	1555.64653	1538.51320	1525.39551
2025-08-19T10:53:10Z	480.00000	1555.64694	1538.51412	1525.39815
2025-08-19T10:53:10Z	480.00000	1555.64845	1538.51344	1525.39692
2025-08-19T10:53:10Z	480.00000	1555.64984	1538.51331	1525.39731
2025-08-19T10:53:10Z	480.00000	1555.65004	1538.51474	1525.39623
2025-08-19T10:53:10Z	480.00000	1555.65239	1538.51602	1525.39895
2025-08-19T10:53:10Z	480.00000	1555.65011	1538.51439	1525.39776
2025-08-19T10:53:11Z	480.00000	1555.65156	1538.51508	1525.39788
2025-08-19T10:53:11Z	480.00000	1555.65041	1538.51472	1525.39910
2025-08-19T10:53:11Z	480.00000	1555.65031	1538.51459	1525.39906
2025-08-19T10:53:11Z	481.00000	1555.65203	1538.51550	1525.39892
2025-08-19T10:53:11Z	481.00000	1555.65068	1538.51575	1525.39755
2025-08-19T10:53:11Z	481.00000	1555.65178	1538.51664	1525.39898
2025-08-19T10:53:11Z	481.00000	1555.65113	1538.51554	1525.39875
2025-08-19T10:53:11Z	481.00000	1555.65078	1538.51505	1525.39712
2025-08-19T10:53:11Z	481.00000	1555.64826	1538.51338	1525.39550
2025-08-19T10:53:11Z	481.00000	1555.66324	1538.52618	1525.40694
2025-08-19T10:53:12Z	481.00000	1555.67142	1538.53330	1525.41827
2025-08-19T10:53:12Z	481.00000	1555.63433	1538.49952	1525.37943
2025-08-19T10:53:12Z	481.00000	1555.60990	1538.47525	1525.35777
2025-08-19T10:53:12Z	482.00000	1555.58968	1538.45490	1525.33913
2025-08-19T10:53:12Z	482.00000	1555.62547	1538.49449	1525.37412
2025-08-19T10:53:12Z	482.00000	1555.66512	1538.53320	1525.41055
2025-08-19T10:53:12Z	482.00000	1555.65510	1538.52441	1525.39905
2025-08-19T10:53:12Z	482.00000	1555.65425	1538.52186	1525.39870
2025-08-19T10:53:12Z	482.00000	1555.65305	1538.51763	1525.39868
2025-08-19T10:53:12Z	482.00000	1555.65465	1538.51999	1525.40028
2025-08-19T10:53:13Z	482.00000	1555.67550	1538.53875	1525.42329
2025-08-19T10:53:13Z	482.00000	1555.68834	1538.54901	1525.42882
2025-08-19T10:53:13Z	482.00000	1555.68387	1538.54511	1525.42688
2025-08-19T10:53:13Z	483.00000	1555.68312	1538.54444	1525.42601
2025-08-19T10:53:13Z	483.00000	1555.68233	1538.54354	1525.42451
2025-08-19T10:53:13Z	483.00000	1555.69543	1538.55987	1525.44282
2025-08-19T10:53:13Z	483.00000	1555.69764	1538.56137	1525.44359
2025-08-19T10:53:13Z	483.00000	1555.71257	1538.57341	1525.45244
2025-08-19T10:53:13Z	483.00000	1555.70903	1538.57199	1525.45020
2025-08-19T10:53:13Z	483.00000	1555.72878	1538.58763	1525.47272
2025-08-19T10:53:14Z	483.00000	1555.73179	1538.59087	1525.47297
2025-08-19T10:53:14Z	483.00000	1555.73530	1538.59164	1525.47643
2025-08-19T10:53:14Z	483.00000	1555.73863	1538.59236	1525.47674
2025-08-19T10:53:14Z	484.00000	1555.74973	1538.60849	1525.49341
2025-08-19T10:53:14Z	484.00000	1555.72748	1538.58403	1525.47207
2025-08-19T10:53:14Z	484.00000	1555.71789	1538.57787	1525.46204
2025-08-19T10:53:14Z	484.00000	1555.71456	1538.57176	1525.45701
2025-08-19T10:53:14Z	484.00000	1555.71128	1538.57230	1525.45629
2025-08-19T10:53:14Z	484.00000	1555.71539	1538.57385	1525.46221
2025-08-19T10:53:14Z	484.00000	1555.70431	1538.56759	1525.44910
2025-08-19T10:53:15Z	484.00000	1555.71134	1538.57160	1525.45849
2025-08-19T10:53:15Z	484.00000	1555.71617	1538.57602	1525.46526
2025-08-19T10:53:15Z	484.00000	1555.72572	1538.58185	1525.47362
2025-08-19T10:53:15Z	485.00000	1555.72565	1538.58314	1525.47307
2025-08-19T10:53:15Z	485.00000	1555.74713	1538.60672	1525.49417
2025-08-19T10:53:15Z	485.00000	1555.71613	1538.57762	1525.46406
2025-08-19T10:53:15Z	485.00000	1555.71814	1538.58137	1525.46829
2025-08-19T10:53:15Z	485.00000	1555.71762	1538.58111	1525.46703
2025-08-19T10:53:15Z	485.00000	1555.71283	1538.57470	1525.45815
2025-08-19T10:53:15Z	485.00000	1555.71543	1538.57674	1525.46248
2025-08-19T10:53:16Z	485.00000	1555.70803	1538.57306	1525.45431
2025-08-19T10:53:16Z	485.00000	1555.71276	1538.57509	1525.45718
2025-08-19T10:53:16Z	485.00000	1555.71474	1538.57639	1525.46185
2025-08-19T10:53:16Z	486.00000	1555.71444	1538.57606	1525.46107
2025-08-19T10:53:16Z	486.00000	1555.71733	1538.57713	1525.46477
2025-08-19T10:53:16Z	486.00000	1555.71640	1538.57633	1525.46334
2025-08-19T10:53:16Z	486.00000	1555.71679	1538.57907	1525.46599
2025-08-19T10:53:16Z	486.00000	1555.71718	1538.57818	1525.46504
2025-08-19T10:53:16Z	486.00000	1555.71636	1538.57958	1525.46464
2025-08-19T10:53:16Z	486.00000	1555.71529	1538.57523	1525.45938
2025-08-19T10:53:17Z	486.00000	1555.71656	1538.57618	1525.46622
2025-08-19T10:53:17Z	486.00000	1555.71195	1538.57180	1525.45826
2025-08-19T10:53:17Z	486.00000	1555.71453	1538.57613	1525.46025
2025-08-19T10:53:17Z	487.00000	1555.71445	1538.57239	1525.45675
2025-08-19T10:53:17Z	487.00000	1555.71158	1538.57190	1525.45479
2025-08-19T10:53:17Z	487.00000	1555.71304	1538.57175	1525.45283
2025-08-19T10:53:17Z	487.00000	1555.71370	1538.57176	1525.45173
2025-08-19T10:53:17Z	487.00000	1555.71447	1538.57193	1525.45294
2025-08-19T10:53:17Z	487.00000	1555.71500	1538.57183	1525.45581
2025-08-19T10:53:17Z	487.00000	1555.71652	1538.57541	1525.46098
2025-08-19T10:53:18Z	487.00000	1555.71248	1538.57186	1525.45552
2025-08-19T10:53:18Z	487.00000	1555.70569	1538.57135	1525.44985
2025-08-19T10:53:18Z	487.00000	1555.70586	1538.57172	1525.44981
2025-08-19T10:53:18Z	488.00000	1555.70488	1538.57138	1525.44783
2025-08-19T10:53:18Z	488.00000	1555.70546	1538.57146	1525.44900
2025-08-19T10:53:18Z	488.00000	1555.70720	1538.57176	1525.44990
2025-08-19T10:53:18Z	488.00000	1555.70931	1538.57167	1525.45039
2025-08-19T10:53:18Z	488.00000	1555.70831	1538.57089	1525.44882
2025-08-19T10:53:18Z	488.00000	1555.70680	1538.57098	1525.44763
2025-08-19T10:53:18Z	488.00000	1555.70832	1538.57105	1525.44956
2025-08-19T10:53:19Z	488.00000	1555.70629	1538.56935	1525.44746
2025-08-19T10:53:19Z	488.00000	1555.70519	1538.56716	1525.44889
2025-08-19T10:53:19Z	488.00000	1555.70615	1538.56880	1525.44910
2025-08-19T10:53:19Z	489.00000	1555.70529	1538.57032	1525.44678
2025-08-19T10:53:19Z	489.00000	1555.70452	1538.56939	1525.44800
2025-08-19T10:53:19Z	489.00000	1555.70557	1538.56819	1525.44755
2025-08-19T10:53:19Z	489.00000	1555.70491	1538.56645	1525.44795
2025-08-19T10:53:19Z	489.00000	1555.70485	1538.56653	1525.44795
2025-08-19T10:53:19Z	489.00000	1555.70479	1538.56580	1525.44748
2025-08-19T10:53:19Z	489.00000	1555.70468	1538.56625	1525.44856
2025-08-19T10:53:20Z	489.00000	1555.70320	1538.56287	1525.44723
2025-08-19T10:53:20Z	489.00000	1555.70493	1538.56612	1525.44831
2025-08-19T10:53:20Z	489.00000	1555.70468	1538.57021	1525.45000
2025-08-19T10:53:20Z	490.00000	1555.70487	1538.56855	1525.44691
2025-08-19T10:53:20Z	490.00000	1555.70483	1538.57049	1525.44998
2025-08-19T10:53:20Z	490.00000	1555.70527	1538.56977	1525.44699
2025-08-19T10:53:20Z	490.00000	1555.70527	1538.57073	1525.44877
2025-08-19T10:53:20Z	490.00000	1555.70572	1538.57011	1525.44910
2025-08-19T10:53:20Z	490.00000	1555.70822	1538.57143	1525.44865
2025-08-19T10:53:20Z	490.00000	1555.70542	1538.56745	1525.44805
2025-08-19T10:53:21Z	490.00000	1555.70754	1538.57033	1525.44991
2025-08-19T10:53:21Z	490.00000	1555.71297	1538.57150	1525.45311
2025-08-19T10:53:21Z	490.00000	1555.71354	1538.57349	1525.45476
2025-08-19T10:53:21Z	491.00000	1555.71275	1538.57311	1525.45583
2025-08-19T10:53:21Z	491.00000	1555.71112	1538.57248	1525.45547
2025-08-19T10:53:21Z	491.00000	1555.71051	1538.57289	1525.45625
2025-08-19T10:53:21Z	491.00000	1555.71145	1538.57254	1525.45559
2025-08-19T10:53:21Z	491.00000	1555.70911	1538.57227	1525.45444
2025-08-19T10:53:21Z	491.00000	1555.71236	1538.57335	1525.45639
2025-08-19T10:53:21Z	491.00000	1555.70646	1538.57165	1525.45144
2025-08-19T10:53:22Z	491.00000	1555.70557	1538.57109	1525.45063
2025-08-19T10:53:22Z	491.00000	1555.70533	1538.56902	1525.44911
2025-08-19T10:53:22Z	491.00000	1555.70791	1538.57134	1525.45052
2025-08-19T10:53:22Z	492.00000	1555.70732	1538.57139	1525.45067
2025-08-19T10:53:22Z	492.00000	1555.70549	1538.57056	1525.44877
2025-08-19T10:53:22Z	492.00000	1555.70510	1538.56875	1525.44815
2025-08-19T10:53:22Z	492.00000	1555.70523	1538.56852	1525.45007
2025-08-19T10:53:22Z	492.00000	1555.70570	1538.57136	1525.45103
2025-08-19T10:53:22Z	492.00000	1555.70544	1538.57043	1525.44935
2025-08-19T10:53:22Z	492.00000	1555.70519	1538.57122	1525.44881
2025-08-19T10:53:23Z	492.00000	1555.70525	1538.57136	1525.44881
2025-08-19T10:53:23Z	492.00000	1555.70525	1538.57050	1525.44843
2025-08-19T10:53:23Z	492.00000	1555.70517	1538.57118	1525.44845
2025-08-19T10:53:23Z	493.00000	1555.70553	1538.57085	1525.44719
2025-08-19T10:53:23Z	493.00000	1555.70581	1538.57111	1525.44781
2025-08-19T10:53:23Z	493.00000	1555.70510	1538.57068	1525.44778
2025-08-19T10:53:23Z	493.00000	1555.70560	1538.56980	1525.44790
2025-08-19T10:53:23Z	493.00000	1555.70546	1538.56697	1525.44766
2025-08-19T10:53:23Z	493.00000	1555.70605	1538.56821	1525.44824
2025-08-19T10:53:23Z	493.00000	1555.70532	1538.56658	1525.44822
2025-08-19T10:53:24Z	493.00000	1555.70459	1538.56439	1525.44691
2025-08-19T10:53:24Z	493.00000	1555.70494	1538.56556	1525.44862
2025-08-19T10:53:24Z	493.00000	1555.70565	1538.56586	1525.44763
2025-08-19T10:53:24Z	494.00000	1555.70465	1538.56297	1525.44752
2025-08-19T10:53:24Z	494.00000	1555.70528	1538.56516	1525.44777
2025-08-19T10:53:24Z	494.00000	1555.70309	1538.56299	1525.44680
2025-08-19T10:53:24Z	494.00000	1555.70299	1538.56308	1525.44850
2025-08-19T10:53:24Z	494.00000	1555.70439	1538.56532	1525.44843
2025-08-19T10:53:24Z	494.00000	1555.70495	1538.56634	1525.44789
2025-08-19T10:53:24Z	494.00000	1555.70448	1538.56522	1525.44840
2025-08-19T10:53:25Z	494.00000	1555.70521	1538.56508	1525.44872
2025-08-19T10:53:25Z	494.00000	1555.70528	1538.56544	1525.44824
2025-08-19T10:53:25Z	494.00000	1555.70442	1538.56636	1525.44831
2025-08-19T10:53:25Z	495.00000	1555.70503	1538.56792	1525.44825
2025-08-19T10:53:25Z	495.00000	1555.70470	1538.56807	1525.44816
2025-08-19T10:53:25Z	495.00000	1555.70349	1538.56600	1525.44780
2025-08-19T10:53:25Z	495.00000	1555.70473	1538.56713	1525.44786
2025-08-19T10:53:25Z	495.00000	1555.70478	1538.56711	1525.44784
2025-08-19T10:53:25Z	495.00000	1555.70430	1538.56674	1525.44846
2025-08-19T10:53:25Z	495.00000	1555.70490	1538.56755	1525.44692
2025-08-19T10:53:26Z	495.00000	1555.70455	1538.56630	1525.44819
2025-08-19T10:53:26Z	495.00000	1555.70577	1538.56830	1525.44913
2025-08-19T10:53:26Z	495.00000	1555.70080	1538.56252	1525.44680
2025-08-19T10:53:26Z	496.00000	1555.70400	1538.56454	1525.44793
2025-08-19T10:53:26Z	496.00000	1555.70792	1538.57154	1525.45146
2025-08-19T10:53:26Z	496.00000	1555.70913	1538.57141	1525.45178
2025-08-19T10:53:26Z	496.00000	1555.71108	1538.57172	1525.45287
2025-08-19T10:53:26Z	496.00000	1555.71028	1538.57151	1525.45180
2025-08-19T10:53:26Z	496.00000	1555.71088	1538.57185	1525.45402
2025-08-19T10:53:26Z	496.00000	1555.70809	1538.57156	1525.45101
2025-08-19T10:53:27Z	496.00000	1555.70559	1538.57084	1525.44990
2025-08-19T10:53:27Z	496.00000	1555.70568	1538.56962	1525.44853
2025-08-19T10:53:27Z	496.00000	1555.70496	1538.57029	1525.44858
2025-08-19T10:53:27Z	497.00000	1555.70515	1538.57112	1525.44744
2025-08-19T10:53:27Z	497.00000	1555.70520	1538.57075	1525.44862
2025-08-19T10:53:27Z	497.00000	1555.70541	1538.57037	1525.44814
2025-08-19T10:53:27Z	497.00000	1555.70477	1538.56636	1525.44851
2025-08-19T10:53:27Z	497.00000	1555.70494	1538.57005	1525.44785
2025-08-19T10:53:27Z	497.00000	1555.70526	1538.57038	1525.44790
2025-08-19T10:53:27Z	497.00000	1555.70529	1538.57014	1525.44918
2025-08-19T10:53:28Z	497.00000	1555.70470	1538.56966	1525.44782
2025-08-19T10:53:28Z	497.00000	1555.70482	1538.56914	1525.44727
2025-08-19T10:53:28Z	497.00000	1555.70493	1538.56806	1525.44807
2025-08-19T10:53:28Z	498.00000	1555.70494	1538.57096	1525.44850
2025-08-19T10:53:28Z	498.00000	1555.70500	1538.56787	1525.44744
2025-08-19T10:53:28Z	498.00000	1555.70508	1538.56743	1525.44794
2025-08-19T10:53:28Z	498.00000	1555.70522	1538.56631	1525.44868
2025-08-19T10:53:28Z	498.00000	1555.70474	1538.56856	1525.44842
2025-08-19T10:53:28Z	498.00000	1555.70437	1538.56617	1525.44870
2025-08-19T10:53:28Z	498.00000	1555.70467	1538.56830	1525.44645
2025-08-19T10:53:29Z	498.00000	1555.70490	1538.56941	1525.44737
2025-08-19T10:53:29Z	498.00000	1555.70440	1538.56733	1525.44863
2025-08-19T10:53:29Z	498.00000	1555.70552	1538.56832	1525.44645
2025-08-19T10:53:29Z	499.00000	1555.70458	1538.56904	1525.44660
2025-08-19T10:53:29Z	499.00000	1555.70445	1538.56781	1525.44704
2025-08-19T10:53:29Z	499.00000	1555.70481	1538.56957	1525.44729
2025-08-19T10:53:29Z	499.00000	1555.70488	1538.56973	1525.44739
2025-08-19T10:53:29Z	499.00000	1555.70458	1538.56920	1525.44842
2025-08-19T10:53:29Z	499.00000	1555.70490	1538.56943	1525.44764
2025-08-19T10:53:29Z	499.00000	1555.70479	1538.56886	1525.44748
2025-08-19T10:53:30Z	499.00000	1555.70437	1538.56759	1525.44645
2025-08-19T10:53:30Z	499.00000	1555.70522	1538.57094	1525.44942
2025-08-19T10:53:30Z	499.00000	1555.70487	1538.56867	1525.44783
2025-08-19T10:53:30Z	500.00000	1555.70502	1538.57009	1525.44989
2025-08-19T10:53:30Z	500.00000	1555.70448	1538.57055	1525.45050
2025-08-19T10:53:30Z	500.00000	1555.70532	1538.57115	1525.45128
2025-08-19T10:53:30Z	500.00000	1555.70543	1538.57086	1525.45157
2025-08-19T10:53:30Z	500.00000	1555.70502	1538.57044	1525.44953
2025-08-19T10:53:30Z	500.00000	1555.70746	1538.57188	1525.45328
2025-08-19T10:53:30Z	500.00000	1555.70911	1538.57217	1525.45500
2025-08-19T10:53:31Z	500.00000	1555.71259	1538.57602	1525.45724
2025-08-19T10:53:31Z	500.00000	1555.71078	1538.57435	1525.45642
2025-08-19T10:53:31Z	500.00000	1555.71127	1538.57487	1525.45601
2025-08-19T10:53:31Z	501.00000	1555.71110	1538.57563	1525.45549
2025-08-19T10:53:31Z	501.00000	1555.70989	1538.57477	1525.45431
2025-08-19T10:53:31Z	501.00000	1555.71025	1538.57374	1525.45480
2025-08-19T10:53:31Z	501.00000	1555.71079	1538.57285	1525.45518
2025-08-19T10:53:31Z	501.00000	1555.71184	1538.57227	1525.45629
2025-08-19T10:53:31Z	501.00000	1555.71098	1538.57226	1525.45262
2025-08-19T10:53:31Z	501.00000	1555.71381	1538.57339	1525.45427
2025-08-19T10:53:32Z	501.00000	1555.71044	1538.57155	1525.45189
2025-08-19T10:53:32Z	501.00000	1555.71069	1538.57170	1525.45374
2025-08-19T10:53:32Z	501.00000	1555.71107	1538.57172	1525.45212
2025-08-19T10:53:32Z	502.00000	1555.71113	1538.57139	1525.45250
2025-08-19T10:53:32Z	502.00000	1555.71113	1538.57161	1525.45312
2025-08-19T10:53:32Z	502.00000	1555.71038	1538.57112	1525.45282
2025-08-19T10:53:32Z	502.00000	1555.70791	1538.57088	1525.45218
2025-08-19T10:53:32Z	502.00000	1555.70851	1538.57137	1525.45276
2025-08-19T10:53:32Z	502.00000	1555.70801	1538.57128	1525.45345
2025-08-19T10:53:32Z	502.00000	1555.71010	1538.57133	1525.45501
2025-08-19T10:53:33Z	502.00000	1555.71070	1538.57179	1525.45566
2025-08-19T10:53:33Z	502.00000	1555.70731	1538.57078	1525.45247
2025-08-19T10:53:33Z	502.00000	1555.70795	1538.57112	1525.45236
2025-08-19T10:53:33Z	503.00000	1555.70738	1538.57067	1525.45171
2025-08-19T10:53:33Z	503.00000	1555.70537	1538.57039	1525.45037
2025-08-19T10:53:33Z	503.00000	1555.70682	1538.57086	1525.45060
2025-08-19T10:53:33Z	503.00000	1555.70740	1538.57127	1525.45230
2025-08-19T10:53:33Z	503.00000	1555.70708	1538.57118	1525.45104
2025-08-19T10:53:33Z	503.00000	1555.70680	1538.57096	1525.45065
2025-08-19T10:53:33Z	503.00000	1555.70757	1538.57142	1525.45187
2025-08-19T10:53:34Z	503.00000	1555.71036	1538.57214	1525.45488
2025-08-19T10:53:34Z	503.00000	1555.70686	1538.57128	1525.45120
2025-08-19T10:53:34Z	503.00000	1555.70759	1538.57160	1525.45310
2025-08-19T10:53:34Z	504.00000	1555.70531	1538.57067	1525.45088
2025-08-19T10:53:34Z	504.00000	1555.70667	1538.57117	1525.45227
2025-08-19T10:53:34Z	504.00000	1555.70569	1538.57100	1525.45040
2025-08-19T10:53:34Z	504.00000	1555.70691	1538.57175	1525.45374
2025-08-19T10:53:34Z	504.00000	1555.70805	1538.57154	1525.45392
2025-08-19T10:53:34Z	504.00000	1555.70813	1538.57185	1525.45559
2025-08-19T10:53:34Z	504.00000	1555.70766	1538.57144	1525.45648
2025-08-19T10:53:35Z	504.00000	1555.70832	1538.57180	1525.45791
2025-08-19T10:53:35Z	504.00000	1555.70669	1538.57145	1525.45661
2025-08-19T10:53:35Z	504.00000	1555.70587	1538.57116	1525.45533
2025-08-19T10:53:35Z	505.00000	1555.70792	1538.57189	1525.45888
2025-08-19T10:53:35Z	505.00000	1555.70940	1538.57217	1525.45969
2025-08-19T10:53:35Z	505.00000	1555.70663	1538.57148	1525.45731
2025-08-19T10:53:35Z	505.00000	1555.70676	1538.57198	1525.45699
2025-08-19T10:53:35Z	505.00000	1555.70707	1538.57220	1525.45804
2025-08-19T10:53:35Z	505.00000	1555.70497	1538.57100	1525.45341
2025-08-19T10:53:35Z	505.00000	1555.70734	1538.57176	1525.45693
2025-08-19T10:53:36Z	505.00000	1555.70532	1538.57159	1525.45356
2025-08-19T10:53:36Z	505.00000	1555.70762	1538.57162	1525.45627
2025-08-19T10:53:36Z	505.00000	1555.70554	1538.57116	1525.45098
2025-08-19T10:53:36Z	506.00000	1555.71103	1538.57432	1525.45864
2025-08-19T10:53:36Z	506.00000	1555.71061	1538.57413	1525.45703
2025-08-19T10:53:36Z	506.00000	1555.71185	1538.57513	1525.45783
2025-08-19T10:53:36Z	506.00000	1555.71170	1538.57535	1525.45702
2025-08-19T10:53:36Z	506.00000	1555.71227	1538.57516	1525.45649
2025-08-19T10:53:36Z	506.00000	1555.71104	1538.57491	1525.45483
2025-08-19T10:53:36Z	506.00000	1555.71243	1538.57580	1525.45649
2025-08-19T10:53:37Z	506.00000	1555.71108	1538.57343	1525.45603
2025-08-19T10:53:37Z	506.00000	1555.71124	1538.57297	1525.45620
2025-08-19T10:53:37Z	506.00000	1555.71204	1538.57309	1525.45759
2025-08-19T10:53:37Z	507.00000	1555.71219	1538.57250	1525.45764
2025-08-19T10:53:37Z	507.00000	1555.71394	1538.57274	1525.46007
2025-08-19T10:53:37Z	507.00000	1555.71016	1538.57234	1525.45721
2025-08-19T10:53:37Z	507.00000	1555.71040	1538.57272	1525.45709
2025-08-19T10:53:37Z	507.00000	1555.71275	1538.57651	1525.45997
2025-08-19T10:53:37Z	507.00000	1555.71423	1538.57653	1525.46671
2025-08-19T10:53:37Z	507.00000	1555.71521	1538.57804	1525.46922
2025-08-19T10:53:38Z	507.00000	1555.71586	1538.57824	1525.46905
2025-08-19T10:53:38Z	507.00000	1555.71527	1538.57763	1525.46816
2025-08-19T10:53:38Z	507.00000	1555.71555	1538.57807	1525.46623
2025-08-19T10:53:38Z	508.00000	1555.71530	1538.57772	1525.46560
2025-08-19T10:53:38Z	508.00000	1555.70740	1538.57269	1525.45535
2025-08-19T10:53:38Z	508.00000	1555.71787	1538.58209	1525.46827
2025-08-19T10:53:38Z	508.00000	1555.70999	1538.57497	1525.45468
2025-08-19T10:53:38Z	508.00000	1555.71149	1538.57341	1525.45333
2025-08-19T10:53:38Z	508.00000	1555.71725	1538.57961	1525.46053
2025-08-19T10:53:38Z	508.00000	1555.71456	1538.57465	1525.45519
2025-08-19T10:53:39Z	508.00000	1555.71673	1538.57629	1525.45822
2025-08-19T10:53:39Z	508.00000	1555.71709	1538.57694	1525.46112
2025-08-19T10:53:39Z	508.00000	1555.71723	1538.57496	1525.45731
2025-08-19T10:53:39Z	509.00000	1555.75991	1538.61779	1525.49691
2025-08-19T10:53:39Z	509.00000	1555.75462	1538.61230	1525.49386
2025-08-19T10:53:39Z	509.00000	1555.75923	1538.61792	1525.49715
2025-08-19T10:53:39Z	509.00000	1555.76199	1538.62114	1525.49994
2025-08-19T10:53:39Z	509.00000	1555.75512	1538.61221	1525.49490
2025-08-19T10:53:40Z	509.00000	1555.74568	1538.60235	1525.48582
2025-08-19T10:53:40Z	509.00000	1555.77273	1538.63193	1525.51338
2025-08-19T10:53:40Z	510.00000	1555.78305	1538.64452	1525.52157
2025-08-19T10:53:40Z	510.00000	1555.81214	1538.67169	1525.54721
2025-08-19T10:53:40Z	510.00000	1555.81982	1538.67616	1525.55718
2025-08-19T10:53:40Z	510.00000	1555.83576	1538.69616	1525.56967
2025-08-19T10:53:41Z	510.00000	1555.84033	1538.69591	1525.56941
2025-08-19T10:53:41Z	510.00000	1555.86174	1538.71937	1525.59549
2025-08-19T10:53:41Z	511.00000	1555.86496	1538.71903	1525.59709
2025-08-19T10:53:41Z	511.00000	1555.86677	1538.71964	1525.59948
2025-08-19T10:53:41Z	511.00000	1555.86152	1538.71476	1525.59224
2025-08-19T10:53:41Z	511.00000	1555.84325	1538.69252	1525.56975
2025-08-19T10:53:42Z	511.00000	1555.92125	1538.76627	1525.64522
2025-08-19T10:53:42Z	512.00000	1555.91039	1538.76554	1525.64130
2025-08-19T10:53:42Z	512.00000	1555.90533	1538.76338	1525.64141
2025-08-19T10:53:42Z	512.00000	1555.90144	1538.76141	1525.64018
2025-08-19T10:53:42Z	512.00000	1555.90111	1538.76210	1525.64102
2025-08-19T10:53:43Z	512.00000	1555.90566	1538.76094	1525.63975
2025-08-19T10:53:43Z	513.00000	1555.89864	1538.75609	1525.63955
2025-08-19T10:53:43Z	513.00000	1555.89907	1538.75607	1525.64134
2025-08-19T10:53:43Z	513.00000	1555.90009	1538.75659	1525.65130
2025-08-19T10:53:43Z	513.00000	1555.90119	1538.75575	1525.65841
2025-08-19T10:53:43Z	513.00000	1555.90135	1538.75580	1525.65592
2025-08-19T10:53:44Z	513.00000	1555.90154	1538.75652	1525.65552
2025-08-19T10:53:44Z	513.00000	1555.90038	1538.75587	1525.65414
2025-08-19T10:53:44Z	513.00000	1555.89963	1538.75653	1525.65178
2025-08-19T10:53:44Z	514.00000	1555.89936	1538.75612	1525.65095
2025-08-19T10:53:44Z	514.00000	1555.90030	1538.75860	1525.65214
2025-08-19T10:53:44Z	514.00000	1555.90077	1538.76070	1525.65367
2025-08-19T10:53:44Z	514.00000	1555.89692	1538.75590	1525.64353
2025-08-19T10:53:44Z	514.00000	1555.89480	1538.75536	1525.64105
2025-08-19T10:53:44Z	514.00000	1555.89354	1538.75465	1525.63901
2025-08-19T10:53:44Z	514.00000	1555.89183	1538.75530	1525.63792
2025-08-19T10:53:45Z	514.00000	1555.89151	1538.75533	1525.63846
2025-08-19T10:53:45Z	514.00000	1555.89100	1538.75317	1525.63652
2025-08-19T10:53:45Z	514.00000	1555.89089	1538.75417	1525.63674
2025-08-19T10:53:45Z	515.00000	1555.88992	1538.75189	1525.63307
2025-08-19T10:53:45Z	515.00000	1555.88971	1538.75334	1525.63316
2025-08-19T10:53:45Z	515.00000	1555.89005	1538.75527	1525.63521
2025-08-19T10:53:45Z	515.00000	1555.88888	1538.75283	1525.63129
2025-08-19T10:53:45Z	515.00000	1555.88908	1538.75252	1525.63282
2025-08-19T10:53:45Z	515.00000	1555.89020	1538.75504	1525.63510
2025-08-19T10:53:45Z	515.00000	1555.88920	1538.75309	1525.63400
2025-08-19T10:53:46Z	515.00000	1555.88850	1538.75205	1525.63339
2025-08-19T10:53:46Z	515.00000	1555.88722	1538.75039	1525.63191
2025-08-19T10:53:46Z	515.00000	1555.88794	1538.75056	1525.63281
2025-08-19T10:53:46Z	516.00000	1555.88736	1538.75070	1525.63117
2025-08-19T10:53:46Z	516.00000	1555.88801	1538.75359	1525.63237
2025-08-19T10:53:46Z	516.00000	1555.88789	1538.75282	1525.63120
2025-08-19T10:53:46Z	516.00000	1555.89026	1538.75542	1525.63465
2025-08-19T10:53:46Z	516.00000	1555.90013	1538.76506	1525.64182
2025-08-19T10:53:46Z	516.00000	1555.89953	1538.76519	1525.64159
2025-08-19T10:53:46Z	516.00000	1555.89897	1538.76523	1525.64230
2025-08-19T10:53:47Z	516.00000	1555.89965	1538.76572	1525.64167
2025-08-19T10:53:47Z	516.00000	1555.89934	1538.76584	1525.64115
2025-08-19T10:53:47Z	516.00000	1555.89932	1538.76591	1525.64181
2025-08-19T10:53:47Z	517.00000	1555.90028	1538.76592	1525.64076
2025-08-19T10:53:47Z	517.00000	1555.90044	1538.76485	1525.63926
2025-08-19T10:53:47Z	517.00000	1555.90030	1538.76578	1525.64009
2025-08-19T10:53:47Z	517.00000	1555.90072	1538.76548	1525.63946
2025-08-19T10:53:47Z	517.00000	1555.89969	1538.76537	1525.63937
2025-08-19T10:53:47Z	517.00000	1555.90043	1538.76313	1525.63975
2025-08-19T10:53:47Z	517.00000	1555.90015	1538.76157	1525.63948
2025-08-19T10:53:48Z	517.00000	1555.90039	1538.76055	1525.63850
2025-08-19T10:53:48Z	517.00000	1555.90005	1538.75843	1525.63868
2025-08-19T10:53:48Z	517.00000	1555.89950	1538.75853	1525.63925
2025-08-19T10:53:48Z	518.00000	1555.89823	1538.75642	1525.63628
2025-08-19T10:53:48Z	518.00000	1555.89739	1538.75537	1525.63370
2025-08-19T10:53:48Z	518.00000	1555.89237	1538.75086	1525.62946
2025-08-19T10:53:48Z	518.00000	1555.88969	1538.74779	1525.62780
2025-08-19T10:53:48Z	518.00000	1555.89095	1538.75026	1525.62846
2025-08-19T10:53:48Z	518.00000	1555.88770	1538.74903	1525.62639
2025-08-19T10:53:48Z	518.00000	1555.88881	1538.75123	1525.62864
2025-08-19T10:53:49Z	518.00000	1555.88784	1538.75017	1525.62700
2025-08-19T10:53:49Z	518.00000	1555.88690	1538.74756	1525.62628
2025-08-19T10:53:49Z	518.00000	1555.88721	1538.74796	1525.62883
2025-08-19T10:53:49Z	519.00000	1555.88749	1538.74698	1525.62879
2025-08-19T10:53:49Z	519.00000	1555.88782	1538.74771	1525.62939
2025-08-19T10:53:49Z	519.00000	1555.88717	1538.74630	1525.62794
2025-08-19T10:53:49Z	519.00000	1555.88755	1538.74915	1525.63118
2025-08-19T10:53:49Z	519.00000	1555.88740	1538.74932	1525.63026
2025-08-19T10:53:49Z	519.00000	1555.88671	1538.74759	1525.62762
2025-08-19T10:53:49Z	519.00000	1555.88719	1538.74674	1525.62943
2025-08-19T10:53:50Z	519.00000	1555.88748	1538.74862	1525.63011
2025-08-19T10:53:50Z	519.00000	1555.88731	1538.75075	1525.62796
2025-08-19T10:53:50Z	519.00000	1555.88507	1538.75071	1525.62755
2025-08-19T10:53:50Z	520.00000	1555.88559	1538.75165	1525.62826
2025-08-19T10:53:50Z	520.00000	1555.88495	1538.75421	1525.62919
2025-08-19T10:53:50Z	520.00000	1555.88653	1538.75476	1525.62816
2025-08-19T10:53:50Z	520.00000	1555.88680	1538.75012	1525.62623
2025-08-19T10:53:50Z	520.00000	1555.88899	1538.75055	1525.62675
2025-08-19T10:53:50Z	520.00000	1555.89040	1538.75025	1525.62671
2025-08-19T10:53:50Z	520.00000	1555.89065	1538.74971	1525.62727
2025-08-19T10:53:51Z	520.00000	1555.88900	1538.74644	1525.62557
2025-08-19T10:53:51Z	520.00000	1555.88735	1538.74559	1525.62480
2025-08-19T10:53:51Z	520.00000	1555.88682	1538.74686	1525.62592
2025-08-19T10:53:51Z	521.00000	1555.88689	1538.74605	1525.62608
2025-08-19T10:53:51Z	521.00000	1555.88575	1538.74618	1525.62664
2025-08-19T10:53:51Z	521.00000	1555.88566	1538.74625	1525.62528
2025-08-19T10:53:51Z	521.00000	1555.88450	1538.74577	1525.62372
2025-08-19T10:53:51Z	521.00000	1555.88493	1538.74549	1525.62528
2025-08-19T10:53:51Z	521.00000	1555.88645	1538.74600	1525.62762
2025-08-19T10:53:51Z	521.00000	1555.88585	1538.74656	1525.62780
2025-08-19T10:53:52Z	521.00000	1555.88553	1538.74690	1525.62972
2025-08-19T10:53:52Z	521.00000	1555.88471	1538.74792	1525.62719
2025-08-19T10:53:52Z	521.00000	1555.88500	1538.74856	1525.62784
2025-08-19T10:53:52Z	522.00000	1555.88411	1538.74666	1525.62641
2025-08-19T10:53:52Z	522.00000	1555.88573	1538.74840	1525.62667
2025-08-19T10:53:52Z	522.00000	1555.88849	1538.75204	1525.63110
2025-08-19T10:53:52Z	522.00000	1555.88741	1538.75067	1525.62927
2025-08-19T10:53:52Z	522.00000	1555.88733	1538.75068	1525.62729
2025-08-19T10:53:52Z	522.00000	1555.88766	1538.74862	1525.62317
2025-08-19T10:53:52Z	522.00000	1555.89939	1538.75592	1525.63197
2025-08-19T10:53:53Z	522.00000	1555.89952	1538.75720	1525.63431
2025-08-19T10:53:53Z	522.00000	1555.89159	1538.75295	1525.63866
2025-08-19T10:53:53Z	522.00000	1555.88991	1538.75036	1525.63828
2025-08-19T10:53:53Z	523.00000	1555.88816	1538.75102	1525.63308
2025-08-19T10:53:53Z	523.00000	1555.88747	1538.75471	1525.62866
2025-08-19T10:53:53Z	523.00000	1555.88830	1538.75620	1525.62931
2025-08-19T10:53:53Z	523.00000	1555.88804	1538.75296	1525.62371
2025-08-19T10:53:53Z	523.00000	1555.89011	1538.75157	1525.62736
2025-08-19T10:53:53Z	523.00000	1555.89289	1538.75582	1525.62745
2025-08-19T10:53:53Z	523.00000	1555.89307	1538.75485	1525.62643
2025-08-19T10:53:54Z	523.00000	1555.89112	1538.75264	1525.62410
2025-08-19T10:53:54Z	523.00000	1555.89248	1538.75123	1525.62177
2025-08-19T10:53:54Z	523.00000	1555.89204	1538.74941	1525.62150
2025-08-19T10:53:54Z	524.00000	1555.89481	1538.74815	1525.62390
2025-08-19T10:53:54Z	524.00000	1555.89821	1538.74727	1525.62321
2025-08-19T10:53:54Z	524.00000	1555.89978	1538.74604	1525.62361
2025-08-19T10:53:54Z	524.00000	1555.89929	1538.74612	1525.62220
2025-08-19T10:53:54Z	524.00000	1555.89317	1538.74573	1525.62322
2025-08-19T10:53:54Z	524.00000	1555.89061	1538.74546	1525.62232
2025-08-19T10:53:54Z	524.00000	1555.89053	1538.74564	1525.62361
2025-08-19T10:53:55Z	524.00000	1555.88964	1538.74609	1525.62381
2025-08-19T10:53:55Z	524.00000	1555.88921	1538.74622	1525.62395
2025-08-19T10:53:55Z	524.00000	1555.88840	1538.74525	1525.62421
2025-08-19T10:53:55Z	525.00000	1555.88697	1538.74575	1525.62538
2025-08-19T10:53:55Z	525.00000	1555.88727	1538.74578	1525.62528
2025-08-19T10:53:55Z	525.00000	1555.88573	1538.74545	1525.62315
2025-08-19T10:53:55Z	525.00000	1555.88656	1538.74556	1525.62449
2025-08-19T10:53:55Z	525.00000	1555.88694	1538.74609	1525.62641
2025-08-19T10:53:55Z	525.00000	1555.88710	1538.74617	1525.62604
2025-08-19T10:53:55Z	525.00000	1555.88714	1538.74597	1525.62397
2025-08-19T10:53:56Z	525.00000	1555.88725	1538.74603	1525.62584
2025-08-19T10:53:56Z	525.00000	1555.88593	1538.74522	1525.62306
2025-08-19T10:53:56Z	525.00000	1555.88617	1538.74528	1525.62411
2025-08-19T10:53:56Z	526.00000	1555.88762	1538.74578	1525.62675
2025-08-19T10:53:56Z	526.00000	1555.88730	1538.74678	1525.62685
2025-08-19T10:53:56Z	526.00000	1555.88662	1538.74841	1525.62669
2025-08-19T10:53:56Z	526.00000	1555.88418	1538.74690	1525.62603
2025-08-19T10:53:56Z	526.00000	1555.88497	1538.74727	1525.62626
2025-08-19T10:53:56Z	526.00000	1555.88451	1538.74728	1525.62578
2025-08-19T10:53:56Z	526.00000	1555.88488	1538.74668	1525.62625
2025-08-19T10:53:57Z	526.00000	1555.88692	1538.74763	1525.62652
2025-08-19T10:53:57Z	526.00000	1555.88048	1538.74365	1525.62161
2025-08-19T10:53:57Z	526.00000	1555.88323	1538.74507	1525.62381
2025-08-19T10:53:57Z	527.00000	1555.88691	1538.74725	1525.62979
2025-08-19T10:53:57Z	527.00000	1555.88926	1538.75097	1525.63145
2025-08-19T10:53:57Z	527.00000	1555.89152	1538.75403	1525.63519
2025-08-19T10:53:57Z	527.00000	1555.89348	1538.75506	1525.63647
2025-08-19T10:53:57Z	527.00000	1555.89219	1538.75552	1525.63762
2025-08-19T10:53:57Z	527.00000	1555.89153	1538.75566	1525.63525
2025-08-19T10:53:57Z	527.00000	1555.89092	1538.75550	1525.63673
2025-08-19T10:53:58Z	527.00000	1555.89012	1538.75521	1525.63914
2025-08-19T10:53:58Z	527.00000	1555.89083	1538.75564	1525.63925
2025-08-19T10:53:58Z	527.00000	1555.89113	1538.75544	1525.64110
2025-08-19T10:53:58Z	528.00000	1555.89044	1538.75525	1525.64218
2025-08-19T10:53:58Z	528.00000	1555.88963	1538.75239	1525.64611
2025-08-19T10:53:58Z	528.00000	1555.88866	1538.75138	1525.64518
2025-08-19T10:53:58Z	528.00000	1555.88868	1538.75547	1525.64203
2025-08-19T10:53:58Z	528.00000	1555.88922	1538.75598	1525.64249
2025-08-19T10:53:58Z	528.00000	1555.88956	1538.75587	1525.64174
2025-08-19T10:53:58Z	528.00000	1555.88731	1538.75625	1525.63999
2025-08-19T10:53:59Z	528.00000	1555.88846	1538.75563	1525.63928
2025-08-19T10:53:59Z	528.00000	1555.88950	1538.75492	1525.63881
2025-08-19T10:53:59Z	528.00000	1555.89064	1538.75405	1525.63787
2025-08-19T10:53:59Z	529.00000	1555.89055	1538.75116	1525.63785
2025-08-19T10:53:59Z	529.00000	1555.89164	1538.75066	1525.63514
2025-08-19T10:53:59Z	529.00000	1555.89188	1538.75119	1525.63495
2025-08-19T10:53:59Z	529.00000	1555.89161	1538.75060	1525.63184
2025-08-19T10:53:59Z	529.00000	1555.89179	1538.75065	1525.63156
2025-08-19T10:53:59Z	529.00000	1555.89099	1538.74841	1525.63089
2025-08-19T10:53:59Z	529.00000	1555.89214	1538.74967	1525.63214
2025-08-19T10:54:00Z	529.00000	1555.89421	1538.75077	1525.63129
2025-08-19T10:54:00Z	529.00000	1555.89371	1538.75012	1525.63127
2025-08-19T10:54:00Z	529.00000	1555.89348	1538.75048	1525.62978
2025-08-19T10:54:00Z	530.00000	1555.89312	1538.75085	1525.63001
2025-08-19T10:54:00Z	530.00000	1555.89386	1538.75041	1525.63011
2025-08-19T10:54:00Z	530.00000	1555.89309	1538.75026	1525.62826
2025-08-19T10:54:00Z	530.00000	1555.89284	1538.75148	1525.63022
2025-08-19T10:54:00Z	530.00000	1555.89143	1538.75136	1525.62963
2025-08-19T10:54:00Z	530.00000	1555.89050	1538.75090	1525.62944
2025-08-19T10:54:00Z	530.00000	1555.88998	1538.75090	1525.62962
2025-08-19T10:54:01Z	530.00000	1555.89025	1538.75239	1525.63109
2025-08-19T10:54:01Z	530.00000	1555.89441	1538.75573	1525.63513
2025-08-19T10:54:01Z	530.00000	1555.89446	1538.75631	1525.63554
2025-08-19T10:54:01Z	531.00000	1555.89470	1538.75611	1525.63568
2025-08-19T10:54:01Z	531.00000	1555.89163	1538.75522	1525.63116
2025-08-19T10:54:01Z	531.00000	1555.89080	1538.75544	1525.63052
2025-08-19T10:54:01Z	531.00000	1555.89071	1538.75476	1525.63106
2025-08-19T10:54:01Z	531.00000	1555.89087	1538.75461	1525.63027
2025-08-19T10:54:01Z	531.00000	1555.89092	1538.75455	1525.63108
2025-08-19T10:54:01Z	531.00000	1555.89071	1538.75527	1525.63124
2025-08-19T10:54:02Z	531.00000	1555.89003	1538.75484	1525.63200
2025-08-19T10:54:02Z	531.00000	1555.89059	1538.75464	1525.63095
2025-08-19T10:54:02Z	531.00000	1555.89019	1538.75498	1525.63213
2025-08-19T10:54:02Z	532.00000	1555.89032	1538.75527	1525.63082
2025-08-19T10:54:02Z	532.00000	1555.88953	1538.75527	1525.63221
2025-08-19T10:54:02Z	532.00000	1555.89074	1538.75550	1525.63287
2025-08-19T10:54:02Z	532.00000	1555.88993	1538.75524	1525.63299
2025-08-19T10:54:02Z	532.00000	1555.88970	1538.75521	1525.63346
2025-08-19T10:54:02Z	532.00000	1555.88941	1538.75569	1525.63198
2025-08-19T10:54:02Z	532.00000	1555.89030	1538.75481	1525.63309
2025-08-19T10:54:03Z	532.00000	1555.89014	1538.75566	1525.63345
2025-08-19T10:54:03Z	532.00000	1555.88949	1538.75470	1525.63173
2025-08-19T10:54:03Z	532.00000	1555.88947	1538.75546	1525.63105
2025-08-19T10:54:03Z	533.00000	1555.88953	1538.75467	1525.63154
2025-08-19T10:54:03Z	533.00000	1555.88958	1538.75413	1525.63160
2025-08-19T10:54:03Z	533.00000	1555.88923	1538.75288	1525.63106
2025-08-19T10:54:03Z	533.00000	1555.88988	1538.75206	1525.63153
2025-08-19T10:54:03Z	533.00000	1555.89034	1538.75167	1525.62921
2025-08-19T10:54:03Z	533.00000	1555.89054	1538.75276	1525.63045
2025-08-19T10:54:03Z	533.00000	1555.89028	1538.75138	1525.63047
2025-08-19T10:54:04Z	533.00000	1555.88958	1538.75243	1525.62948
2025-08-19T10:54:04Z	533.00000	1555.88960	1538.75140	1525.62974
2025-08-19T10:54:04Z	533.00000	1555.88928	1538.75290	1525.62997
2025-08-19T10:54:04Z	534.00000	1555.88958	1538.75484	1525.63090
2025-08-19T10:54:04Z	534.00000	1555.89060	1538.75531	1525.63229
2025-08-19T10:54:04Z	534.00000	1555.88967	1538.75395	1525.62978
2025-08-19T10:54:04Z	534.00000	1555.88988	1538.75417	1525.62914
2025-08-19T10:54:04Z	534.00000	1555.88990	1538.75312	1525.62767
2025-08-19T10:54:04Z	534.00000	1555.89065	1538.75488	1525.63006
2025-08-19T10:54:04Z	534.00000	1555.89020	1538.75347	1525.63052
2025-08-19T10:54:05Z	534.00000	1555.89071	1538.75396	1525.62979
2025-08-19T10:54:05Z	534.00000	1555.89045	1538.75394	1525.62920
2025-08-19T10:54:05Z	534.00000	1555.89020	1538.75158	1525.62950
2025-08-19T10:54:05Z	535.00000	1555.89183	1538.75434	1525.62980
2025-08-19T10:54:05Z	535.00000	1555.89798	1538.75613	1525.63574
2025-08-19T10:54:05Z	535.00000	1555.89768	1538.75611	1525.63339
2025-08-19T10:54:05Z	535.00000	1555.89835	1538.75600	1525.63406
2025-08-19T10:54:05Z	535.00000	1555.89844	1538.75592	1525.63357
2025-08-19T10:54:05Z	535.00000	1555.89803	1538.75556	1525.63183
2025-08-19T10:54:05Z	535.00000	1555.89833	1538.75615	1525.63331
2025-08-19T10:54:06Z	535.00000	1555.89944	1538.75637	1525.63478
2025-08-19T10:54:06Z	535.00000	1555.90047	1538.75618	1525.63769
2025-08-19T10:54:06Z	535.00000	1555.90081	1538.75623	1525.63730
2025-08-19T10:54:06Z	536.00000	1555.90054	1538.75606	1525.63529
2025-08-19T10:54:06Z	536.00000	1555.90034	1538.75626	1525.63585
2025-08-19T10:54:06Z	536.00000	1555.89977	1538.75638	1525.63672
2025-08-19T10:54:06Z	536.00000	1555.89952	1538.75650	1525.63639
2025-08-19T10:54:06Z	536.00000	1555.89926	1538.75600	1525.63640
2025-08-19T10:54:06Z	536.00000	1555.89746	1538.75568	1525.63530
2025-08-19T10:54:06Z	536.00000	1555.89817	1538.75607	1525.63492
2025-08-19T10:54:07Z	536.00000	1555.89757	1538.75566	1525.63643
2025-08-19T10:54:07Z	536.00000	1555.89755	1538.75591	1525.63525
2025-08-19T10:54:07Z	536.00000	1555.89773	1538.75586	1525.63680
2025-08-19T10:54:07Z	537.00000	1555.89776	1538.75630	1525.63711
2025-08-19T10:54:07Z	537.00000	1555.89808	1538.75615	1525.63602
2025-08-19T10:54:07Z	537.00000	1555.89934	1538.75582	1525.63739
2025-08-19T10:54:07Z	537.00000	1555.89867	1538.75601	1525.63483
2025-08-19T10:54:07Z	537.00000	1555.90164	1538.76105	1525.63836
2025-08-19T10:54:07Z	537.00000	1555.89918	1538.76053	1525.63777
2025-08-19T10:54:07Z	537.00000	1555.91033	1538.77005	1525.64507
2025-08-19T10:54:08Z	537.00000	1555.91112	1538.77509	1525.64708
2025-08-19T10:54:08Z	537.00000	1555.92001	1538.78308	1525.66193
2025-08-19T10:54:08Z	537.00000	1555.92294	1538.78749	1525.66605
2025-08-19T10:54:08Z	538.00000	1555.92148	1538.78435	1525.66577
2025-08-19T10:54:08Z	538.00000	1555.92741	1538.79337	1525.66898
2025-08-19T10:54:08Z	538.00000	1555.95943	1538.82690	1525.70424
2025-08-19T10:54:08Z	538.00000	1555.98323	1538.84888	1525.72187
2025-08-19T10:54:08Z	538.00000	1555.96881	1538.83481	1525.71163
2025-08-19T10:54:08Z	538.00000	1555.96090	1538.82838	1525.70468
2025-08-19T10:54:08Z	538.00000	1556.00752	1538.87293	1525.74428
2025-08-19T10:54:09Z	538.00000	1556.03163	1538.90137	1525.76809
2025-08-19T10:54:09Z	538.00000	1556.02378	1538.89527	1525.76159
2025-08-19T10:54:09Z	538.00000	1556.02614	1538.89619	1525.76231
2025-08-19T10:54:09Z	539.00000	1556.03809	1538.90960	1525.77452
2025-08-19T10:54:09Z	539.00000	1556.03842	1538.90997	1525.77526
2025-08-19T10:54:09Z	539.00000	1556.03657	1538.90361	1525.77109
2025-08-19T10:54:09Z	539.00000	1556.03677	1538.90139	1525.77163
2025-08-19T10:54:09Z	539.00000	1556.03970	1538.90692	1525.77764
2025-08-19T10:54:09Z	539.00000	1556.03900	1538.90297	1525.77473
2025-08-19T10:54:09Z	539.00000	1556.03918	1538.90167	1525.77292
2025-08-19T10:54:10Z	539.00000	1556.04887	1538.90802	1525.77955
2025-08-19T10:54:10Z	539.00000	1556.03742	1538.89629	1525.76885
2025-08-19T10:54:10Z	539.00000	1556.03186	1538.89165	1525.76296
2025-08-19T10:54:10Z	540.00000	1556.03149	1538.89143	1525.76186
2025-08-19T10:54:10Z	540.00000	1556.03147	1538.88958	1525.76165
2025-08-19T10:54:10Z	540.00000	1556.02108	1538.87796	1525.75508
2025-08-19T10:54:10Z	540.00000	1556.02788	1538.88283	1525.75941
2025-08-19T10:54:10Z	540.00000	1556.02780	1538.88210	1525.75920
2025-08-19T10:54:10Z	540.00000	1556.03933	1538.89670	1525.76986
2025-08-19T10:54:10Z	540.00000	1556.04616	1538.90224	1525.77653
2025-08-19T10:54:11Z	540.00000	1556.05424	1538.91121	1525.78738
2025-08-19T10:54:11Z	540.00000	1556.02631	1538.88481	1525.76101
2025-08-19T10:54:11Z	540.00000	1556.03773	1538.89743	1525.76971
2025-08-19T10:54:11Z	541.00000	1556.03393	1538.89465	1525.76408
2025-08-19T10:54:11Z	541.00000	1556.03056	1538.89263	1525.76286
2025-08-19T10:54:11Z	541.00000	1556.03224	1538.89280	1525.76328
2025-08-19T10:54:11Z	541.00000	1556.03082	1538.89272	1525.76110
2025-08-19T10:54:11Z	541.00000	1556.03032	1538.89145	1525.76152
2025-08-19T10:54:11Z	541.00000	1556.03171	1538.89270	1525.76233
2025-08-19T10:54:11Z	541.00000	1556.03234	1538.89095	1525.76245
2025-08-19T10:54:12Z	541.00000	1556.02897	1538.89006	1525.76195
2025-08-19T10:54:12Z	541.00000	1556.02914	1538.89078	1525.76204
2025-08-19T10:54:12Z	541.00000	1556.02860	1538.89028	1525.76284
2025-08-19T10:54:12Z	542.00000	1556.02810	1538.89115	1525.76213
2025-08-19T10:54:12Z	542.00000	1556.02840	1538.89028	1525.76251
2025-08-19T10:54:12Z	542.00000	1556.02805	1538.88976	1525.76225
2025-08-19T10:54:12Z	542.00000	1556.02802	1538.88898	1525.76266
2025-08-19T10:54:12Z	542.00000	1556.02707	1538.88896	1525.76198
2025-08-19T10:54:12Z	542.00000	1556.02725	1538.88895	1525.76162
2025-08-19T10:54:12Z	542.00000	1556.02653	1538.88883	1525.76264
2025-08-19T10:54:13Z	542.00000	1556.02643	1538.88871	1525.76132
2025-08-19T10:54:13Z	542.00000	1556.02655	1538.88816	1525.76243
2025-08-19T10:54:13Z	542.00000	1556.02696	1538.88876	1525.76174
2025-08-19T10:54:13Z	543.00000	1556.02719	1538.88879	1525.76256
2025-08-19T10:54:13Z	543.00000	1556.02670	1538.88954	1525.76167
2025-08-19T10:54:13Z	543.00000	1556.02623	1538.88850	1525.76219
2025-08-19T10:54:13Z	543.00000	1556.02672	1538.88955	1525.76252
2025-08-19T10:54:13Z	543.00000	1556.02588	1538.88922	1525.76158
2025-08-19T10:54:13Z	543.00000	1556.02640	1538.89062	1525.76151
2025-08-19T10:54:13Z	543.00000	1556.02645	1538.89004	1525.76207
2025-08-19T10:54:14Z	543.00000	1556.02648	1538.89038	1525.76288
2025-08-19T10:54:14Z	543.00000	1556.02658	1538.88995	1525.76177
2025-08-19T10:54:14Z	543.00000	1556.02663	1538.88914	1525.76241
2025-08-19T10:54:14Z	544.00000	1556.02632	1538.88927	1525.76100
2025-08-19T10:54:14Z	544.00000	1556.02607	1538.88865	1525.76267
2025-08-19T10:54:14Z	544.00000	1556.02628	1538.88881	1525.76241
2025-08-19T10:54:14Z	544.00000	1556.02622	1538.88826	1525.76142
2025-08-19T10:54:14Z	544.00000	1556.02628	1538.88809	1525.76221
2025-08-19T10:54:14Z	544.00000	1556.02563	1538.88678	1525.76179
2025-08-19T10:54:14Z	544.00000	1556.02576	1538.88632	1525.76132
2025-08-19T10:54:15Z	544.00000	1556.02576	1538.88606	1525.76126
2025-08-19T10:54:15Z	544.00000	1556.02509	1538.88552	1525.76137
2025-08-19T10:54:15Z	544.00000	1556.02561	1538.88636	1525.76159
2025-08-19T10:54:15Z	545.00000	1556.02416	1538.88423	1525.76013
2025-08-19T10:54:15Z	545.00000	1556.02441	1538.88479	1525.76135
2025-08-19T10:54:15Z	545.00000	1556.02495	1538.88712	1525.76122
2025-08-19T10:54:15Z	545.00000	1556.02475	1538.88483	1525.76138
2025-08-19T10:54:15Z	545.00000	1556.02409	1538.88486	1525.76153
2025-08-19T10:54:15Z	545.00000	1556.02446	1538.88482	1525.76152
2025-08-19T10:54:15Z	545.00000	1556.02378	1538.88524	1525.76211
2025-08-19T10:54:16Z	545.00000	1556.02416	1538.88550	1525.76158
2025-08-19T10:54:16Z	545.00000	1556.02464	1538.88496	1525.76035
2025-08-19T10:54:16Z	545.00000	1556.02469	1538.88509	1525.76202
2025-08-19T10:54:16Z	546.00000	1556.02445	1538.88576	1525.76196
2025-08-19T10:54:16Z	546.00000	1556.02398	1538.88539	1525.76220
2025-08-19T10:54:16Z	546.00000	1556.02508	1538.88581	1525.76102
2025-08-19T10:54:16Z	546.00000	1556.02800	1538.89022	1525.76262
2025-08-19T10:54:16Z	546.00000	1556.02187	1538.88191	1525.76070
2025-08-19T10:54:16Z	546.00000	1556.02007	1538.88304	1525.75909
2025-08-19T10:54:16Z	546.00000	1556.01881	1538.89146	1525.75960
2025-08-19T10:54:17Z	546.00000	1556.01969	1538.89347	1525.76143
2025-08-19T10:54:17Z	546.00000	1556.01935	1538.89392	1525.75998
2025-08-19T10:54:17Z	546.00000	1556.02003	1538.89390	1525.75950
2025-08-19T10:54:17Z	547.00000	1556.02105	1538.89541	1525.76021
2025-08-19T10:54:17Z	547.00000	1556.02123	1538.89922	1525.76035
2025-08-19T10:54:17Z	547.00000	1556.02097	1538.90080	1525.76072
2025-08-19T10:54:17Z	547.00000	1556.02355	1538.90180	1525.76048
2025-08-19T10:54:17Z	547.00000	1556.02712	1538.90301	1525.75905
2025-08-19T10:54:17Z	547.00000	1556.02672	1538.90288	1525.75957
2025-08-19T10:54:18Z	547.00000	1556.02823	1538.89970	1525.76038
2025-08-19T10:54:18Z	547.00000	1556.03299	1538.89481	1525.75896
2025-08-19T10:54:18Z	548.00000	1556.03820	1538.89123	1525.76097
2025-08-19T10:54:18Z	548.00000	1556.03901	1538.88921	1525.76124
2025-08-19T10:54:18Z	548.00000	1556.04168	1538.89275	1525.76138
2025-08-19T10:54:18Z	548.00000	1556.03896	1538.89323	1525.76159
2025-08-19T10:54:18Z	548.00000	1556.03793	1538.89359	1525.76056
2025-08-19T10:54:18Z	548.00000	1556.03756	1538.89267	1525.76014
2025-08-19T10:54:18Z	548.00000	1556.03333	1538.89180	1525.76065
2025-08-19T10:54:19Z	548.00000	1556.02967	1538.88875	1525.75730
2025-08-19T10:54:19Z	548.00000	1556.02974	1538.88622	1525.75498
2025-08-19T10:54:19Z	548.00000	1556.03002	1538.88425	1525.75337
2025-08-19T10:54:19Z	549.00000	1556.02850	1538.88398	1525.75353
2025-08-19T10:54:19Z	549.00000	1556.02612	1538.88175	1525.75561
2025-08-19T10:54:19Z	549.00000	1556.02380	1538.88144	1525.75873
2025-08-19T10:54:19Z	549.00000	1556.02347	1538.88012	1525.76034
2025-08-19T10:54:19Z	549.00000	1556.02217	1538.88009	1525.75909
2025-08-19T10:54:19Z	549.00000	1556.02131	1538.88096	1525.76049
2025-08-19T10:54:20Z	549.00000	1556.02064	1538.88224	1525.75917
2025-08-19T10:54:20Z	549.00000	1556.02015	1538.88263	1525.76183
2025-08-19T10:54:20Z	550.00000	1556.01513	1538.87541	1525.74936
2025-08-19T10:54:20Z	550.00000	1556.01374	1538.87504	1525.74896
2025-08-19T10:54:20Z	550.00000	1556.01317	1538.87505	1525.75162
2025-08-19T10:54:20Z	550.00000	1556.01403	1538.87423	1525.75007
2025-08-19T10:54:21Z	550.00000	1556.01106	1538.87071	1525.74460
2025-08-19T10:54:21Z	550.00000	1556.01180	1538.87211	1525.74872
2025-08-19T10:54:21Z	551.00000	1556.01133	1538.87434	1525.74851
2025-08-19T10:54:21Z	551.00000	1556.01119	1538.87431	1525.74896
2025-08-19T10:54:21Z	551.00000	1556.01237	1538.87392	1525.74406
2025-08-19T10:54:21Z	551.00000	1556.01234	1538.87497	1525.74626
2025-08-19T10:54:22Z	551.00000	1556.01076	1538.87189	1525.74325
2025-08-19T10:54:22Z	552.00000	1556.01179	1538.87134	1525.74365
2025-08-19T10:54:22Z	552.00000	1556.01396	1538.87393	1525.75007
2025-08-19T10:54:22Z	552.00000	1556.02510	1538.88366	1525.76040
2025-08-19T10:54:22Z	552.00000	1556.02439	1538.88324	1525.75982
2025-08-19T10:54:23Z	552.00000	1556.02344	1538.88134	1525.76029
2025-08-19T10:54:23Z	552.00000	1556.02153	1538.88267	1525.76026
2025-08-19T10:54:23Z	553.00000	1556.02126	1538.88254	1525.76016
2025-08-19T10:54:23Z	553.00000	1556.02020	1538.88252	1525.75985
2025-08-19T10:54:23Z	553.00000	1556.02077	1538.88240	1525.76000
2025-08-19T10:54:23Z	553.00000	1556.01928	1538.88060	1525.75957
2025-08-19T10:54:23Z	553.00000	1556.02000	1538.88083	1525.76181
2025-08-19T10:54:24Z	553.00000	1556.01642	1538.87819	1525.75651
2025-08-19T10:54:24Z	553.00000	1556.01532	1538.87601	1525.75658
2025-08-19T10:54:24Z	553.00000	1556.01364	1538.87495	1525.75405
2025-08-19T10:54:24Z	554.00000	1556.01365	1538.87586	1525.75407
2025-08-19T10:54:24Z	554.00000	1556.01547	1538.87829	1525.75711
2025-08-19T10:54:24Z	554.00000	1556.01582	1538.87799	1525.75798
2025-08-19T10:54:24Z	554.00000	1556.01279	1538.87556	1525.75699
2025-08-19T10:54:24Z	554.00000	1556.01159	1538.87443	1525.75286
2025-08-19T10:54:24Z	554.00000	1556.01230	1538.87597	1525.75394
2025-08-19T10:54:25Z	554.00000	1556.01508	1538.87821	1525.75620
2025-08-19T10:54:25Z	554.00000	1556.01501	1538.87694	1525.75466
2025-08-19T10:54:25Z	554.00000	1556.01272	1538.87574	1525.75213
2025-08-19T10:54:25Z	555.00000	1556.01242	1538.87598	1525.75006
2025-08-19T10:54:25Z	555.00000	1556.01342	1538.87661	1525.75248
2025-08-19T10:54:25Z	555.00000	1556.01601	1538.87947	1525.75361
2025-08-19T10:54:25Z	555.00000	1556.01657	1538.88053	1525.75471
2025-08-19T10:54:25Z	555.00000	1556.01375	1538.87933	1525.75366
2025-08-19T10:54:25Z	555.00000	1556.01630	1538.88017	1525.75619
2025-08-19T10:54:26Z	555.00000	1556.01448	1538.87800	1525.75553
2025-08-19T10:54:26Z	555.00000	1556.01598	1538.87778	1525.75721
2025-08-19T10:54:26Z	555.00000	1556.01559	1538.87861	1525.75742
2025-08-19T10:54:26Z	556.00000	1556.01591	1538.87870	1525.75610
2025-08-19T10:54:26Z	556.00000	1556.01538	1538.87718	1525.75482
2025-08-19T10:54:26Z	556.00000	1556.01602	1538.87743	1525.75376
2025-08-19T10:54:26Z	556.00000	1556.01826	1538.87930	1525.75625
2025-08-19T10:54:26Z	556.00000	1556.01589	1538.87679	1525.75340
2025-08-19T10:54:26Z	556.00000	1556.01640	1538.87742	1525.75505
2025-08-19T10:54:26Z	556.00000	1556.01719	1538.87859	1525.75689
2025-08-19T10:54:27Z	556.00000	1556.01655	1538.87906	1525.75722
2025-08-19T10:54:27Z	556.00000	1556.01607	1538.87820	1525.75614
2025-08-19T10:54:27Z	556.00000	1556.01479	1538.87587	1525.75422
2025-08-19T10:54:27Z	557.00000	1556.01690	1538.87787	1525.75644
2025-08-19T10:54:27Z	557.00000	1556.01624	1538.87768	1525.75680
2025-08-19T10:54:27Z	557.00000	1556.01674	1538.87809	1525.75768
2025-08-19T10:54:27Z	557.00000	1556.01396	1538.87542	1525.75513
2025-08-19T10:54:27Z	557.00000	1556.01580	1538.87720	1525.75630
2025-08-19T10:54:27Z	557.00000	1556.01589	1538.87793	1525.75732
2025-08-19T10:54:27Z	557.00000	1556.01613	1538.87798	1525.75798
2025-08-19T10:54:28Z	557.00000	1556.01381	1538.87490	1525.75328
2025-08-19T10:54:28Z	557.00000	1556.01628	1538.87780	1525.75765
2025-08-19T10:54:28Z	557.00000	1556.02119	1538.88252	1525.76051
2025-08-19T10:54:28Z	558.00000	1556.02306	1538.88392	1525.76146
2025-08-19T10:54:28Z	558.00000	1556.02187	1538.88354	1525.76036
2025-08-19T10:54:28Z	558.00000	1556.02249	1538.88318	1525.76149
2025-08-19T10:54:28Z	558.00000	1556.02037	1538.88280	1525.76021
2025-08-19T10:54:28Z	558.00000	1556.01588	1538.87965	1525.75960
2025-08-19T10:54:28Z	558.00000	1556.01228	1538.87603	1525.75570
2025-08-19T10:54:28Z	558.00000	1556.01343	1538.87631	1525.75595
2025-08-19T10:54:29Z	558.00000	1556.01382	1538.87621	1525.75913
2025-08-19T10:54:29Z	558.00000	1556.01405	1538.87630	1525.76035
2025-08-19T10:54:29Z	558.00000	1556.01434	1538.87624	1525.75817
2025-08-19T10:54:29Z	559.00000	1556.01307	1538.87541	1525.75781
2025-08-19T10:54:29Z	559.00000	1556.01492	1538.87803	1525.76093
2025-08-19T10:54:29Z	559.00000	1556.01472	1538.87825	1525.75882
2025-08-19T10:54:29Z	559.00000	1556.01533	1538.87879	1525.75923
2025-08-19T10:54:29Z	559.00000	1556.01461	1538.87855	1525.75814
2025-08-19T10:54:29Z	559.00000	1556.01476	1538.87906	1525.75771
2025-08-19T10:54:29Z	559.00000	1556.01459	1538.87807	1525.75656
2025-08-19T10:54:30Z	559.00000	1556.01609	1538.87976	1525.75825
2025-08-19T10:54:30Z	559.00000	1556.01602	1538.87951	1525.75708
2025-08-19T10:54:30Z	559.00000	1556.01558	1538.88007	1525.75583
2025-08-19T10:54:30Z	560.00000	1556.01477	1538.87872	1525.75464
2025-08-19T10:54:30Z	560.00000	1556.01605	1538.88030	1525.75547
2025-08-19T10:54:30Z	560.00000	1556.01505	1538.87964	1525.75452
2025-08-19T10:54:30Z	560.00000	1556.01536	1538.87939	1525.75418
2025-08-19T10:54:30Z	560.00000	1556.01501	1538.87815	1525.75424
2025-08-19T10:54:30Z	560.00000	1556.01567	1538.87858	1525.75408
2025-08-19T10:54:30Z	560.00000	1556.01607	1538.87944	1525.75442
2025-08-19T10:54:31Z	560.00000	1556.01881	1538.88089	1525.75769
2025-08-19T10:54:31Z	560.00000	1556.01563	1538.87710	1525.75350
2025-08-19T10:54:31Z	560.00000	1556.01636	1538.87792	1525.75410
2025-08-19T10:54:31Z	561.00000	1556.01682	1538.87878	1525.75456
2025-08-19T10:54:31Z	561.00000	1556.01746	1538.87919	1525.75617
2025-08-19T10:54:31Z	561.00000	1556.01826	1538.87964	1525.75763
2025-08-19T10:54:31Z	561.00000	1556.01629	1538.87882	1525.75668
2025-08-19T10:54:31Z	561.00000	1556.01621	1538.87830	1525.75607
2025-08-19T10:54:31Z	561.00000	1556.01760	1538.87937	1525.75817
2025-08-19T10:54:31Z	561.00000	1556.01543	1538.87741	1525.75325
2025-08-19T10:54:32Z	561.00000	1556.01766	1538.87923	1525.75795
2025-08-19T10:54:32Z	561.00000	1556.01770	1538.87962	1525.75733
2025-08-19T10:54:32Z	561.00000	1556.01610	1538.87740	1525.75654
2025-08-19T10:54:32Z	562.00000	1556.01621	1538.87728	1525.75671
2025-08-19T10:54:32Z	562.00000	1556.01554	1538.87687	1525.75706
2025-08-19T10:54:32Z	562.00000	1556.01602	1538.87688	1525.76004
2025-08-19T10:54:32Z	562.00000	1556.01682	1538.87746	1525.76027
2025-08-19T10:54:32Z	562.00000	1556.01799	1538.87892	1525.76001
2025-08-19T10:54:32Z	562.00000	1556.01681	1538.87844	1525.76121
2025-08-19T10:54:32Z	562.00000	1556.01557	1538.87760	1525.75862
2025-08-19T10:54:33Z	562.00000	1556.01519	1538.87627	1525.76067
2025-08-19T10:54:33Z	562.00000	1556.01322	1538.87609	1525.75752
2025-08-19T10:54:33Z	562.00000	1556.01504	1538.87830	1525.75820
2025-08-19T10:54:33Z	563.00000	1556.02101	1538.88361	1525.76158
2025-08-19T10:54:33Z	563.00000	1556.02191	1538.88537	1525.76152
2025-08-19T10:54:33Z	563.00000	1556.02237	1538.88609	1525.76119
2025-08-19T10:54:33Z	563.00000	1556.02185	1538.88573	1525.76122
2025-08-19T10:54:33Z	563.00000	1556.01963	1538.88342	1525.76070
2025-08-19T10:54:33Z	563.00000	1556.01643	1538.88025	1525.76022
2025-08-19T10:54:33Z	563.00000	1556.01644	1538.88119	1525.76083
2025-08-19T10:54:34Z	563.00000	1556.01642	1538.88132	1525.75903
2025-08-19T10:54:34Z	563.00000	1556.01774	1538.88173	1525.75989
2025-08-19T10:54:34Z	563.00000	1556.01534	1538.88064	1525.75994
2025-08-19T10:54:34Z	564.00000	1556.01459	1538.88014	1525.76009
2025-08-19T10:54:34Z	564.00000	1556.01602	1538.88166	1525.76031
2025-08-19T10:54:34Z	564.00000	1556.01585	1538.88081	1525.75971
2025-08-19T10:54:34Z	564.00000	1556.01509	1538.87994	1525.75961
2025-08-19T10:54:34Z	564.00000	1556.01511	1538.88015	1525.75980
2025-08-19T10:54:34Z	564.00000	1556.01512	1538.88018	1525.75955
2025-08-19T10:54:34Z	564.00000	1556.01614	1538.88086	1525.75864
2025-08-19T10:54:35Z	564.00000	1556.01641	1538.88087	1525.76038
2025-08-19T10:54:35Z	564.00000	1556.01581	1538.87957	1525.76033
2025-08-19T10:54:35Z	564.00000	1556.01673	1538.88102	1525.76110
2025-08-19T10:54:35Z	565.00000	1556.01741	1538.88121	1525.75924
2025-08-19T10:54:35Z	565.00000	1556.01760	1538.88131	1525.76017
2025-08-19T10:54:35Z	565.00000	1556.01596	1538.87961	1525.76007
2025-08-19T10:54:35Z	565.00000	1556.01553	1538.87993	1525.76050
2025-08-19T10:54:35Z	565.00000	1556.01562	1538.88006	1525.75960
2025-08-19T10:54:35Z	565.00000	1556.01664	1538.88073	1525.75848
2025-08-19T10:54:35Z	565.00000	1556.01628	1538.88010	1525.76019
2025-08-19T10:54:36Z	565.00000	1556.02387	1538.88821	1525.76237
2025-08-19T10:54:36Z	565.00000	1556.01969	1538.88299	1525.76113
2025-08-19T10:54:36Z	565.00000	1556.01847	1538.88201	1525.75975
2025-08-19T10:54:36Z	566.00000	1556.01910	1538.88187	1525.75971
2025-08-19T10:54:36Z	566.00000	1556.01939	1538.88278	1525.76005
2025-08-19T10:54:36Z	566.00000	1556.01908	1538.88203	1525.76145
2025-08-19T10:54:36Z	566.00000	1556.01810	1538.88229	1525.76140
2025-08-19T10:54:36Z	566.00000	1556.01842	1538.88187	1525.75808
2025-08-19T10:54:36Z	566.00000	1556.01909	1538.88183	1525.75924
2025-08-19T10:54:36Z	566.00000	1556.01871	1538.88155	1525.76045
2025-08-19T10:54:37Z	566.00000	1556.01883	1538.88126	1525.76057
2025-08-19T10:54:37Z	566.00000	1556.01939	1538.88238	1525.76051
2025-08-19T10:54:37Z	566.00000	1556.01901	1538.88180	1525.75913
2025-08-19T10:54:37Z	567.00000	1556.01805	1538.88174	1525.75901
2025-08-19T10:54:37Z	567.00000	1556.01901	1538.88176	1525.75958
2025-08-19T10:54:37Z	567.00000	1556.01895	1538.88202	1525.76063
2025-08-19T10:54:37Z	567.00000	1556.01934	1538.88211	1525.75963
2025-08-19T10:54:37Z	567.00000	1556.01896	1538.88103	1525.75979
2025-08-19T10:54:37Z	567.00000	1556.01903	1538.88187	1525.76002
2025-08-19T10:54:37Z	567.00000	1556.01962	1538.88141	1525.76052
2025-08-19T10:54:38Z	567.00000	1556.01914	1538.88089	1525.75973
2025-08-19T10:54:38Z	567.00000	1556.01864	1538.88061	1525.75826
2025-08-19T10:54:38Z	567.00000	1556.01922	1538.88075	1525.75942
2025-08-19T10:54:38Z	568.00000	1556.01981	1538.88076	1525.75906
2025-08-19T10:54:38Z	568.00000	1556.01840	1538.88037	1525.75862
2025-08-19T10:54:38Z	568.00000	1556.02588	1538.88505	1525.76095
2025-08-19T10:54:38Z	568.00000	1556.02567	1538.88360	1525.76108
2025-08-19T10:54:38Z	568.00000	1556.02590	1538.88375	1525.76124
2025-08-19T10:54:38Z	568.00000	1556.02426	1538.88432	1525.76113
2025-08-19T10:54:38Z	568.00000	1556.02540	1538.88484	1525.76151
2025-08-19T10:54:39Z	568.00000	1556.02613	1538.88472	1525.76155
2025-08-19T10:54:39Z	568.00000	1556.02645	1538.88606	1525.76219
2025-08-19T10:54:39Z	568.00000	1556.02573	1538.88514	1525.76162
2025-08-19T10:54:39Z	569.00000	1556.02483	1538.88526	1525.76194
2025-08-19T10:54:39Z	569.00000	1556.02675	1538.88985	1525.76215
2025-08-19T10:54:39Z	569.00000	1556.02593	1538.88817	1525.76233
2025-08-19T10:54:39Z	569.00000	1556.02683	1538.89051	1525.76334
2025-08-19T10:54:39Z	569.00000	1556.02640	1538.89084	1525.76346
2025-08-19T10:54:39Z	569.00000	1556.02674	1538.89106	1525.76198
2025-08-19T10:54:39Z	569.00000	1556.02636	1538.89144	1525.76216
2025-08-19T10:54:40Z	569.00000	1556.02622	1538.89153	1525.76278
2025-08-19T10:54:40Z	569.00000	1556.02620	1538.89164	1525.76447
2025-08-19T10:54:40Z	569.00000	1556.03706	1538.90165	1525.77523
2025-08-19T10:54:40Z	570.00000	1556.03736	1538.90171	1525.77534
2025-08-19T10:54:40Z	570.00000	1556.04753	1538.91167	1525.78526
2025-08-19T10:54:40Z	570.00000	1556.08793	1538.95213	1525.82475
2025-08-19T10:54:40Z	570.00000	1556.08565	1538.94927	1525.82550
2025-08-19T10:54:40Z	570.00000	1556.09349	1538.95393	1525.83009
2025-08-19T10:54:40Z	570.00000	1556.02652	1538.89112	1525.76329
2025-08-19T10:54:40Z	570.00000	1556.15444	1539.01326	1525.88685
2025-08-19T10:54:41Z	570.00000	1556.18804	1539.04653	1525.92211
2025-08-19T10:54:41Z	570.00000	1556.22215	1539.08307	1525.95530
2025-08-19T10:54:41Z	570.00000	1556.21356	1539.07301	1525.94783
2025-08-19T10:54:41Z	571.00000	1556.22100	1539.08197	1525.95576
2025-08-19T10:54:41Z	571.00000	1556.24060	1539.09693	1525.96972
2025-08-19T10:54:41Z	571.00000	1556.22725	1539.08708	1525.95749
2025-08-19T10:54:41Z	571.00000	1556.23348	1539.09666	1525.96470
2025-08-19T10:54:41Z	571.00000	1556.22402	1539.08377	1525.95441
2025-08-19T10:54:41Z	571.00000	1556.21262	1539.07456	1525.94521
2025-08-19T10:54:41Z	571.00000	1556.24257	1539.10042	1525.97198
2025-08-19T10:54:42Z	571.00000	1556.25391	1539.11123	1525.98263
2025-08-19T10:54:42Z	571.00000	1556.22116	1539.08187	1525.95374
2025-08-19T10:54:42Z	571.00000	1556.22075	1539.08109	1525.95492
2025-08-19T10:54:42Z	572.00000	1556.24489	1539.10650	1525.97605
2025-08-19T10:54:42Z	572.00000	1556.28668	1539.14736	1526.01962
2025-08-19T10:54:42Z	572.00000	1556.26857	1539.12917	1526.00094
2025-08-19T10:54:42Z	572.00000	1556.16441	1539.02208	1525.89924
2025-08-19T10:54:42Z	572.00000	1556.19518	1539.05314	1525.92632
2025-08-19T10:54:42Z	572.00000	1556.18572	1539.04612	1525.91313
2025-08-19T10:54:42Z	572.00000	1556.17807	1539.03506	1525.90657
2025-08-19T10:54:43Z	572.00000	1556.18305	1539.04176	1525.91116
2025-08-19T10:54:43Z	572.00000	1556.18157	1539.03878	1525.91043
2025-08-19T10:54:43Z	572.00000	1556.17942	1539.03703	1525.90933
2025-08-19T10:54:43Z	573.00000	1556.17881	1539.03588	1525.90811
2025-08-19T10:54:43Z	573.00000	1556.18480	1539.03882	1525.91128
2025-08-19T10:54:43Z	573.00000	1556.18704	1539.03993	1525.91131
2025-08-19T10:54:43Z	573.00000	1556.18792	1539.04388	1525.91756
2025-08-19T10:54:43Z	573.00000	1556.18502	1539.03739	1525.90918
2025-08-19T10:54:43Z	573.00000	1556.18787	1539.04229	1525.91732
2025-08-19T10:54:43Z	573.00000	1556.18499	1539.03997	1525.91222
2025-08-19T10:54:44Z	573.00000	1556.18521	1539.03993	1525.91217
2025-08-19T10:54:44Z	573.00000	1556.18456	1539.04252	1525.91623
2025-08-19T10:54:44Z	573.00000	1556.18441	1539.03930	1525.91242
2025-08-19T10:54:44Z	574.00000	1556.18371	1539.03977	1525.91345
2025-08-19T10:54:44Z	574.00000	1556.18332	1539.03939	1525.91164
2025-08-19T10:54:44Z	574.00000	1556.18367	1539.03919	1525.91175
2025-08-19T10:54:44Z	574.00000	1556.18687	1539.04386	1525.91692
2025-08-19T10:54:44Z	574.00000	1556.18624	1539.03993	1525.90966
2025-08-19T10:54:44Z	574.00000	1556.18942	1539.04872	1525.91311
2025-08-19T10:54:44Z	574.00000	1556.19055	1539.05043	1525.91130
2025-08-19T10:54:45Z	574.00000	1556.18917	1539.04890	1525.90770
2025-08-19T10:54:45Z	574.00000	1556.19255	1539.05276	1525.90791
2025-08-19T10:54:45Z	574.00000	1556.19415	1539.05559	1525.90861
2025-08-19T10:54:45Z	575.00000	1556.19648	1539.05315	1525.90877
2025-08-19T10:54:45Z	575.00000	1556.19363	1539.04743	1525.90749
2025-08-19T10:54:45Z	575.00000	1556.19669	1539.04700	1525.90929
2025-08-19T10:54:45Z	575.00000	1556.19752	1539.04623	1525.90909
2025-08-19T10:54:45Z	575.00000	1556.19716	1539.04431	1525.90942
2025-08-19T10:54:45Z	575.00000	1556.19549	1539.04071	1525.90697
2025-08-19T10:54:45Z	575.00000	1556.19717	1539.04410	1525.90989
2025-08-19T10:54:46Z	575.00000	1556.19497	1539.04237	1525.91000
2025-08-19T10:54:46Z	575.00000	1556.19398	1539.04311	1525.91042
2025-08-19T10:54:46Z	575.00000	1556.19037	1539.03836	1525.90912
2025-08-19T10:54:46Z	576.00000	1556.18835	1539.03813	1525.90758
2025-08-19T10:54:46Z	576.00000	1556.18885	1539.03873	1525.90794
2025-08-19T10:54:46Z	576.00000	1556.18745	1539.03811	1525.91002
2025-08-19T10:54:46Z	576.00000	1556.18249	1539.03558	1525.90613
2025-08-19T10:54:46Z	576.00000	1556.18273	1539.03696	1525.90673
2025-08-19T10:54:46Z	576.00000	1556.18648	1539.04309	1525.91277
2025-08-19T10:54:46Z	576.00000	1556.18230	1539.03770	1525.90947
2025-08-19T10:54:47Z	576.00000	1556.17988	1539.03556	1525.90679
2025-08-19T10:54:47Z	576.00000	1556.18080	1539.03689	1525.90862
2025-08-19T10:54:47Z	576.00000	1556.17746	1539.03620	1525.90541
2025-08-19T10:54:47Z	577.00000	1556.18009	1539.03606	1525.90829
2025-08-19T10:54:47Z	577.00000	1556.17728	1539.03590	1525.90650
2025-08-19T10:54:47Z	577.00000	1556.17613	1539.03430	1525.90505
2025-08-19T10:54:47Z	577.00000	1556.18010	1539.03703	1525.90939
2025-08-19T10:54:47Z	577.00000	1556.17978	1539.03581	1525.90683
2025-08-19T10:54:47Z	577.00000	1556.18573	1539.04577	1525.92042
2025-08-19T10:54:47Z	577.00000	1556.18161	1539.03842	1525.90977
2025-08-19T10:54:48Z	577.00000	1556.17959	1539.03663	1525.90722
2025-08-19T10:54:48Z	577.00000	1556.18264	1539.03930	1525.91043
2025-08-19T10:54:48Z	577.00000	1556.18189	1539.03872	1525.90960
2025-08-19T10:54:48Z	578.00000	1556.16835	1539.02951	1525.90335
2025-08-19T10:54:48Z	578.00000	1556.17770	1539.03556	1525.90632
2025-08-19T10:54:48Z	578.00000	1556.18328	1539.04091	1525.91105
2025-08-19T10:54:48Z	578.00000	1556.18042	1539.03813	1525.90878
2025-08-19T10:54:48Z	578.00000	1556.17990	1539.03719	1525.90930
2025-08-19T10:54:48Z	578.00000	1556.18134	1539.04093	1525.91157
2025-08-19T10:54:48Z	578.00000	1556.18183	1539.03861	1525.90939
2025-08-19T10:54:49Z	578.00000	1556.18238	1539.04037	1525.91167
2025-08-19T10:54:49Z	578.00000	1556.18176	1539.03905	1525.91002
2025-08-19T10:54:49Z	578.00000	1556.17647	1539.03642	1525.90691
2025-08-19T10:54:49Z	579.00000	1556.17827	1539.03659	1525.90748
2025-08-19T10:54:49Z	579.00000	1556.17960	1539.03786	1525.90768
2025-08-19T10:54:49Z	579.00000	1556.17999	1539.03790	1525.90749
2025-08-19T10:54:49Z	579.00000	1556.17985	1539.03845	1525.90900
2025-08-19T10:54:49Z	579.00000	1556.17980	1539.03845	1525.90879
2025-08-19T10:54:49Z	579.00000	1556.18118	1539.03915	1525.90953
2025-08-19T10:54:49Z	579.00000	1556.17710	1539.03665	1525.90774
2025-08-19T10:54:50Z	579.00000	1556.17439	1539.03605	1525.90685
2025-08-19T10:54:50Z	579.00000	1556.18001	1539.03846	1525.91005
2025-08-19T10:54:50Z	579.00000	1556.17514	1539.03681	1525.90717
2025-08-19T10:54:50Z	580.00000	1556.18054	1539.04071	1525.90870
2025-08-19T10:54:50Z	580.00000	1556.17619	1539.03765	1525.90628
2025-08-19T10:54:50Z	580.00000	1556.17954	1539.03801	1525.90693
2025-08-19T10:54:50Z	580.00000	1556.17857	1539.03681	1525.90670
2025-08-19T10:54:50Z	580.00000	1556.17980	1539.03743	1525.90759
2025-08-19T10:54:50Z	580.00000	1556.17762	1539.03770	1525.90678
2025-08-19T10:54:50Z	580.00000	1556.17824	1539.03713	1525.90711
2025-08-19T10:54:51Z	580.00000	1556.17907	1539.03802	1525.90792
2025-08-19T10:54:51Z	580.00000	1556.18202	1539.04026	1525.91035
2025-08-19T10:54:51Z	580.00000	1556.18047	1539.03785	1525.90931
2025-08-19T10:54:51Z	581.00000	1556.17744	1539.03627	1525.90773
2025-08-19T10:54:51Z	581.00000	1556.17891	1539.03749	1525.90788
2025-08-19T10:54:51Z	581.00000	1556.17888	1539.03671	1525.90836
2025-08-19T10:54:51Z	581.00000	1556.17584	1539.03674	1525.90680
2025-08-19T10:54:51Z	581.00000	1556.17523	1539.03602	1525.90645
2025-08-19T10:54:51Z	581.00000	1556.17561	1539.03588	1525.90721
2025-08-19T10:54:51Z	581.00000	1556.17710	1539.03620	1525.90767
2025-08-19T10:54:52Z	581.00000	1556.17968	1539.03810	1525.90822
2025-08-19T10:54:52Z	581.00000	1556.17846	1539.03648	1525.90732
2025-08-19T10:54:52Z	581.00000	1556.17653	1539.03568	1525.90847
2025-08-19T10:54:52Z	582.00000	1556.17719	1539.03641	1525.90719
2025-08-19T10:54:52Z	582.00000	1556.17811	1539.03684	1525.90921
2025-08-19T10:54:52Z	582.00000	1556.17621	1539.03662	1525.90697
2025-08-19T10:54:52Z	582.00000	1556.17789	1539.03787	1525.90966
2025-08-19T10:54:52Z	582.00000	1556.17669	1539.03659	1525.90811
2025-08-19T10:54:52Z	582.00000	1556.17824	1539.03806	1525.90864
2025-08-19T10:54:52Z	582.00000	1556.17886	1539.03786	1525.90854
2025-08-19T10:54:53Z	582.00000	1556.17781	1539.03814	1525.90874
2025-08-19T10:54:53Z	582.00000	1556.17975	1539.03864	1525.90900
2025-08-19T10:54:53Z	582.00000	1556.17602	1539.03655	1525.90760
2025-08-19T10:54:53Z	583.00000	1556.17454	1539.03628	1525.90706
2025-08-19T10:54:53Z	583.00000	1556.17828	1539.03711	1525.90833
2025-08-19T10:54:53Z	583.00000	1556.17900	1539.03741	1525.90838
2025-08-19T10:54:53Z	583.00000	1556.17675	1539.03627	1525.90817
2025-08-19T10:54:53Z	583.00000	1556.17198	1539.03434	1525.90530
2025-08-19T10:54:53Z	583.00000	1556.17538	1539.03530	1525.90735
2025-08-19T10:54:53Z	583.00000	1556.17954	1539.03703	1525.90786
2025-08-19T10:54:54Z	583.00000	1556.18030	1539.03778	1525.90839
2025-08-19T10:54:54Z	583.00000	1556.17974	1539.03813	1525.90953
2025-08-19T10:54:54Z	583.00000	1556.18051	1539.03830	1525.90926
2025-08-19T10:54:54Z	584.00000	1556.18003	1539.03708	1525.90824
2025-08-19T10:54:54Z	584.00000	1556.17574	1539.03654	1525.90687
2025-08-19T10:54:54Z	584.00000	1556.17668	1539.03630	1525.90625
2025-08-19T10:54:54Z	584.00000	1556.17942	1539.03752	1525.90906
2025-08-19T10:54:54Z	584.00000	1556.17837	1539.03625	1525.90703
2025-08-19T10:54:54Z	584.00000	1556.17653	1539.03659	1525.90738
2025-08-19T10:54:54Z	584.00000	1556.17758	1539.03652	1525.90672
2025-08-19T10:54:55Z	584.00000	1556.17805	1539.03682	1525.90809
2025-08-19T10:54:55Z	584.00000	1556.17605	1539.03660	1525.90680
2025-08-19T10:54:55Z	584.00000	1556.17824	1539.03704	1525.90770
2025-08-19T10:54:55Z	585.00000	1556.17620	1539.03619	1525.90696
2025-08-19T10:54:55Z	585.00000	1556.18106	1539.03952	1525.90833
2025-08-19T10:54:55Z	585.00000	1556.17765	1539.03665	1525.90670
2025-08-19T10:54:55Z	585.00000	1556.17705	1539.03738	1525.90934
2025-08-19T10:54:55Z	585.00000	1556.17705	1539.03634	1525.90808
2025-08-19T10:54:55Z	585.00000	1556.17958	1539.03724	1525.90841
2025-08-19T10:54:55Z	585.00000	1556.18031	1539.03794	1525.90842
2025-08-19T10:54:56Z	585.00000	1556.17934	1539.03746	1525.90838
2025-08-19T10:54:56Z	585.00000	1556.17368	1539.03489	1525.90576
2025-08-19T10:54:56Z	585.00000	1556.17478	1539.03488	1525.90559
2025-08-19T10:54:56Z	586.00000	1556.17437	1539.03489	1525.90619
2025-08-19T10:54:56Z	586.00000	1556.17905	1539.03674	1525.90698
2025-08-19T10:54:56Z	586.00000	1556.17701	1539.03528	1525.90662
2025-08-19T10:54:56Z	586.00000	1556.17967	1539.03705	1525.90848
2025-08-19T10:54:56Z	586.00000	1556.17688	1539.03524	1525.90640
2025-08-19T10:54:56Z	586.00000	1556.17561	1539.03531	1525.90651
2025-08-19T10:54:56Z	586.00000	1556.17787	1539.03492	1525.90749
2025-08-19T10:54:57Z	586.00000	1556.18060	1539.03792	1525.90920
2025-08-19T10:54:57Z	586.00000	1556.17689	1539.03539	1525.90710
2025-08-19T10:54:57Z	586.00000	1556.17386	1539.03411	1525.90545
2025-08-19T10:54:57Z	587.00000	1556.18021	1539.03786	1525.90899
2025-08-19T10:54:57Z	587.00000	1556.17970	1539.03734	1525.90851
2025-08-19T10:54:57Z	587.00000	1556.17472	1539.03473	1525.90618
2025-08-19T10:54:57Z	587.00000	1556.18113	1539.03838	1525.90850
2025-08-19T10:54:57Z	587.00000	1556.17505	1539.03598	1525.90674
2025-08-19T10:54:57Z	587.00000	1556.17919	1539.03662	1525.90812
2025-08-19T10:54:57Z	587.00000	1556.18468	1539.04521	1525.91741
2025-08-19T10:54:58Z	587.00000	1556.17499	1539.03629	1525.90650
2025-08-19T10:54:58Z	587.00000	1556.18009	1539.03692	1525.90957
2025-08-19T10:54:58Z	587.00000	1556.17854	1539.03566	1525.90695
2025-08-19T10:54:58Z	588.00000	1556.18013	1539.03806	1525.90883
2025-08-19T10:54:58Z	588.00000	1556.17585	1539.03612	1525.90851
2025-08-19T10:54:58Z	588.00000	1556.16858	1539.02686	1525.90245
2025-08-19T10:54:58Z	588.00000	1556.17005	1539.03004	1525.90547
2025-08-19T10:54:58Z	588.00000	1556.17236	1539.03469	1525.90593
2025-08-19T10:54:58Z	588.00000	1556.17923	1539.03659	1525.90718
2025-08-19T10:54:58Z	588.00000	1556.18257	1539.04275	1525.91410
2025-08-19T10:54:59Z	588.00000	1556.17612	1539.03627	1525.90663
2025-08-19T10:54:59Z	588.00000	1556.17648	1539.03553	1525.90720
2025-08-19T10:54:59Z	588.00000	1556.18049	1539.03799	1525.90863
2025-08-19T10:54:59Z	589.00000	1556.17709	1539.03573	1525.90692
2025-08-19T10:54:59Z	589.00000	1556.18247	1539.03967	1525.90935
2025-08-19T10:54:59Z	589.00000	1556.17876	1539.03650	1525.90696
2025-08-19T10:54:59Z	589.00000	1556.18078	1539.03788	1525.90837
2025-08-19T10:54:59Z	589.00000	1556.18417	1539.04199	1525.91163
2025-08-19T10:54:59Z	589.00000	1556.18213	1539.03913	1525.90923
2025-08-19T10:54:59Z	589.00000	1556.17908	1539.03650	1525.90778
2025-08-19T10:55:00Z	589.00000	1556.17677	1539.03580	1525.90649
2025-08-19T10:55:00Z	589.00000	1556.18046	1539.03805	1525.90931
2025-08-19T10:55:00Z	589.00000	1556.17790	1539.03596	1525.90734
2025-08-19T10:55:00Z	590.00000	1556.17986	1539.03659	1525.90827
2025-08-19T10:55:00Z	590.00000	1556.17700	1539.03701	1525.90878
2025-08-19T10:55:00Z	590.00000	1556.17202	1539.03340	1525.90454
2025-08-19T10:55:00Z	590.00000	1556.18040	1539.03681	1525.90834
2025-08-19T10:55:00Z	590.00000	1556.18108	1539.03876	1525.90965
2025-08-19T10:55:00Z	590.00000	1556.17598	1539.03552	1525.90598
2025-08-19T10:55:00Z	590.00000	1556.18012	1539.03684	1525.90851
2025-08-19T10:55:01Z	590.00000	1556.17988	1539.03718	1525.90833
2025-08-19T10:55:01Z	590.00000	1556.17465	1539.03514	1525.90603
2025-08-19T10:55:01Z	590.00000	1556.17977	1539.03662	1525.90750
2025-08-19T10:55:01Z	591.00000	1556.17820	1539.03655	1525.90723
2025-08-19T10:55:01Z	591.00000	1556.17953	1539.03680	1525.90750
2025-08-19T10:55:01Z	591.00000	1556.17634	1539.03654	1525.90735
2025-08-19T10:55:01Z	591.00000	1556.17859	1539.03685	1525.90814
2025-08-19T10:55:01Z	591.00000	1556.17559	1539.03639	1525.90611
2025-08-19T10:55:01Z	591.00000	1556.18006	1539.03620	1525.90685
2025-08-19T10:55:01Z	591.00000	1556.18236	1539.03975	1525.90911
2025-08-19T10:55:02Z	591.00000	1556.17803	1539.03657	1525.90830
2025-08-19T10:55:02Z	591.00000	1556.18103	1539.03802	1525.90936
2025-08-19T10:55:02Z	591.00000	1556.18328	1539.04166	1525.91121
2025-08-19T10:55:02Z	592.00000	1556.18345	1539.04030	1525.91041
2025-08-19T10:55:02Z	592.00000	1556.17426	1539.03409	1525.90643
2025-08-19T10:55:02Z	592.00000	1556.17341	1539.03467	1525.90511
2025-08-19T10:55:02Z	592.00000	1556.16821	1539.02588	1525.90347
2025-08-19T10:55:02Z	592.00000	1556.18329	1539.03920	1525.91004
2025-08-19T10:55:02Z	592.00000	1556.17519	1539.03405	1525.90351
2025-08-19T10:55:02Z	592.00000	1556.17850	1539.03517	1525.90660
2025-08-19T10:55:03Z	592.00000	1556.17657	1539.03622	1525.90700
2025-08-19T10:55:03Z	592.00000	1556.17979	1539.03647	1525.90734
2025-08-19T10:55:03Z	592.00000	1556.18079	1539.03761	1525.90822
2025-08-19T10:55:03Z	593.00000	1556.18128	1539.03786	1525.90908
2025-08-19T10:55:03Z	593.00000	1556.18104	1539.03696	1525.90795
2025-08-19T10:55:03Z	593.00000	1556.18114	1539.03655	1525.90708
2025-08-19T10:55:03Z	593.00000	1556.18090	1539.03675	1525.90750
2025-08-19T10:55:03Z	593.00000	1556.18181	1539.03696	1525.90860
2025-08-19T10:55:03Z	593.00000	1556.18100	1539.03657	1525.90752
2025-08-19T10:55:03Z	593.00000	1556.17628	1539.03446	1525.90551
2025-08-19T10:55:04Z	593.00000	1556.18140	1539.03702	1525.90842
2025-08-19T10:55:04Z	593.00000	1556.18208	1539.03731	1525.90921
2025-08-19T10:55:04Z	594.00000	1556.18079	1539.03702	1525.90858
2025-08-19T10:55:04Z	594.00000	1556.18042	1539.03641	1525.90688
2025-08-19T10:55:04Z	594.00000	1556.19193	1539.05018	1525.92294
2025-08-19T10:55:04Z	594.00000	1556.18459	1539.04165	1525.91162
2025-08-19T10:55:04Z	594.00000	1556.17902	1539.03576	1525.90563
2025-08-19T10:55:04Z	594.00000	1556.18422	1539.03955	1525.91097
2025-08-19T10:55:05Z	594.00000	1556.18416	1539.03857	1525.91028
2025-08-19T10:55:05Z	594.00000	1556.18004	1539.03696	1525.90824
2025-08-19T10:55:05Z	594.00000	1556.18312	1539.03783	1525.90799
2025-08-19T10:55:05Z	595.00000	1556.18369	1539.03871	1525.90824
2025-08-19T10:55:05Z	595.00000	1556.18173	1539.03669	1525.90680
2025-08-19T10:55:05Z	595.00000	1556.18096	1539.03613	1525.90745
2025-08-19T10:55:05Z	595.00000	1556.18382	1539.03819	1525.90870
2025-08-19T10:55:06Z	595.00000	1556.21885	1539.07433	1525.94850
2025-08-19T10:55:06Z	595.00000	1556.26747	1539.12363	1525.99799
2025-08-19T10:55:06Z	595.00000	1556.28410	1539.13846	1526.01212
2025-08-19T10:55:06Z	596.00000	1556.28413	1539.13637	1526.01076
2025-08-19T10:55:06Z	596.00000	1556.28375	1539.13463	1526.01025
2025-08-19T10:55:06Z	596.00000	1556.27900	1539.13069	1526.00771
2025-08-19T10:55:06Z	596.00000	1556.33011	1539.18061	1526.05650
2025-08-19T10:55:07Z	596.00000	1556.35770	1539.20641	1526.08117
2025-08-19T10:55:07Z	596.00000	1556.38387	1539.23691	1526.10741
2025-08-19T10:55:07Z	597.00000	1556.39455	1539.24871	1526.12257
2025-08-19T10:55:07Z	597.00000	1556.44341	1539.29845	1526.17670
2025-08-19T10:55:07Z	597.00000	1556.42972	1539.28418	1526.16155
2025-08-19T10:55:07Z	597.00000	1556.43852	1539.29286	1526.16896
2025-08-19T10:55:08Z	597.00000	1556.44465	1539.30102	1526.17957
2025-08-19T10:55:08Z	597.00000	1556.40591	1539.26209	1526.13751
2025-08-19T10:55:08Z	598.00000	1556.37743	1539.23482	1526.10711
2025-08-19T10:55:08Z	598.00000	1556.31775	1539.17316	1526.05593
2025-08-19T10:55:08Z	598.00000	1556.33252	1539.18849	1526.07192
2025-08-19T10:55:08Z	598.00000	1556.32832	1539.18433	1526.05795
2025-08-19T10:55:09Z	598.00000	1556.32685	1539.18135	1526.05786
2025-08-19T10:55:09Z	599.00000	1556.32534	1539.17824	1526.05648
2025-08-19T10:55:09Z	599.00000	1556.32372	1539.17548	1526.05632
2025-08-19T10:55:09Z	599.00000	1556.32779	1539.17919	1526.05714
2025-08-19T10:55:09Z	599.00000	1556.32685	1539.17763	1526.05733
2025-08-19T10:55:10Z	599.00000	1556.32686	1539.17756	1526.05623
2025-08-19T10:55:10Z	599.00000	1556.32724	1539.17881	1526.05561
2025-08-19T10:55:10Z	600.00000	1556.32509	1539.17322	1526.05579
2025-08-19T10:55:10Z	600.00000	1556.32955	1539.17337	1526.05719
2025-08-19T10:55:10Z	600.00000	1556.32867	1539.17278	1526.05560
2025-08-19T10:55:10Z	600.00000	1556.32835	1539.17301	1526.05664
2025-08-19T10:55:11Z	600.00000	1556.32205	1539.17246	1526.05658
2025-08-19T10:55:11Z	600.00000	1556.31765	1539.17271	1526.05651
2025-08-19T10:55:11Z	601.00000	1556.31408	1539.17212	1526.05283
2025-08-19T10:55:11Z	601.00000	1556.31432	1539.17199	1526.05290
2025-08-19T10:55:11Z	601.00000	1556.31437	1539.17217	1526.05413
2025-08-19T10:55:11Z	601.00000	1556.31530	1539.17312	1526.05644
2025-08-19T10:55:11Z	601.00000	1556.31408	1539.17183	1526.05297
2025-08-19T10:55:12Z	601.00000	1556.31381	1539.17236	1526.05301
2025-08-19T10:55:12Z	601.00000	1556.31453	1539.17378	1526.05557
2025-08-19T10:55:12Z	601.00000	1556.31163	1539.17216	1526.04916
2025-08-19T10:55:12Z	602.00000	1556.30561	1539.16966	1526.04396
2025-08-19T10:55:12Z	602.00000	1556.31423	1539.17885	1526.05588
2025-08-19T10:55:12Z	602.00000	1556.31435	1539.17881	1526.05462
2025-08-19T10:55:12Z	602.00000	1556.31431	1539.18143	1526.05616
2025-08-19T10:55:12Z	602.00000	1556.31544	1539.18262	1526.05660
2025-08-19T10:55:12Z	602.00000	1556.32016	1539.18546	1526.05539
2025-08-19T10:55:13Z	602.00000	1556.32150	1539.18783	1526.05697
2025-08-19T10:55:13Z	602.00000	1556.32015	1539.18561	1526.05524
2025-08-19T10:55:13Z	603.00000	1556.32127	1539.18712	1526.05528
2025-08-19T10:55:13Z	603.00000	1556.31895	1539.18530	1526.05709
2025-08-19T10:55:13Z	603.00000	1556.31997	1539.18639	1526.05584
2025-08-19T10:55:13Z	603.00000	1556.31769	1539.18408	1526.05592
2025-08-19T10:55:13Z	603.00000	1556.31586	1539.18194	1526.05625
2025-08-19T10:55:14Z	603.00000	1556.31802	1539.18166	1526.05616
2025-08-19T10:55:14Z	603.00000	1556.31772	1539.17983	1526.05600
2025-08-19T10:55:14Z	604.00000	1556.31674	1539.17525	1526.05564
2025-08-19T10:55:14Z	604.00000	1556.31685	1539.17382	1526.05559
2025-08-19T10:55:14Z	604.00000	1556.31532	1539.17324	1526.05619
2025-08-19T10:55:14Z	604.00000	1556.31515	1539.17271	1526.05580
2025-08-19T10:55:14Z	604.00000	1556.31395	1539.17166	1526.05380
2025-08-19T10:55:14Z	604.00000	1556.32157	1539.17361	1526.05546
2025-08-19T10:55:15Z	604.00000	1556.31733	1539.17325	1526.05604
2025-08-19T10:55:15Z	604.00000	1556.31408	1539.17293	1526.05482
2025-08-19T10:55:15Z	604.00000	1556.31443	1539.17275	1526.05514
2025-08-19T10:55:15Z	605.00000	1556.31513	1539.17327	1526.05555
2025-08-19T10:55:15Z	605.00000	1556.31445	1539.17292	1526.05703
2025-08-19T10:55:15Z	605.00000	1556.31448	1539.17235	1526.05470
2025-08-19T10:55:15Z	605.00000	1556.31434	1539.17254	1526.05497
2025-08-19T10:55:15Z	605.00000	1556.31378	1539.17210	1526.05455
2025-08-19T10:55:15Z	605.00000	1556.31447	1539.17250	1526.05486
2025-08-19T10:55:16Z	605.00000	1556.31441	1539.17271	1526.05526
2025-08-19T10:55:16Z	605.00000	1556.31437	1539.17276	1526.05649
2025-08-19T10:55:16Z	606.00000	1556.31422	1539.17250	1526.05566
2025-08-19T10:55:16Z	606.00000	1556.31397	1539.17175	1526.05402
2025-08-19T10:55:16Z	606.00000	1556.31615	1539.17230	1526.05628
2025-08-19T10:55:16Z	606.00000	1556.31394	1539.17202	1526.05427
2025-08-19T10:55:16Z	606.00000	1556.31496	1539.17208	1526.05484
2025-08-19T10:55:16Z	606.00000	1556.31596	1539.17223	1526.05604
2025-08-19T10:55:16Z	606.00000	1556.31622	1539.17242	1526.05505
2025-08-19T10:55:17Z	606.00000	1556.31890	1539.17280	1526.05561
2025-08-19T10:55:17Z	606.00000	1556.31827	1539.17279	1526.05530
2025-08-19T10:55:17Z	606.00000	1556.31727	1539.17214	1526.05541
2025-08-19T10:55:17Z	607.00000	1556.32061	1539.17317	1526.05512
2025-08-19T10:55:17Z	607.00000	1556.31664	1539.17201	1526.05463
2025-08-19T10:55:17Z	607.00000	1556.31805	1539.17211	1526.05550
2025-08-19T10:55:17Z	607.00000	1556.31807	1539.17211	1526.05489
2025-08-19T10:55:17Z	607.00000	1556.31738	1539.17216	1526.05500
2025-08-19T10:55:17Z	607.00000	1556.31920	1539.17251	1526.05576
2025-08-19T10:55:17Z	607.00000	1556.31755	1539.17165	1526.05437
2025-08-19T10:55:18Z	607.00000	1556.31901	1539.17215	1526.05452
2025-08-19T10:55:18Z	607.00000	1556.31812	1539.17216	1526.05518
2025-08-19T10:55:18Z	607.00000	1556.31959	1539.17212	1526.05538
2025-08-19T10:55:18Z	608.00000	1556.31637	1539.17176	1526.05326
2025-08-19T10:55:18Z	608.00000	1556.32093	1539.17307	1526.05614
2025-08-19T10:55:18Z	608.00000	1556.31979	1539.17256	1526.05600
2025-08-19T10:55:18Z	608.00000	1556.31885	1539.17239	1526.05466
2025-08-19T10:55:18Z	608.00000	1556.31591	1539.17200	1526.05312
2025-08-19T10:55:18Z	608.00000	1556.31851	1539.17291	1526.05432
2025-08-19T10:55:18Z	608.00000	1556.32134	1539.17587	1526.05682
2025-08-19T10:55:19Z	608.00000	1556.32267	1539.17696	1526.05541
2025-08-19T10:55:19Z	608.00000	1556.32322	1539.17896	1526.05652
2025-08-19T10:55:19Z	608.00000	1556.32327	1539.17978	1526.05494
2025-08-19T10:55:19Z	609.00000	1556.32438	1539.17998	1526.05570
2025-08-19T10:55:19Z	609.00000	1556.32311	1539.17795	1526.05749
2025-08-19T10:55:19Z	609.00000	1556.32187	1539.17688	1526.05522
2025-08-19T10:55:19Z	609.00000	1556.32213	1539.17472	1526.05560
2025-08-19T10:55:19Z	609.00000	1556.32056	1539.17600	1526.05620
2025-08-19T10:55:19Z	609.00000	1556.32165	1539.17571	1526.05506
2025-08-19T10:55:19Z	609.00000	1556.31963	1539.17560	1526.05475
2025-08-19T10:55:20Z	609.00000	1556.31972	1539.17620	1526.05624
2025-08-19T10:55:20Z	609.00000	1556.31782	1539.17317	1526.05608
2025-08-19T10:55:20Z	609.00000	1556.31794	1539.17350	1526.05561
2025-08-19T10:55:20Z	610.00000	1556.31815	1539.17347	1526.05527
2025-08-19T10:55:20Z	610.00000	1556.31864	1539.17399	1526.05637
2025-08-19T10:55:20Z	610.00000	1556.31908	1539.17342	1526.05595
2025-08-19T10:55:20Z	610.00000	1556.32162	1539.17390	1526.05658
2025-08-19T10:55:20Z	610.00000	1556.31996	1539.17354	1526.05558
2025-08-19T10:55:20Z	610.00000	1556.31896	1539.17220	1526.05493
2025-08-19T10:55:20Z	610.00000	1556.31685	1539.17213	1526.05642
2025-08-19T10:55:21Z	610.00000	1556.31548	1539.17189	1526.05478
2025-08-19T10:55:21Z	610.00000	1556.31489	1539.17187	1526.05462
2025-08-19T10:55:21Z	610.00000	1556.31459	1539.17173	1526.05542
2025-08-19T10:55:21Z	611.00000	1556.31502	1539.17196	1526.05481
2025-08-19T10:55:21Z	611.00000	1556.31639	1539.17225	1526.05497
2025-08-19T10:55:21Z	611.00000	1556.31591	1539.17190	1526.05597
2025-08-19T10:55:21Z	611.00000	1556.31452	1539.17186	1526.05390
2025-08-19T10:55:21Z	611.00000	1556.31437	1539.17265	1526.05351
2025-08-19T10:55:21Z	611.00000	1556.31472	1539.17169	1526.05422
2025-08-19T10:55:21Z	611.00000	1556.31564	1539.17193	1526.05403
2025-08-19T10:55:22Z	611.00000	1556.31556	1539.17222	1526.05402
2025-08-19T10:55:22Z	611.00000	1556.31441	1539.17181	1526.05224
2025-08-19T10:55:22Z	611.00000	1556.31439	1539.17208	1526.05268
2025-08-19T10:55:22Z	612.00000	1556.31428	1539.17222	1526.05156
2025-08-19T10:55:22Z	612.00000	1556.31450	1539.17194	1526.05354
2025-08-19T10:55:22Z	612.00000	1556.31421	1539.17150	1526.05220
2025-08-19T10:55:22Z	612.00000	1556.31456	1539.17201	1526.05333
2025-08-19T10:55:22Z	612.00000	1556.31403	1539.17124	1526.04676
2025-08-19T10:55:22Z	612.00000	1556.31424	1539.17174	1526.05066
2025-08-19T10:55:22Z	612.00000	1556.31454	1539.17111	1526.04808
2025-08-19T10:55:23Z	612.00000	1556.31365	1539.17080	1526.04897
2025-08-19T10:55:23Z	612.00000	1556.31444	1539.17233	1526.05187
2025-08-19T10:55:23Z	612.00000	1556.31413	1539.17196	1526.04899
2025-08-19T10:55:23Z	613.00000	1556.31341	1539.16964	1526.04549
2025-08-19T10:55:23Z	613.00000	1556.31402	1539.17049	1526.04614
2025-08-19T10:55:23Z	613.00000	1556.31444	1539.17060	1526.04870
2025-08-19T10:55:23Z	613.00000	1556.31403	1539.17194	1526.05026
2025-08-19T10:55:23Z	613.00000	1556.31439	1539.17201	1526.05350
2025-08-19T10:55:23Z	613.00000	1556.31466	1539.17160	1526.05184
2025-08-19T10:55:23Z	613.00000	1556.31416	1539.17144	1526.05123
2025-08-19T10:55:24Z	613.00000	1556.31442	1539.17119	1526.05111
2025-08-19T10:55:24Z	613.00000	1556.31486	1539.17200	1526.05385
2025-08-19T10:55:24Z	613.00000	1556.31434	1539.17286	1526.05255
2025-08-19T10:55:24Z	614.00000	1556.31387	1539.17074	1526.04844
2025-08-19T10:55:24Z	614.00000	1556.31444	1539.17075	1526.04843
2025-08-19T10:55:24Z	614.00000	1556.31417	1539.17117	1526.05117
2025-08-19T10:55:24Z	614.00000	1556.31449	1539.17204	1526.05229
2025-08-19T10:55:24Z	614.00000	1556.31535	1539.17156	1526.05308
2025-08-19T10:55:24Z	614.00000	1556.31525	1539.17200	1526.05240
2025-08-19T10:55:24Z	614.00000	1556.31439	1539.16856	1526.04607
2025-08-19T10:55:25Z	614.00000	1556.31700	1539.17181	1526.05329
2025-08-19T10:55:25Z	614.00000	1556.31485	1539.17001	1526.04910
2025-08-19T10:55:25Z	614.00000	1556.31555	1539.17149	1526.05095
2025-08-19T10:55:25Z	615.00000	1556.31644	1539.17119	1526.05258
2025-08-19T10:55:25Z	615.00000	1556.31807	1539.17145	1526.05279
2025-08-19T10:55:25Z	615.00000	1556.31546	1539.17137	1526.04952
2025-08-19T10:55:25Z	615.00000	1556.31566	1539.17159	1526.05124
2025-08-19T10:55:25Z	615.00000	1556.31766	1539.17123	1526.05056
2025-08-19T10:55:25Z	615.00000	1556.32092	1539.17303	1526.05544
2025-08-19T10:55:25Z	615.00000	1556.32186	1539.17335	1526.05624
2025-08-19T10:55:26Z	615.00000	1556.31736	1539.17208	1526.05204
2025-08-19T10:55:26Z	615.00000	1556.32169	1539.17310	1526.05510
2025-08-19T10:55:26Z	615.00000	1556.31670	1539.17254	1526.05280
2025-08-19T10:55:26Z	616.00000	1556.31562	1539.17250	1526.05142
2025-08-19T10:55:26Z	616.00000	1556.31560	1539.17260	1526.05417
2025-08-19T10:55:26Z	616.00000	1556.31694	1539.17306	1526.05566
2025-08-19T10:55:26Z	616.00000	1556.31582	1539.17322	1526.05442
2025-08-19T10:55:26Z	616.00000	1556.31394	1539.17220	1526.05302
2025-08-19T10:55:26Z	616.00000	1556.31440	1539.17203	1526.05286
2025-08-19T10:55:26Z	616.00000	1556.31518	1539.17197	1526.05211
2025-08-19T10:55:27Z	616.00000	1556.31567	1539.17204	1526.05295
2025-08-19T10:55:27Z	616.00000	1556.31641	1539.17255	1526.05462
2025-08-19T10:55:27Z	616.00000	1556.31470	1539.17183	1526.05211
2025-08-19T10:55:27Z	617.00000	1556.31472	1539.17191	1526.05361
2025-08-19T10:55:27Z	617.00000	1556.31457	1539.17173	1526.05323
2025-08-19T10:55:27Z	617.00000	1556.31419	1539.17178	1526.05394
2025-08-19T10:55:27Z	617.00000	1556.31325	1539.17079	1526.05069
2025-08-19T10:55:27Z	617.00000	1556.31474	1539.17228	1526.05354
2025-08-19T10:55:27Z	617.00000	1556.31549	1539.17269	1526.05419
2025-08-19T10:55:27Z	617.00000	1556.31428	1539.17186	1526.05199
2025-08-19T10:55:28Z	617.00000	1556.31725	1539.17307	1526.05542
2025-08-19T10:55:28Z	617.00000	1556.31263	1539.16927	1526.04668
2025-08-19T10:55:28Z	617.00000	1556.31430	1539.17242	1526.04913
2025-08-19T10:55:28Z	618.00000	1556.31411	1539.17228	1526.05224
2025-08-19T10:55:28Z	618.00000	1556.31507	1539.17209	1526.05297
2025-08-19T10:55:28Z	618.00000	1556.31478	1539.17221	1526.05269
2025-08-19T10:55:28Z	618.00000	1556.31430	1539.17174	1526.05184
2025-08-19T10:55:28Z	618.00000	1556.31416	1539.17132	1526.04630
2025-08-19T10:55:28Z	618.00000	1556.31483	1539.17171	1526.05060
2025-08-19T10:55:28Z	618.00000	1556.32029	1539.17260	1526.05364
2025-08-19T10:55:29Z	618.00000	1556.32157	1539.17242	1526.05329
2025-08-19T10:55:29Z	618.00000	1556.31793	1539.17070	1526.04813
2025-08-19T10:55:29Z	618.00000	1556.31960	1539.17205	1526.05086
2025-08-19T10:55:29Z	619.00000	1556.32187	1539.17233	1526.05441
2025-08-19T10:55:29Z	619.00000	1556.32007	1539.17100	1526.04974
2025-08-19T10:55:29Z	619.00000	1556.32345	1539.17260	1526.05510
2025-08-19T10:55:29Z	619.00000	1556.32107	1539.17243	1526.05316
2025-08-19T10:55:29Z	619.00000	1556.31953	1539.17259	1526.05166
2025-08-19T10:55:29Z	619.00000	1556.31971	1539.17198	1526.05341
2025-08-19T10:55:29Z	619.00000	1556.31827	1539.17255	1526.05341
2025-08-19T10:55:30Z	619.00000	1556.31483	1539.17291	1526.04996
2025-08-19T10:55:30Z	619.00000	1556.31629	1539.17217	1526.05183
2025-08-19T10:55:30Z	619.00000	1556.31746	1539.17253	1526.05285
2025-08-19T10:55:30Z	620.00000	1556.31910	1539.17321	1526.05350
2025-08-19T10:55:30Z	620.00000	1556.31877	1539.17276	1526.05265
2025-08-19T10:55:30Z	620.00000	1556.31711	1539.17252	1526.05218
2025-08-19T10:55:30Z	620.00000	1556.32470	1539.18024	1526.05619
2025-08-19T10:55:30Z	620.00000	1556.31992	1539.17458	1526.05371
2025-08-19T10:55:30Z	620.00000	1556.31856	1539.17298	1526.05241
2025-08-19T10:55:30Z	620.00000	1556.31905	1539.17330	1526.05055
2025-08-19T10:55:31Z	620.00000	1556.32036	1539.17307	1526.05274
2025-08-19T10:55:31Z	620.00000	1556.31966	1539.17300	1526.05112
2025-08-19T10:55:31Z	620.00000	1556.32212	1539.17375	1526.05202
2025-08-19T10:55:31Z	621.00000	1556.32456	1539.17713	1526.05663
2025-08-19T10:55:31Z	621.00000	1556.32250	1539.17406	1526.05385
2025-08-19T10:55:31Z	621.00000	1556.32238	1539.17391	1526.05409
2025-08-19T10:55:31Z	621.00000	1556.32246	1539.17502	1526.05530
2025-08-19T10:55:31Z	621.00000	1556.32299	1539.17488	1526.05539
2025-08-19T10:55:31Z	621.00000	1556.32198	1539.17636	1526.05559
2025-08-19T10:55:31Z	621.00000	1556.32209	1539.17653	1526.05589
2025-08-19T10:55:32Z	621.00000	1556.32122	1539.17823	1526.05599
2025-08-19T10:55:32Z	621.00000	1556.32286	1539.17945	1526.05725
2025-08-19T10:55:32Z	621.00000	1556.32117	1539.17971	1526.05674
2025-08-19T10:55:32Z	622.00000	1556.32116	1539.18061	1526.05681
2025-08-19T10:55:32Z	622.00000	1556.31911	1539.18027	1526.05531
2025-08-19T10:55:32Z	622.00000	1556.31847	1539.18026	1526.05699
2025-08-19T10:55:32Z	622.00000	1556.31784	1539.18014	1526.05567
2025-08-19T10:55:32Z	622.00000	1556.31697	1539.18029	1526.05527
2025-08-19T10:55:32Z	622.00000	1556.31787	1539.18142	1526.05543
2025-08-19T10:55:32Z	622.00000	1556.31664	1539.17978	1526.05457
2025-08-19T10:55:33Z	622.00000	1556.31729	1539.17990	1526.05685
2025-08-19T10:55:33Z	622.00000	1556.31582	1539.17830	1526.05772
2025-08-19T10:55:33Z	622.00000	1556.31604	1539.17678	1526.05672
2025-08-19T10:55:33Z	623.00000	1556.31669	1539.17639	1526.05521
2025-08-19T10:55:33Z	623.00000	1556.31448	1539.17381	1526.05670
2025-08-19T10:55:33Z	623.00000	1556.31468	1539.17258	1526.05581
2025-08-19T10:55:33Z	623.00000	1556.31651	1539.17375	1526.05471
2025-08-19T10:55:33Z	623.00000	1556.31477	1539.17316	1526.05607
2025-08-19T10:55:33Z	623.00000	1556.31669	1539.17472	1526.05521
2025-08-19T10:55:33Z	623.00000	1556.31465	1539.17284	1526.05740
2025-08-19T10:55:34Z	623.00000	1556.31525	1539.17324	1526.05588
2025-08-19T10:55:34Z	623.00000	1556.31529	1539.17348	1526.05572
2025-08-19T10:55:34Z	623.00000	1556.31605	1539.17329	1526.05629
2025-08-19T10:55:34Z	624.00000	1556.31594	1539.17316	1526.05592
2025-08-19T10:55:34Z	624.00000	1556.31704	1539.17354	1526.05532
2025-08-19T10:55:34Z	624.00000	1556.31675	1539.17288	1526.05600
2025-08-19T10:55:34Z	624.00000	1556.31579	1539.17295	1526.05557
2025-08-19T10:55:34Z	624.00000	1556.31836	1539.17322	1526.05579
2025-08-19T10:55:34Z	624.00000	1556.31694	1539.17294	1526.05570
2025-08-19T10:55:34Z	624.00000	1556.31872	1539.17354	1526.05539
2025-08-19T10:55:35Z	624.00000	1556.31886	1539.17371	1526.05714
2025-08-19T10:55:35Z	624.00000	1556.31657	1539.17320	1526.05562
2025-08-19T10:55:35Z	624.00000	1556.31680	1539.17281	1526.05478
2025-08-19T10:55:35Z	625.00000	1556.31729	1539.17267	1526.05539
2025-08-19T10:55:35Z	625.00000	1556.31611	1539.17281	1526.05490
2025-08-19T10:55:35Z	625.00000	1556.31737	1539.17311	1526.05548
2025-08-19T10:55:35Z	625.00000	1556.31721	1539.17255	1526.05514
2025-08-19T10:55:35Z	625.00000	1556.31650	1539.17216	1526.05515
2025-08-19T10:55:35Z	625.00000	1556.31925	1539.17306	1526.05689
2025-08-19T10:55:35Z	625.00000	1556.31952	1539.17300	1526.05635
2025-08-19T10:55:36Z	625.00000	1556.31996	1539.17317	1526.05518
2025-08-19T10:55:36Z	625.00000	1556.32019	1539.17352	1526.05643
2025-08-19T10:55:36Z	625.00000	1556.31941	1539.17277	1526.05679
2025-08-19T10:55:36Z	626.00000	1556.32113	1539.17310	1526.05571
2025-08-19T10:55:36Z	626.00000	1556.32054	1539.17337	1526.05476
2025-08-19T10:55:36Z	626.00000	1556.32158	1539.17349	1526.05431
2025-08-19T10:55:36Z	626.00000	1556.32063	1539.17358	1526.05528
2025-08-19T10:55:36Z	626.00000	1556.32085	1539.17327	1526.05418
2025-08-19T10:55:36Z	626.00000	1556.32053	1539.17351	1526.05394
2025-08-19T10:55:36Z	626.00000	1556.32086	1539.17323	1526.05334
2025-08-19T10:55:37Z	626.00000	1556.32172	1539.17346	1526.05599
2025-08-19T10:55:37Z	626.00000	1556.32199	1539.17446	1526.05546
2025-08-19T10:55:37Z	626.00000	1556.32145	1539.17491	1526.05661
2025-08-19T10:55:37Z	627.00000	1556.32132	1539.17426	1526.05628
2025-08-19T10:55:37Z	627.00000	1556.32183	1539.17546	1526.05592
2025-08-19T10:55:37Z	627.00000	1556.32062	1539.17507	1526.05537
2025-08-19T10:55:37Z	627.00000	1556.31969	1539.17329	1526.05581
2025-08-19T10:55:37Z	627.00000	1556.31895	1539.17337	1526.05599
2025-08-19T10:55:37Z	627.00000	1556.31835	1539.17397	1526.05613
2025-08-19T10:55:37Z	627.00000	1556.31773	1539.17313	1526.05591
2025-08-19T10:55:38Z	627.00000	1556.31777	1539.17357	1526.05551
2025-08-19T10:55:38Z	627.00000	1556.31678	1539.17315	1526.05408
2025-08-19T10:55:38Z	627.00000	1556.31892	1539.17347	1526.05486
2025-08-19T10:55:38Z	628.00000	1556.31756	1539.17328	1526.05340
2025-08-19T10:55:38Z	628.00000	1556.31771	1539.17297	1526.05359
2025-08-19T10:55:38Z	628.00000	1556.31684	1539.17281	1526.05265
2025-08-19T10:55:38Z	628.00000	1556.31648	1539.17270	1526.05416
2025-08-19T10:55:38Z	628.00000	1556.31609	1539.17266	1526.05397
2025-08-19T10:55:38Z	628.00000	1556.31661	1539.17281	1526.05448
2025-08-19T10:55:38Z	628.00000	1556.31535	1539.17234	1526.05212
2025-08-19T10:55:39Z	628.00000	1556.31485	1539.17290	1526.05400
2025-08-19T10:55:39Z	628.00000	1556.31424	1539.17261	1526.05447
2025-08-19T10:55:39Z	628.00000	1556.31478	1539.17301	1526.05312
2025-08-19T10:55:39Z	629.00000	1556.31450	1539.17249	1526.05396
2025-08-19T10:55:39Z	629.00000	1556.31432	1539.17236	1526.05449
2025-08-19T10:55:39Z	629.00000	1556.31501	1539.17284	1526.05396
2025-08-19T10:55:39Z	629.00000	1556.31430	1539.17277	1526.05465
2025-08-19T10:55:39Z	629.00000	1556.31425	1539.17258	1526.05454
2025-08-19T10:55:39Z	629.00000	1556.31492	1539.17337	1526.05573
2025-08-19T10:55:39Z	629.00000	1556.31501	1539.17299	1526.05492
2025-08-19T10:55:40Z	629.00000	1556.31423	1539.17256	1526.05426
2025-08-19T10:55:40Z	629.00000	1556.31516	1539.17304	1526.05489
2025-08-19T10:55:40Z	629.00000	1556.31400	1539.17263	1526.05450
2025-08-19T10:55:40Z	630.00000	1556.31442	1539.17270	1526.05509
2025-08-19T10:55:40Z	630.00000	1556.31452	1539.17240	1526.05440
2025-08-19T10:55:40Z	630.00000	1556.31441	1539.17270	1526.05557
2025-08-19T10:55:40Z	630.00000	1556.31450	1539.17227	1526.05482
2025-08-19T10:55:40Z	630.00000	1556.31488	1539.17289	1526.05654
2025-08-19T10:55:40Z	630.00000	1556.31467	1539.17253	1526.05541
2025-08-19T10:55:40Z	630.00000	1556.31525	1539.17273	1526.05528
2025-08-19T10:55:41Z	630.00000	1556.31421	1539.17220	1526.05618
2025-08-19T10:55:41Z	630.00000	1556.31471	1539.17280	1526.05596
2025-08-19T10:55:41Z	630.00000	1556.32099	1539.17344	1526.05626
2025-08-19T10:55:41Z	631.00000	1556.32119	1539.17325	1526.05198
2025-08-19T10:55:41Z	631.00000	1556.32511	1539.17921	1526.05434
2025-08-19T10:55:41Z	631.00000	1556.32624	1539.17750	1526.05525
2025-08-19T10:55:41Z	631.00000	1556.32644	1539.17788	1526.05709
2025-08-19T10:55:41Z	631.00000	1556.32629	1539.17493	1526.05639
2025-08-19T10:55:41Z	631.00000	1556.32255	1539.17266	1526.05464
2025-08-19T10:55:41Z	631.00000	1556.32213	1539.17398	1526.05585
2025-08-19T10:55:42Z	631.00000	1556.31430	1539.16953	1526.05159
2025-08-19T10:55:42Z	631.00000	1556.31372	1539.16846	1526.05003
2025-08-19T10:55:42Z	631.00000	1556.30963	1539.16281	1526.04153
2025-08-19T10:55:42Z	632.00000	1556.30798	1539.16188	1526.03734
2025-08-19T10:55:42Z	632.00000	1556.31113	1539.16210	1526.04224
2025-08-19T10:55:42Z	632.00000	1556.31063	1539.16237	1526.04026
2025-08-19T10:55:42Z	632.00000	1556.31138	1539.16225	1526.04246
2025-08-19T10:55:42Z	632.00000	1556.31138	1539.16176	1526.04368
2025-08-19T10:55:42Z	632.00000	1556.30934	1539.16209	1526.04498
2025-08-19T10:55:42Z	632.00000	1556.30730	1539.16239	1526.04477
2025-08-19T10:55:43Z	632.00000	1556.30576	1539.16141	1526.04553
2025-08-19T10:55:43Z	632.00000	1556.30283	1539.16166	1526.04505
2025-08-19T10:55:43Z	632.00000	1556.30266	1539.16033	1526.04033
2025-08-19T10:55:43Z	633.00000	1556.30176	1539.16065	1526.04041
2025-08-19T10:55:43Z	633.00000	1556.30135	1539.16068	1526.04033
2025-08-19T10:55:43Z	633.00000	1556.30203	1539.16092	1526.04327
2025-08-19T10:55:43Z	633.00000	1556.30420	1539.16232	1526.04750
2025-08-19T10:55:43Z	633.00000	1556.30107	1539.16127	1526.04475
2025-08-19T10:55:43Z	633.00000	1556.30170	1539.16108	1526.04524
2025-08-19T10:55:43Z	633.00000	1556.31182	1539.16722	1526.05543
2025-08-19T10:55:44Z	633.00000	1556.31350	1539.16790	1526.05513
2025-08-19T10:55:44Z	633.00000	1556.30961	1539.16511	1526.05498
2025-08-19T10:55:44Z	633.00000	1556.30634	1539.16236	1526.04762
2025-08-19T10:55:44Z	634.00000	1556.30679	1539.16229	1526.04733
2025-08-19T10:55:44Z	634.00000	1556.30304	1539.16246	1526.04160
2025-08-19T10:55:44Z	634.00000	1556.30247	1539.16202	1526.03875
2025-08-19T10:55:44Z	634.00000	1556.30043	1539.16103	1526.03291
2025-08-19T10:55:44Z	634.00000	1556.30702	1539.16269	1526.04062
2025-08-19T10:55:44Z	634.00000	1556.30126	1539.16111	1526.03288
2025-08-19T10:55:44Z	634.00000	1556.30795	1539.16408	1526.04235
2025-08-19T10:55:45Z	634.00000	1556.30440	1539.16258	1526.03735
2025-08-19T10:55:45Z	634.00000	1556.30120	1539.16208	1526.03236
2025-08-19T10:55:45Z	634.00000	1556.30182	1539.16219	1526.03307
2025-08-19T10:55:45Z	635.00000	1556.30324	1539.16203	1526.03567
2025-08-19T10:55:45Z	635.00000	1556.30156	1539.16238	1526.03295
2025-08-19T10:55:45Z	635.00000	1556.30060	1539.16225	1526.03148
2025-08-19T10:55:45Z	635.00000	1556.28714	1539.14993	1526.02103
2025-08-19T10:55:45Z	635.00000	1556.30492	1539.16261	1526.03506
2025-08-19T10:55:45Z	635.00000	1556.31438	1539.17254	1526.05349
2025-08-19T10:55:45Z	635.00000	1556.31428	1539.17269	1526.05275
2025-08-19T10:55:46Z	635.00000	1556.31449	1539.17261	1526.05268
2025-08-19T10:55:46Z	635.00000	1556.31364	1539.17218	1526.04939
2025-08-19T10:55:46Z	635.00000	1556.31145	1539.16936	1526.04456
2025-08-19T10:55:46Z	636.00000	1556.30882	1539.16520	1526.04166
2025-08-19T10:55:46Z	636.00000	1556.31194	1539.17004	1526.04541
2025-08-19T10:55:46Z	636.00000	1556.30787	1539.16454	1526.04142
2025-08-19T10:55:46Z	636.00000	1556.31041	1539.16684	1526.04485
2025-08-19T10:55:46Z	636.00000	1556.30683	1539.16334	1526.04091
2025-08-19T10:55:46Z	636.00000	1556.30856	1539.16356	1526.04287
2025-08-19T10:55:46Z	636.00000	1556.30986	1539.16428	1526.04283
2025-08-19T10:55:47Z	636.00000	1556.30764	1539.16342	1526.04294
2025-08-19T10:55:47Z	636.00000	1556.30836	1539.16472	1526.04351
2025-08-19T10:55:47Z	636.00000	1556.30510	1539.16219	1526.03939
2025-08-19T10:55:47Z	637.00000	1556.30928	1539.16419	1526.04450
2025-08-19T10:55:47Z	637.00000	1556.30768	1539.16451	1526.04488
2025-08-19T10:55:47Z	637.00000	1556.31357	1539.17146	1526.05333
2025-08-19T10:55:47Z	637.00000	1556.31022	1539.16710	1526.04654
2025-08-19T10:55:47Z	637.00000	1556.30834	1539.16416	1526.04581
2025-08-19T10:55:47Z	637.00000	1556.31127	1539.17039	1526.05072
2025-08-19T10:55:47Z	637.00000	1556.29966	1539.16080	1526.03368
2025-08-19T10:55:48Z	637.00000	1556.31046	1539.16727	1526.04701
2025-08-19T10:55:48Z	637.00000	1556.31284	1539.17027	1526.05124
2025-08-19T10:55:48Z	637.00000	1556.31479	1539.17272	1526.05636
2025-08-19T10:55:48Z	638.00000	1556.31430	1539.17217	1526.05616
2025-08-19T10:55:48Z	638.00000	1556.31668	1539.17347	1526.05558
2025-08-19T10:55:48Z	638.00000	1556.31426	1539.17207	1526.05546
2025-08-19T10:55:48Z	638.00000	1556.31008	1539.16524	1526.04659
2025-08-19T10:55:48Z	638.00000	1556.30798	1539.16265	1526.04338
2025-08-19T10:55:48Z	638.00000	1556.30547	1539.16233	1526.04186
2025-08-19T10:55:48Z	638.00000	1556.30988	1539.16180	1526.04240
2025-08-19T10:55:49Z	638.00000	1556.31469	1539.16364	1526.04431
2025-08-19T10:55:49Z	638.00000	1556.31394	1539.16176	1526.03964
2025-08-19T10:55:49Z	638.00000	1556.31348	1539.16261	1526.04267
2025-08-19T10:55:49Z	639.00000	1556.31327	1539.16267	1526.04224
2025-08-19T10:55:49Z	639.00000	1556.31388	1539.16503	1526.04428
2025-08-19T10:55:49Z	639.00000	1556.31523	1539.17231	1526.05247
2025-08-19T10:55:49Z	639.00000	1556.31401	1539.16806	1526.04960
2025-08-19T10:55:49Z	639.00000	1556.31099	1539.16420	1526.04344
2025-08-19T10:55:49Z	639.00000	1556.31225	1539.16552	1526.04492
2025-08-19T10:55:49Z	639.00000	1556.31040	1539.16361	1526.04348
2025-08-19T10:55:50Z	639.00000	1556.30859	1539.16261	1526.04199
2025-08-19T10:55:50Z	639.00000	1556.31065	1539.16436	1526.04389
2025-08-19T10:55:50Z	639.00000	1556.30776	1539.16202	1526.04074
2025-08-19T10:55:50Z	640.00000	1556.31826	1539.17304	1526.05641
2025-08-19T10:55:50Z	640.00000	1556.31519	1539.17135	1526.05205
2025-08-19T10:55:50Z	640.00000	1556.31667	1539.17248	1526.05480
2025-08-19T10:55:50Z	640.00000	1556.31242	1539.16613	1526.04607
2025-08-19T10:55:50Z	640.00000	1556.30948	1539.16266	1526.04173
2025-08-19T10:55:50Z	640.00000	1556.31290	1539.16593	1526.04408
2025-08-19T10:55:50Z	640.00000	1556.31355	1539.16739	1526.04539
2025-08-19T10:55:51Z	640.00000	1556.31220	1539.16426	1526.04125
2025-08-19T10:55:51Z	640.00000	1556.31262	1539.16422	1526.04233
2025-08-19T10:55:51Z	640.00000	1556.31118	1539.16300	1526.03806
2025-08-19T10:55:51Z	641.00000	1556.31228	1539.16497	1526.03985
2025-08-19T10:55:51Z	641.00000	1556.31363	1539.16732	1526.04005
2025-08-19T10:55:51Z	641.00000	1556.31373	1539.16841	1526.04232
2025-08-19T10:55:51Z	641.00000	1556.31100	1539.16597	1526.03755
2025-08-19T10:55:51Z	641.00000	1556.31081	1539.16684	1526.03795
2025-08-19T10:55:51Z	641.00000	1556.30288	1539.16238	1526.03130
2025-08-19T10:55:51Z	641.00000	1556.31565	1539.17336	1526.05066
2025-08-19T10:55:52Z	641.00000	1556.31764	1539.17470	1526.05311
2025-08-19T10:55:52Z	641.00000	1556.31370	1539.17237	1526.04606
2025-08-19T10:55:52Z	641.00000	1556.31315	1539.16846	1526.04459
2025-08-19T10:55:52Z	642.00000	1556.31323	1539.17025	1526.04520
2025-08-19T10:55:52Z	642.00000	1556.31290	1539.16920	1526.04582
2025-08-19T10:55:52Z	642.00000	1556.31228	1539.16809	1526.04469
2025-08-19T10:55:52Z	642.00000	1556.30901	1539.16410	1526.04126
2025-08-19T10:55:52Z	642.00000	1556.30989	1539.16420	1526.04176
2025-08-19T10:55:52Z	642.00000	1556.31005	1539.16412	1526.04220
2025-08-19T10:55:52Z	642.00000	1556.30945	1539.16385	1526.03960
2025-08-19T10:55:53Z	642.00000	1556.31047	1539.16462	1526.04079
2025-08-19T10:55:53Z	642.00000	1556.31072	1539.16615	1526.04226
2025-08-19T10:55:53Z	642.00000	1556.30972	1539.16462	1526.04069
2025-08-19T10:55:53Z	643.00000	1556.31244	1539.16926	1526.04666
2025-08-19T10:55:53Z	643.00000	1556.31415	1539.17045	1526.04652
2025-08-19T10:55:53Z	643.00000	1556.31440	1539.17191	1526.05183
2025-08-19T10:55:53Z	643.00000	1556.30892	1539.16276	1526.03872
2025-08-19T10:55:53Z	643.00000	1556.31099	1539.16679	1526.04390
2025-08-19T10:55:53Z	643.00000	1556.31069	1539.16520	1526.04233
2025-08-19T10:55:53Z	643.00000	1556.31037	1539.16344	1526.04126
2025-08-19T10:55:54Z	643.00000	1556.31336	1539.16749	1526.04591
2025-08-19T10:55:54Z	643.00000	1556.31319	1539.16678	1526.04407
2025-08-19T10:55:54Z	643.00000	1556.31163	1539.16395	1526.04190
2025-08-19T10:55:54Z	644.00000	1556.31075	1539.16319	1526.04216
2025-08-19T10:55:54Z	644.00000	1556.31346	1539.16611	1526.04341
2025-08-19T10:55:54Z	644.00000	1556.31287	1539.16434	1526.04242
2025-08-19T10:55:54Z	644.00000	1556.31250	1539.16507	1526.04372
2025-08-19T10:55:54Z	644.00000	1556.31310	1539.16501	1526.04332
2025-08-19T10:55:54Z	644.00000	1556.31061	1539.16351	1526.04180
2025-08-19T10:55:54Z	644.00000	1556.30566	1539.16236	1526.03511
2025-08-19T10:55:55Z	644.00000	1556.30984	1539.16344	1526.04136
2025-08-19T10:55:55Z	644.00000	1556.30987	1539.16342	1526.04129
2025-08-19T10:55:55Z	644.00000	1556.31966	1539.17346	1526.05589
2025-08-19T10:55:55Z	645.00000	1556.31549	1539.17281	1526.05404
2025-08-19T10:55:55Z	645.00000	1556.31384	1539.17202	1526.05285
2025-08-19T10:55:55Z	645.00000	1556.30921	1539.16461	1526.04161
2025-08-19T10:55:55Z	645.00000	1556.31304	1539.17010	1526.04837
2025-08-19T10:55:55Z	645.00000	1556.31381	1539.17146	1526.04895
2025-08-19T10:55:55Z	645.00000	1556.30940	1539.16652	1526.04220
2025-08-19T10:55:55Z	645.00000	1556.30846	1539.16782	1526.04228
2025-08-19T10:55:56Z	645.00000	1556.30963	1539.16856	1526.04217
2025-08-19T10:55:56Z	645.00000	1556.30325	1539.16528	1526.03619
2025-08-19T10:55:56Z	645.00000	1556.30961	1539.17187	1526.04363
2025-08-19T10:55:56Z	646.00000	1556.30805	1539.17088	1526.04211
2025-08-19T10:55:56Z	646.00000	1556.30901	1539.17008	1526.04257
2025-08-19T10:55:56Z	646.00000	1556.30869	1539.16825	1526.04197
2025-08-19T10:55:56Z	646.00000	1556.30748	1539.16687	1526.04100
2025-08-19T10:55:56Z	646.00000	1556.30896	1539.16704	1526.04297
2025-08-19T10:55:56Z	646.00000	1556.30915	1539.16682	1526.04402
2025-08-19T10:55:56Z	646.00000	1556.30911	1539.16685	1526.04237
2025-08-19T10:55:57Z	646.00000	1556.30925	1539.16542	1526.04247
2025-08-19T10:55:57Z	646.00000	1556.31186	1539.16968	1526.04693
2025-08-19T10:55:57Z	646.00000	1556.31212	1539.17084	1526.04843
2025-08-19T10:55:57Z	647.00000	1556.31349	1539.17286	1526.05243
2025-08-19T10:55:57Z	647.00000	1556.31374	1539.17327	1526.05366
2025-08-19T10:55:57Z	647.00000	1556.31410	1539.17237	1526.05491
2025-08-19T10:55:57Z	647.00000	1556.31410	1539.17143	1526.05235
2025-08-19T10:55:57Z	647.00000	1556.31401	1539.17152	1526.05297
2025-08-19T10:55:57Z	647.00000	1556.31360	1539.17007	1526.05279
2025-08-19T10:55:58Z	647.00000	1556.31260	1539.17000	1526.05137
2025-08-19T10:55:58Z	647.00000	1556.31310	1539.17053	1526.05231
2025-08-19T10:55:58Z	647.00000	1556.31311	1539.16979	1526.05111
2025-08-19T10:55:58Z	648.00000	1556.31080	1539.16869	1526.04987
2025-08-19T10:55:58Z	648.00000	1556.31276	1539.16912	1526.05200
2025-08-19T10:55:58Z	648.00000	1556.31262	1539.16843	1526.05194
2025-08-19T10:55:58Z	648.00000	1556.31316	1539.16868	1526.05252
2025-08-19T10:55:58Z	648.00000	1556.31187	1539.16841	1526.05023
2025-08-19T10:55:59Z	648.00000	1556.31200	1539.16923	1526.05030
2025-08-19T10:55:59Z	648.00000	1556.31252	1539.16953	1526.05149
2025-08-19T10:55:59Z	649.00000	1556.31287	1539.17056	1526.04978
2025-08-19T10:55:59Z	649.00000	1556.31290	1539.16965	1526.04950
2025-08-19T10:55:59Z	649.00000	1556.31349	1539.16991	1526.04916
2025-08-19T10:55:59Z	649.00000	1556.31435	1539.17158	1526.05185
2025-08-19T10:55:59Z	649.00000	1556.31435	1539.17137	1526.05026
2025-08-19T10:56:00Z	649.00000	1556.31122	1539.16866	1526.04421
2025-08-19T10:56:00Z	649.00000	1556.30839	1539.16590	1526.04212
2025-08-19T10:56:00Z	650.00000	1556.31471	1539.17344	1526.05448
2025-08-19T10:56:00Z	650.00000	1556.31247	1539.17056	1526.04738
2025-08-19T10:56:00Z	650.00000	1556.31358	1539.17233	1526.04577
2025-08-19T10:56:01Z	650.00000	1556.31206	1539.17293	1526.04336
2025-08-19T10:56:01Z	650.00000	1556.30710	1539.16414	1526.03570
2025-08-19T10:56:01Z	651.00000	1556.30982	1539.16578	1526.03801
2025-08-19T10:56:01Z	651.00000	1556.31429	1539.16822	1526.04224
2025-08-19T10:56:01Z	651.00000	1556.31270	1539.16473	1526.04078
2025-08-19T10:56:01Z	651.00000	1556.31378	1539.16459	1526.04102
2025-08-19T10:56:01Z	651.00000	1556.31363	1539.16633	1526.04535
2025-08-19T10:56:02Z	651.00000	1556.30971	1539.16201	1526.04233
2025-08-19T10:56:02Z	651.00000	1556.31881	1539.17219	1526.05569
2025-08-19T10:56:02Z	651.00000	1556.31457	1539.17167	1526.05563
2025-08-19T10:56:02Z	652.00000	1556.31736	1539.17255	1526.05575
2025-08-19T10:56:02Z	652.00000	1556.31429	1539.17022	1526.05368
2025-08-19T10:56:02Z	652.00000	1556.31107	1539.16416	1526.04506
2025-08-19T10:56:02Z	652.00000	1556.31287	1539.16512	1526.04514
2025-08-19T10:56:03Z	652.00000	1556.31232	1539.16564	1526.04420
2025-08-19T10:56:03Z	652.00000	1556.30832	1539.16262	1526.03953
2025-08-19T10:56:03Z	652.00000	1556.31339	1539.16869	1526.04813
2025-08-19T10:56:03Z	653.00000	1556.31074	1539.16455	1526.04386
2025-08-19T10:56:03Z	653.00000	1556.30885	1539.16320	1526.04179
2025-08-19T10:56:03Z	653.00000	1556.30989	1539.16491	1526.04310
2025-08-19T10:56:03Z	653.00000	1556.30951	1539.16470	1526.04315
2025-08-19T10:56:03Z	653.00000	1556.30944	1539.16500	1526.04329
2025-08-19T10:56:03Z	653.00000	1556.31024	1539.16618	1526.04403
2025-08-19T10:56:03Z	653.00000	1556.31045	1539.16449	1526.04314
2025-08-19T10:56:04Z	653.00000	1556.30824	1539.16341	1526.04084
2025-08-19T10:56:04Z	653.00000	1556.30907	1539.16394	1526.04109
2025-08-19T10:56:04Z	653.00000	1556.31064	1539.16510	1526.04306
2025-08-19T10:56:04Z	654.00000	1556.31264	1539.16872	1526.04426
2025-08-19T10:56:04Z	654.00000	1556.31613	1539.17284	1526.05475
2025-08-19T10:56:04Z	654.00000	1556.31631	1539.17310	1526.05701
2025-08-19T10:56:04Z	654.00000	1556.31234	1539.16933	1526.04524
2025-08-19T10:56:04Z	654.00000	1556.30983	1539.16697	1526.04064
2025-08-19T10:56:04Z	654.00000	1556.31238	1539.16896	1526.04347
2025-08-19T10:56:04Z	654.00000	1556.30990	1539.16721	1526.04237
2025-08-19T10:56:05Z	654.00000	1556.31156	1539.16729	1526.04169
2025-08-19T10:56:05Z	654.00000	1556.31014	1539.16452	1526.04000
2025-08-19T10:56:05Z	654.00000	1556.30994	1539.16335	1526.04033
2025-08-19T10:56:05Z	655.00000	1556.31127	1539.16500	1526.04174
2025-08-19T10:56:05Z	655.00000	1556.31094	1539.16448	1526.04273
2025-08-19T10:56:05Z	655.00000	1556.30953	1539.16324	1526.04187
2025-08-19T10:56:05Z	655.00000	1556.30982	1539.16405	1526.04250
2025-08-19T10:56:05Z	655.00000	1556.30758	1539.16190	1526.04093
2025-08-19T10:56:05Z	655.00000	1556.31116	1539.16528	1526.04515
2025-08-19T10:56:05Z	655.00000	1556.31468	1539.17193	1526.05484
2025-08-19T10:56:06Z	655.00000	1556.31440	1539.17199	1526.05504
2025-08-19T10:56:06Z	655.00000	1556.32028	1539.17546	1526.05555
2025-08-19T10:56:06Z	655.00000	1556.31341	1539.16899	1526.05197
2025-08-19T10:56:06Z	656.00000	1556.31172	1539.16564	1526.04634
2025-08-19T10:56:06Z	656.00000	1556.31304	1539.16950	1526.04921
2025-08-19T10:56:06Z	656.00000	1556.31178	1539.16627	1526.04516
2025-08-19T10:56:06Z	656.00000	1556.30959	1539.16390	1526.04483
2025-08-19T10:56:06Z	656.00000	1556.30965	1539.16500	1526.04581
2025-08-19T10:56:06Z	656.00000	1556.30754	1539.16298	1526.04160
2025-08-19T10:56:06Z	656.00000	1556.31078	1539.16650	1526.04556
2025-08-19T10:56:07Z	656.00000	1556.31107	1539.16677	1526.04523
2025-08-19T10:56:07Z	656.00000	1556.30895	1539.16379	1526.04236
2025-08-19T10:56:07Z	656.00000	1556.30317	1539.16276	1526.03550
2025-08-19T10:56:07Z	657.00000	1556.30895	1539.16449	1526.04398
2025-08-19T10:56:07Z	657.00000	1556.30874	1539.16350	1526.04246
2025-08-19T10:56:07Z	657.00000	1556.30999	1539.16573	1526.04355
2025-08-19T10:56:07Z	657.00000	1556.31460	1539.17194	1526.05370
2025-08-19T10:56:07Z	657.00000	1556.31401	1539.17222	1526.05381
2025-08-19T10:56:07Z	657.00000	1556.31420	1539.17210	1526.05404
2025-08-19T10:56:07Z	657.00000	1556.31417	1539.17201	1526.05328
2025-08-19T10:56:08Z	657.00000	1556.31310	1539.17011	1526.04756
2025-08-19T10:56:08Z	657.00000	1556.31116	1539.16704	1526.04429
2025-08-19T10:56:08Z	657.00000	1556.31003	1539.16548	1526.04443
2025-08-19T10:56:08Z	658.00000	1556.30988	1539.16583	1526.04330
2025-08-19T10:56:08Z	658.00000	1556.30968	1539.16533	1526.04324
2025-08-19T10:56:08Z	658.00000	1556.31269	1539.16812	1526.04660
2025-08-19T10:56:08Z	658.00000	1556.31124	1539.16647	1526.04434
2025-08-19T10:56:08Z	658.00000	1556.30890	1539.16428	1526.04147
2025-08-19T10:56:08Z	658.00000	1556.31130	1539.16660	1526.04456
2025-08-19T10:56:08Z	658.00000	1556.30873	1539.16323	1526.04013
2025-08-19T10:56:09Z	658.00000	1556.31001	1539.16467	1526.04239
2025-08-19T10:56:09Z	658.00000	1556.31048	1539.16462	1526.04201
2025-08-19T10:56:09Z	658.00000	1556.31188	1539.16647	1526.04363
2025-08-19T10:56:09Z	659.00000	1556.31320	1539.16817	1526.04619
2025-08-19T10:56:09Z	659.00000	1556.31156	1539.16581	1526.04352
2025-08-19T10:56:09Z	659.00000	1556.31414	1539.17065	1526.04848
2025-08-19T10:56:09Z	659.00000	1556.30996	1539.16294	1526.03960
2025-08-19T10:56:09Z	659.00000	1556.31292	1539.16714	1526.04366
2025-08-19T10:56:09Z	659.00000	1556.31143	1539.16718	1526.04263
2025-08-19T10:56:09Z	659.00000	1556.31137	1539.16771	1526.04285
2025-08-19T10:56:10Z	659.00000	1556.31576	1539.17324	1526.05367
2025-08-19T10:56:10Z	659.00000	1556.31769	1539.17384	1526.05476
2025-08-19T10:56:10Z	659.00000	1556.32536	1539.18053	1526.05730
2025-08-19T10:56:10Z	660.00000	1556.31677	1539.17245	1526.05568
2025-08-19T10:56:10Z	660.00000	1556.30690	1539.16238	1526.03595
2025-08-19T10:56:10Z	660.00000	1556.31197	1539.16821	1526.04491
2025-08-19T10:56:10Z	660.00000	1556.31272	1539.16870	1526.04516
2025-08-19T10:56:10Z	660.00000	1556.31114	1539.16666	1526.04345
2025-08-19T10:56:10Z	660.00000	1556.31132	1539.16449	1526.04105
2025-08-19T10:56:10Z	660.00000	1556.31075	1539.16433	1526.04095
2025-08-19T10:56:11Z	660.00000	1556.31068	1539.16371	1526.04198
2025-08-19T10:56:11Z	660.00000	1556.31228	1539.16382	1526.04186
2025-08-19T10:56:11Z	660.00000	1556.31159	1539.16342	1526.03813
2025-08-19T10:56:11Z	661.00000	1556.31356	1539.16660	1526.04329
2025-08-19T10:56:11Z	661.00000	1556.31234	1539.16387	1526.04000
2025-08-19T10:56:11Z	661.00000	1556.31380	1539.16565	1526.04287
2025-08-19T10:56:11Z	661.00000	1556.31439	1539.16874	1526.04494
2025-08-19T10:56:11Z	661.00000	1556.31888	1539.17214	1526.05272
2025-08-19T10:56:11Z	661.00000	1556.31734	1539.17282	1526.05049
2025-08-19T10:56:11Z	661.00000	1556.31502	1539.16958	1526.04719
2025-08-19T10:56:12Z	661.00000	1556.31400	1539.16611	1526.04391
2025-08-19T10:56:12Z	661.00000	1556.31402	1539.16668	1526.04334
2025-08-19T10:56:12Z	661.00000	1556.31428	1539.16895	1526.04585
2025-08-19T10:56:12Z	662.00000	1556.31323	1539.16491	1526.04202
2025-08-19T10:56:12Z	662.00000	1556.31367	1539.16601	1526.04318
2025-08-19T10:56:12Z	662.00000	1556.31360	1539.16600	1526.04325
2025-08-19T10:56:12Z	662.00000	1556.31446	1539.16972	1526.04660
2025-08-19T10:56:12Z	662.00000	1556.31137	1539.16333	1526.03856
2025-08-19T10:56:12Z	662.00000	1556.31332	1539.16512	1526.04319
2025-08-19T10:56:12Z	662.00000	1556.31365	1539.16697	1526.04521
2025-08-19T10:56:13Z	662.00000	1556.31321	1539.16673	1526.04443
2025-08-19T10:56:13Z	662.00000	1556.31216	1539.16645	1526.04317
2025-08-19T10:56:13Z	662.00000	1556.31334	1539.16621	1526.04479
2025-08-19T10:56:13Z	663.00000	1556.30722	1539.16231	1526.03741
2025-08-19T10:56:13Z	663.00000	1556.31181	1539.16543	1526.04185
2025-08-19T10:56:13Z	663.00000	1556.31038	1539.16359	1526.04123
2025-08-19T10:56:13Z	663.00000	1556.31313	1539.16763	1526.04578
2025-08-19T10:56:13Z	663.00000	1556.31154	1539.16393	1526.04105
2025-08-19T10:56:13Z	663.00000	1556.31188	1539.16572	1526.04497
2025-08-19T10:56:13Z	663.00000	1556.30930	1539.16266	1526.03909
2025-08-19T10:56:14Z	663.00000	1556.31179	1539.16482	1526.04373
2025-08-19T10:56:14Z	663.00000	1556.31239	1539.16637	1526.04423
2025-08-19T10:56:14Z	663.00000	1556.31443	1539.17225	1526.05198
2025-08-19T10:56:14Z	664.00000	1556.31504	1539.17231	1526.05337
2025-08-19T10:56:14Z	664.00000	1556.31413	1539.17190	1526.05212
2025-08-19T10:56:14Z	664.00000	1556.31433	1539.17230	1526.05166
2025-08-19T10:56:14Z	664.00000	1556.31361	1539.17066	1526.04867
2025-08-19T10:56:14Z	664.00000	1556.31262	1539.16791	1526.04509
2025-08-19T10:56:14Z	664.00000	1556.31293	1539.16882	1526.04625
2025-08-19T10:56:14Z	664.00000	1556.31066	1539.16596	1526.04389
2025-08-19T10:56:15Z	664.00000	1556.31415	1539.17112	1526.05028
2025-08-19T10:56:15Z	664.00000	1556.31245	1539.16795	1526.04559
2025-08-19T10:56:15Z	664.00000	1556.31129	1539.16673	1526.04537
2025-08-19T10:56:15Z	665.00000	1556.31029	1539.16535	1526.04264
2025-08-19T10:56:15Z	665.00000	1556.31169	1539.16773	1526.04544
2025-08-19T10:56:15Z	665.00000	1556.31230	1539.16811	1526.04526
2025-08-19T10:56:15Z	665.00000	1556.31112	1539.16632	1526.04472
2025-08-19T10:56:15Z	665.00000	1556.31195	1539.16646	1526.04432
2025-08-19T10:56:15Z	665.00000	1556.31236	1539.16755	1526.04476
2025-08-19T10:56:15Z	665.00000	1556.31097	1539.16622	1526.04424
2025-08-19T10:56:16Z	665.00000	1556.31036	1539.16546	1526.04316
2025-08-19T10:56:16Z	665.00000	1556.31036	1539.16614	1526.04322
2025-08-19T10:56:16Z	665.00000	1556.31253	1539.16843	1526.04615
2025-08-19T10:56:16Z	666.00000	1556.31327	1539.16853	1526.04671
2025-08-19T10:56:16Z	666.00000	1556.31380	1539.17051	1526.04896
2025-08-19T10:56:16Z	666.00000	1556.31561	1539.17199	1526.05317
2025-08-19T10:56:16Z	666.00000	1556.31359	1539.16916	1526.04803
2025-08-19T10:56:16Z	666.00000	1556.31348	1539.16690	1526.04495
2025-08-19T10:56:16Z	666.00000	1556.31200	1539.16376	1526.04194
2025-08-19T10:56:16Z	666.00000	1556.31429	1539.16843	1526.04804
2025-08-19T10:56:17Z	666.00000	1556.31558	1539.17060	1526.04772
2025-08-19T10:56:17Z	666.00000	1556.31433	1539.16379	1526.04227
2025-08-19T10:56:17Z	666.00000	1556.31334	1539.16402	1526.04208
2025-08-19T10:56:17Z	667.00000	1556.31447	1539.16653	1526.04412
2025-08-19T10:56:17Z	667.00000	1556.31424	1539.16565	1526.04403
2025-08-19T10:56:17Z	667.00000	1556.31416	1539.16481	1526.04368
2025-08-19T10:56:17Z	667.00000	1556.31418	1539.16771	1526.04435
2025-08-19T10:56:17Z	667.00000	1556.31313	1539.16474	1526.04271
2025-08-19T10:56:17Z	667.00000	1556.31146	1539.16458	1526.04291
2025-08-19T10:56:17Z	667.00000	1556.31071	1539.16335	1526.04143
2025-08-19T10:56:18Z	667.00000	1556.31276	1539.16696	1526.04455
2025-08-19T10:56:18Z	667.00000	1556.30646	1539.16273	1526.03792
2025-08-19T10:56:18Z	667.00000	1556.31428	1539.17236	1526.05173
2025-08-19T10:56:18Z	668.00000	1556.31394	1539.17105	1526.05009
2025-08-19T10:56:18Z	668.00000	1556.30880	1539.16352	1526.03965
2025-08-19T10:56:18Z	668.00000	1556.31384	1539.17087	1526.04812
2025-08-19T10:56:18Z	668.00000	1556.31113	1539.16697	1526.04490
2025-08-19T10:56:18Z	668.00000	1556.31018	1539.16600	1526.04382
2025-08-19T10:56:18Z	668.00000	1556.31028	1539.16457	1526.04349
2025-08-19T10:56:18Z	668.00000	1556.31225	1539.16846	1526.04552
2025-08-19T10:56:19Z	668.00000	1556.30868	1539.16432	1526.04188
2025-08-19T10:56:19Z	668.00000	1556.30977	1539.16618	1526.04476
2025-08-19T10:56:19Z	668.00000	1556.30960	1539.16541	1526.04324
2025-08-19T10:56:19Z	669.00000	1556.30984	1539.16660	1526.04335
2025-08-19T10:56:19Z	669.00000	1556.31070	1539.16721	1526.04552
2025-08-19T10:56:19Z	669.00000	1556.30979	1539.16590	1526.04208
2025-08-19T10:56:19Z	669.00000	1556.30778	1539.16344	1526.04144
2025-08-19T10:56:19Z	669.00000	1556.31308	1539.16891	1526.04803
2025-08-19T10:56:19Z	669.00000	1556.31019	1539.16330	1526.04203
2025-08-19T10:56:19Z	669.00000	1556.31301	1539.16837	1526.04645
2025-08-19T10:56:20Z	669.00000	1556.31420	1539.16686	1526.04342
2025-08-19T10:56:20Z	669.00000	1556.31150	1539.16417	1526.04239
2025-08-19T10:56:20Z	669.00000	1556.31893	1539.17252	1526.05442
2025-08-19T10:56:20Z	670.00000	1556.31539	1539.17233	1526.05255
2025-08-19T10:56:20Z	670.00000	1556.31446	1539.17251	1526.05108
2025-08-19T10:56:20Z	670.00000	1556.31401	1539.17144	1526.04880
2025-08-19T10:56:20Z	670.00000	1556.31542	1539.17240	1526.05306
2025-08-19T10:56:20Z	670.00000	1556.31409	1539.17071	1526.04856
2025-08-19T10:56:20Z	670.00000	1556.31431	1539.17220	1526.04940
2025-08-19T10:56:20Z	670.00000	1556.31412	1539.17173	1526.04952
2025-08-19T10:56:21Z	670.00000	1556.31449	1539.17109	1526.04973
2025-08-19T10:56:21Z	670.00000	1556.31533	1539.17146	1526.05396
2025-08-19T10:56:21Z	670.00000	1556.31352	1539.16718	1526.04492
2025-08-19T10:56:21Z	671.00000	1556.31485	1539.17114	1526.05105
2025-08-19T10:56:21Z	671.00000	1556.31437	1539.17077	1526.04789
2025-08-19T10:56:21Z	671.00000	1556.31432	1539.17013	1526.04665
2025-08-19T10:56:21Z	671.00000	1556.31470	1539.17088	1526.04749
2025-08-19T10:56:21Z	671.00000	1556.31490	1539.17169	1526.04960
2025-08-19T10:56:21Z	671.00000	1556.31396	1539.17160	1526.04780
2025-08-19T10:56:21Z	671.00000	1556.31425	1539.17277	1526.04784
2025-08-19T10:56:22Z	671.00000	1556.31323	1539.17161	1526.04773
2025-08-19T10:56:22Z	671.00000	1556.31361	1539.17245	1526.04937
2025-08-19T10:56:22Z	671.00000	1556.31134	1539.16911	1526.04530
2025-08-19T10:56:22Z	672.00000	1556.31315	1539.17129	1526.04775
2025-08-19T10:56:22Z	672.00000	1556.31059	1539.16884	1526.04603
2025-08-19T10:56:22Z	672.00000	1556.31240	1539.17053	1526.04543
2025-08-19T10:56:22Z	672.00000	1556.31152	1539.16969	1526.04438
2025-08-19T10:56:22Z	672.00000	1556.31386	1539.17201	1526.05110
2025-08-19T10:56:22Z	672.00000	1556.31439	1539.17267	1526.05341
2025-08-19T10:56:22Z	672.00000	1556.31409	1539.17213	1526.05156
2025-08-19T10:56:23Z	672.00000	1556.31216	1539.17146	1526.04887
2025-08-19T10:56:23Z	672.00000	1556.30884	1539.16583	1526.04317
2025-08-19T10:56:23Z	672.00000	1556.31273	1539.17074	1526.04885
2025-08-19T10:56:23Z	673.00000	1556.30933	1539.16700	1526.04456
2025-08-19T10:56:23Z	673.00000	1556.31135	1539.16872	1526.04693
2025-08-19T10:56:23Z	673.00000	1556.30861	1539.16620	1526.04547
2025-08-19T10:56:23Z	673.00000	1556.31118	1539.16850	1526.04869
2025-08-19T10:56:23Z	673.00000	1556.30954	1539.16644	1526.04720
2025-08-19T10:56:23Z	673.00000	1556.31120	1539.16803	1526.05212
2025-08-19T10:56:23Z	673.00000	1556.31119	1539.16823	1526.05273
2025-08-19T10:56:24Z	673.00000	1556.31073	1539.16742	1526.05298
2025-08-19T10:56:24Z	673.00000	1556.30964	1539.16473	1526.05107
2025-08-19T10:56:24Z	673.00000	1556.31079	1539.16748	1526.05210
2025-08-19T10:56:24Z	674.00000	1556.31130	1539.16894	1526.05278
2025-08-19T10:56:24Z	674.00000	1556.31389	1539.17209	1526.05549
2025-08-19T10:56:24Z	674.00000	1556.31275	1539.17120	1526.05360
2025-08-19T10:56:24Z	674.00000	1556.31170	1539.16912	1526.05152
2025-08-19T10:56:24Z	674.00000	1556.31016	1539.16805	1526.04783
2025-08-19T10:56:24Z	674.00000	1556.30982	1539.16746	1526.04811
2025-08-19T10:56:24Z	674.00000	1556.31012	1539.16696	1526.04889
2025-08-19T10:56:25Z	674.00000	1556.31013	1539.16722	1526.05006
2025-08-19T10:56:25Z	674.00000	1556.31019	1539.16728	1526.04941
2025-08-19T10:56:25Z	674.00000	1556.31207	1539.16992	1526.05203
2025-08-19T10:56:25Z	675.00000	1556.30771	1539.16452	1526.04659
2025-08-19T10:56:25Z	675.00000	1556.30987	1539.16819	1526.05067
2025-08-19T10:56:25Z	675.00000	1556.31006	1539.16799	1526.05113
2025-08-19T10:56:25Z	675.00000	1556.30975	1539.16697	1526.04918
2025-08-19T10:56:25Z	675.00000	1556.30996	1539.16716	1526.04935
2025-08-19T10:56:25Z	675.00000	1556.30970	1539.16819	1526.04857
2025-08-19T10:56:25Z	675.00000	1556.31084	1539.16897	1526.04929
2025-08-19T10:56:26Z	675.00000	1556.30976	1539.16750	1526.04727
2025-08-19T10:56:26Z	675.00000	1556.31008	1539.16824	1526.04822
2025-08-19T10:56:26Z	675.00000	1556.31002	1539.16806	1526.04627
2025-08-19T10:56:26Z	676.00000	1556.31123	1539.16867	1526.04645
2025-08-19T10:56:26Z	676.00000	1556.31377	1539.17127	1526.05464
2025-08-19T10:56:26Z	676.00000	1556.31412	1539.17216	1526.05486
2025-08-19T10:56:26Z	676.00000	1556.31450	1539.17255	1526.05467
2025-08-19T10:56:26Z	676.00000	1556.31410	1539.17195	1526.05549
2025-08-19T10:56:26Z	676.00000	1556.31366	1539.17194	1526.05229
2025-08-19T10:56:26Z	676.00000	1556.31381	1539.17217	1526.05326
2025-08-19T10:56:27Z	676.00000	1556.31306	1539.17129	1526.04962
2025-08-19T10:56:27Z	676.00000	1556.31237	1539.17089	1526.04964
2025-08-19T10:56:27Z	676.00000	1556.31203	1539.16932	1526.04618
2025-08-19T10:56:27Z	677.00000	1556.31255	1539.17046	1526.04892
2025-08-19T10:56:27Z	677.00000	1556.31334	1539.17149	1526.05130
2025-08-19T10:56:27Z	677.00000	1556.31188	1539.16866	1526.04733
2025-08-19T10:56:27Z	677.00000	1556.31320	1539.16924	1526.04874
2025-08-19T10:56:27Z	677.00000	1556.31108	1539.16739	1526.04541
2025-08-19T10:56:27Z	677.00000	1556.31081	1539.16750	1526.04498
2025-08-19T10:56:27Z	677.00000	1556.31350	1539.16948	1526.04700
2025-08-19T10:56:28Z	677.00000	1556.31339	1539.16918	1526.04712
2025-08-19T10:56:28Z	677.00000	1556.31333	1539.16985	1526.04782
2025-08-19T10:56:28Z	677.00000	1556.31284	1539.16770	1526.04473
2025-08-19T10:56:28Z	678.00000	1556.31216	1539.16623	1526.04398
2025-08-19T10:56:28Z	678.00000	1556.31340	1539.16771	1526.04491
2025-08-19T10:56:28Z	678.00000	1556.31316	1539.16716	1526.04600
2025-08-19T10:56:28Z	678.00000	1556.31380	1539.16951	1526.04725
2025-08-19T10:56:28Z	678.00000	1556.31350	1539.16748	1526.04599
2025-08-19T10:56:28Z	678.00000	1556.31437	1539.17230	1526.05249
2025-08-19T10:56:28Z	678.00000	1556.31416	1539.17137	1526.05198
2025-08-19T10:56:29Z	678.00000	1556.31413	1539.17204	1526.05268
2025-08-19T10:56:29Z	678.00000	1556.31393	1539.16899	1526.04998
2025-08-19T10:56:29Z	678.00000	1556.31373	1539.16884	1526.04772
2025-08-19T10:56:29Z	679.00000	1556.31334	1539.16855	1526.04637
2025-08-19T10:56:29Z	679.00000	1556.31401	1539.16955	1526.04824
2025-08-19T10:56:29Z	679.00000	1556.31406	1539.16920	1526.04765
2025-08-19T10:56:29Z	679.00000	1556.31364	1539.16960	1526.04758
2025-08-19T10:56:29Z	679.00000	1556.31415	1539.16908	1526.04714
2025-08-19T10:56:29Z	679.00000	1556.31365	1539.16784	1526.04556
2025-08-19T10:56:29Z	679.00000	1556.31339	1539.16802	1526.04501
2025-08-19T10:56:30Z	679.00000	1556.31325	1539.16792	1526.04618
2025-08-19T10:56:30Z	679.00000	1556.31443	1539.17010	1526.04976
2025-08-19T10:56:30Z	679.00000	1556.31293	1539.16710	1526.04605
2025-08-19T10:56:30Z	680.00000	1556.31284	1539.16772	1526.04624
2025-08-19T10:56:30Z	680.00000	1556.31328	1539.16814	1526.04510
2025-08-19T10:56:30Z	680.00000	1556.31177	1539.16707	1526.04514
2025-08-19T10:56:30Z	680.00000	1556.31234	1539.16636	1526.04418
2025-08-19T10:56:30Z	680.00000	1556.31286	1539.16785	1526.04404
2025-08-19T10:56:30Z	680.00000	1556.31446	1539.17119	1526.05209
2025-08-19T10:56:30Z	680.00000	1556.31423	1539.17208	1526.05127
2025-08-19T10:56:31Z	680.00000	1556.31417	1539.17199	1526.05311
2025-08-19T10:56:31Z	680.00000	1556.31457	1539.17155	1526.05201
2025-08-19T10:56:31Z	680.00000	1556.31309	1539.16881	1526.04573
2025-08-19T10:56:31Z	681.00000	1556.31315	1539.16971	1526.04791
2025-08-19T10:56:31Z	681.00000	1556.31117	1539.16604	1526.04384
2025-08-19T10:56:31Z	681.00000	1556.31243	1539.16820	1526.04698
2025-08-19T10:56:31Z	681.00000	1556.31250	1539.16726	1526.04567
2025-08-19T10:56:31Z	681.00000	1556.31135	1539.16496	1526.04528
2025-08-19T10:56:31Z	681.00000	1556.31335	1539.16780	1526.04614
2025-08-19T10:56:31Z	681.00000	1556.31080	1539.16566	1526.04436
2025-08-19T10:56:32Z	681.00000	1556.31270	1539.16683	1526.04618
2025-08-19T10:56:32Z	681.00000	1556.31133	1539.16698	1526.04538
2025-08-19T10:56:32Z	681.00000	1556.31341	1539.16887	1526.04693
2025-08-19T10:56:32Z	682.00000	1556.31150	1539.16850	1526.04507
2025-08-19T10:56:32Z	682.00000	1556.31141	1539.16819	1526.04586
2025-08-19T10:56:32Z	682.00000	1556.31176	1539.16925	1526.04630
2025-08-19T10:56:32Z	682.00000	1556.31188	1539.16869	1526.04621
2025-08-19T10:56:32Z	682.00000	1556.31021	1539.16763	1526.04570
2025-08-19T10:56:32Z	682.00000	1556.31118	1539.16812	1526.04521
2025-08-19T10:56:32Z	682.00000	1556.31278	1539.16988	1526.04789
2025-08-19T10:56:33Z	682.00000	1556.31187	1539.16863	1526.04607
2025-08-19T10:56:33Z	682.00000	1556.30769	1539.16344	1526.04113
2025-08-19T10:56:33Z	682.00000	1556.31337	1539.16975	1526.04636
2025-08-19T10:56:33Z	683.00000	1556.31244	1539.16696	1526.04478
2025-08-19T10:56:33Z	683.00000	1556.31146	1539.16734	1526.04347
2025-08-19T10:56:33Z	683.00000	1556.31314	1539.17010	1526.04640
2025-08-19T10:56:33Z	683.00000	1556.31050	1539.16562	1526.04477
2025-08-19T10:56:33Z	683.00000	1556.31237	1539.16773	1526.04611
2025-08-19T10:56:33Z	683.00000	1556.31371	1539.17051	1526.05011
2025-08-19T10:56:33Z	683.00000	1556.31418	1539.17192	1526.05247
2025-08-19T10:56:34Z	683.00000	1556.31418	1539.17209	1526.05358
2025-08-19T10:56:34Z	683.00000	1556.31429	1539.17208	1526.05287
2025-08-19T10:56:34Z	683.00000	1556.31537	1539.17217	1526.05398
2025-08-19T10:56:34Z	684.00000	1556.31465	1539.17283	1526.05291
2025-08-19T10:56:34Z	684.00000	1556.31466	1539.17182	1526.05282
2025-08-19T10:56:34Z	684.00000	1556.31434	1539.17160	1526.05292
2025-08-19T10:56:34Z	684.00000	1556.31508	1539.17169	1526.05225
2025-08-19T10:56:34Z	684.00000	1556.31564	1539.17217	1526.05304
2025-08-19T10:56:34Z	684.00000	1556.31375	1539.16919	1526.04705
2025-08-19T10:56:34Z	684.00000	1556.31394	1539.16705	1526.04601
2025-08-19T10:56:35Z	684.00000	1556.31355	1539.16603	1526.04438
2025-08-19T10:56:35Z	684.00000	1556.31328	1539.16408	1526.04424
2025-08-19T10:56:35Z	684.00000	1556.31316	1539.16552	1526.04386
2025-08-19T10:56:35Z	685.00000	1556.31283	1539.16670	1526.04516
2025-08-19T10:56:35Z	685.00000	1556.31311	1539.16676	1526.04510
2025-08-19T10:56:35Z	685.00000	1556.31194	1539.16489	1526.04315
2025-08-19T10:56:35Z	685.00000	1556.31015	1539.16321	1526.04048
2025-08-19T10:56:35Z	685.00000	1556.31029	1539.16400	1526.04187
2025-08-19T10:56:35Z	685.00000	1556.31286	1539.16670	1526.04485
2025-08-19T10:56:35Z	685.00000	1556.31103	1539.16469	1526.04290
2025-08-19T10:56:36Z	685.00000	1556.31314	1539.16777	1526.04509
2025-08-19T10:56:36Z	685.00000	1556.31353	1539.16803	1526.04627
2025-08-19T10:56:36Z	685.00000	1556.31046	1539.16405	1526.04244
2025-08-19T10:56:36Z	686.00000	1556.31199	1539.16445	1526.04295
2025-08-19T10:56:36Z	686.00000	1556.31158	1539.16477	1526.04190
2025-08-19T10:56:36Z	686.00000	1556.31336	1539.16736	1526.04470
2025-08-19T10:56:36Z	686.00000	1556.31519	1539.17252	1526.05336
2025-08-19T10:56:36Z	686.00000	1556.31460	1539.17230	1526.05046
2025-08-19T10:56:36Z	686.00000	1556.31417	1539.17066	1526.04873
2025-08-19T10:56:36Z	686.00000	1556.31352	1539.16691	1526.04545
2025-08-19T10:56:37Z	686.00000	1556.31357	1539.16980	1526.04632
2025-08-19T10:56:37Z	686.00000	1556.31286	1539.16804	1526.04643
2025-08-19T10:56:37Z	686.00000	1556.31317	1539.16731	1526.04498
2025-08-19T10:56:37Z	687.00000	1556.31366	1539.16709	1526.04556
2025-08-19T10:56:37Z	687.00000	1556.31339	1539.16771	1526.04550
2025-08-19T10:56:37Z	687.00000	1556.31265	1539.16628	1526.04440
2025-08-19T10:56:37Z	687.00000	1556.31379	1539.16760	1526.04649
2025-08-19T10:56:37Z	687.00000	1556.31323	1539.16504	1526.04374
2025-08-19T10:56:37Z	687.00000	1556.31304	1539.16589	1526.04411
2025-08-19T10:56:37Z	687.00000	1556.31409	1539.16637	1526.04478
2025-08-19T10:56:38Z	687.00000	1556.31413	1539.16749	1526.04617
2025-08-19T10:56:38Z	687.00000	1556.31328	1539.16457	1526.04358
2025-08-19T10:56:38Z	687.00000	1556.31416	1539.16985	1526.04624
2025-08-19T10:56:38Z	688.00000	1556.31397	1539.16832	1526.04421
2025-08-19T10:56:38Z	688.00000	1556.31392	1539.16747	1526.04432
2025-08-19T10:56:38Z	688.00000	1556.31367	1539.16722	1526.04437
2025-08-19T10:56:38Z	688.00000	1556.31411	1539.16914	1526.04588
2025-08-19T10:56:38Z	688.00000	1556.31411	1539.17040	1526.04856
2025-08-19T10:56:38Z	688.00000	1556.31453	1539.17143	1526.05065
2025-08-19T10:56:38Z	688.00000	1556.31297	1539.16663	1526.04327
2025-08-19T10:56:39Z	688.00000	1556.31108	1539.16456	1526.04267
2025-08-19T10:56:39Z	688.00000	1556.31438	1539.17063	1526.04719
2025-08-19T10:56:39Z	688.00000	1556.31413	1539.17123	1526.04709
2025-08-19T10:56:39Z	689.00000	1556.31331	1539.16703	1526.04307
2025-08-19T10:56:39Z	689.00000	1556.31391	1539.16862	1526.04442
2025-08-19T10:56:39Z	689.00000	1556.31290	1539.16675	1526.04324
2025-08-19T10:56:39Z	689.00000	1556.31429	1539.16832	1526.04399
2025-08-19T10:56:39Z	689.00000	1556.31367	1539.16874	1526.04413
2025-08-19T10:56:39Z	689.00000	1556.31271	1539.16699	1526.04263
2025-08-19T10:56:39Z	689.00000	1556.31426	1539.17004	1526.04535
2025-08-19T10:56:40Z	689.00000	1556.31307	1539.16871	1526.04444
2025-08-19T10:56:40Z	689.00000	1556.31210	1539.16817	1526.04346
2025-08-19T10:56:40Z	689.00000	1556.31352	1539.17135	1526.04702
2025-08-19T10:56:40Z	690.00000	1556.31100	1539.16783	1526.04462
2025-08-19T10:56:40Z	690.00000	1556.31315	1539.17029	1526.04776
2025-08-19T10:56:40Z	690.00000	1556.31274	1539.17007	1526.04856
2025-08-19T10:56:40Z	690.00000	1556.31050	1539.16626	1526.04374
2025-08-19T10:56:40Z	690.00000	1556.31388	1539.17117	1526.05140
2025-08-19T10:56:40Z	690.00000	1556.31440	1539.17197	1526.05269
2025-08-19T10:56:40Z	690.00000	1556.31323	1539.17243	1526.04853
2025-08-19T10:56:41Z	690.00000	1556.31392	1539.17213	1526.05142
2025-08-19T10:56:41Z	690.00000	1556.31313	1539.17128	1526.04595
2025-08-19T10:56:41Z	690.00000	1556.31375	1539.17137	1526.05166
2025-08-19T10:56:41Z	691.00000	1556.31376	1539.17218	1526.04931
2025-08-19T10:56:41Z	691.00000	1556.31204	1539.16773	1526.04493
2025-08-19T10:56:41Z	691.00000	1556.31233	1539.16844	1526.04691
2025-08-19T10:56:41Z	691.00000	1556.31226	1539.16798	1526.04599
2025-08-19T10:56:41Z	691.00000	1556.31236	1539.16840	1526.04635
2025-08-19T10:56:41Z	691.00000	1556.31101	1539.16700	1526.04420
2025-08-19T10:56:42Z	691.00000	1556.31286	1539.17019	1526.04680
2025-08-19T10:56:42Z	691.00000	1556.31299	1539.16930	1526.04734
2025-08-19T10:56:42Z	691.00000	1556.31325	1539.16920	1526.04881
2025-08-19T10:56:42Z	692.00000	1556.31307	1539.16802	1526.04790
2025-08-19T10:56:42Z	692.00000	1556.31414	1539.17046	1526.05245
2025-08-19T10:56:42Z	692.00000	1556.31449	1539.17180	1526.05402
2025-08-19T10:56:42Z	692.00000	1556.31481	1539.17197	1526.05281
2025-08-19T10:56:43Z	692.00000	1556.31396	1539.16881	1526.04891
2025-08-19T10:56:43Z	692.00000	1556.31347	1539.16696	1526.04602
2025-08-19T10:56:43Z	692.00000	1556.31236	1539.16482	1526.04319
2025-08-19T10:56:43Z	693.00000	1556.31430	1539.17044	1526.04911
2025-08-19T10:56:43Z	693.00000	1556.31204	1539.16516	1526.04410
2025-08-19T10:56:43Z	693.00000	1556.31363	1539.17127	1526.05145
2025-08-19T10:56:43Z	693.00000	1556.31255	1539.16597	1526.04495
2025-08-19T10:56:43Z	693.00000	1556.31279	1539.16717	1526.04522
2025-08-19T10:56:44Z	693.00000	1556.31324	1539.16799	1526.04536
2025-08-19T10:56:44Z	693.00000	1556.31334	1539.16760	1526.04452
2025-08-19T10:56:44Z	694.00000	1556.31394	1539.16930	1526.04587
2025-08-19T10:56:44Z	694.00000	1556.31478	1539.17242	1526.05297
2025-08-19T10:56:44Z	694.00000	1556.31001	1539.16605	1526.04466
2025-08-19T10:56:44Z	694.00000	1556.31391	1539.17154	1526.05321
2025-08-19T10:56:45Z	694.00000	1556.31340	1539.16960	1526.04637
2025-08-19T10:56:45Z	695.00000	1556.31306	1539.16911	1526.04653
2025-08-19T10:56:45Z	695.00000	1556.31265	1539.16887	1526.04604
2025-08-19T10:56:45Z	695.00000	1556.31325	1539.16832	1526.04711
2025-08-19T10:56:45Z	695.00000	1556.31506	1539.17233	1526.05263
2025-08-19T10:56:46Z	695.00000	1556.31438	1539.17261	1526.05279
2025-08-19T10:56:46Z	695.00000	1556.31403	1539.17287	1526.05207
2025-08-19T10:56:46Z	696.00000	1556.31344	1539.17007	1526.04721
2025-08-19T10:56:46Z	696.00000	1556.31402	1539.16959	1526.04504
2025-08-19T10:56:46Z	696.00000	1556.31330	1539.17010	1526.04550
2025-08-19T10:56:46Z	696.00000	1556.31395	1539.17230	1526.04881
2025-08-19T10:56:46Z	696.00000	1556.31371	1539.17157	1526.04842
2025-08-19T10:56:47Z	696.00000	1556.31386	1539.17005	1526.04701
2025-08-19T10:56:47Z	696.00000	1556.31200	1539.16801	1526.04533
2025-08-19T10:56:47Z	696.00000	1556.31356	1539.17126	1526.04655
2025-08-19T10:56:47Z	697.00000	1556.31373	1539.17049	1526.04582
2025-08-19T10:56:47Z	697.00000	1556.31489	1539.17276	1526.05277
2025-08-19T10:56:47Z	697.00000	1556.31416	1539.17245	1526.05287
2025-08-19T10:56:47Z	697.00000	1556.31261	1539.16941	1526.04683
2025-08-19T10:56:47Z	697.00000	1556.31358	1539.17096	1526.04713
2025-08-19T10:56:47Z	697.00000	1556.31329	1539.16948	1526.04694
2025-08-19T10:56:47Z	697.00000	1556.31312	1539.16812	1526.04456
2025-08-19T10:56:48Z	697.00000	1556.31223	1539.16864	1526.04594
2025-08-19T10:56:48Z	697.00000	1556.31237	1539.16806	1526.04559
2025-08-19T10:56:48Z	697.00000	1556.31227	1539.16803	1526.04535
2025-08-19T10:56:48Z	698.00000	1556.31331	1539.16912	1526.04594
2025-08-19T10:56:48Z	698.00000	1556.31293	1539.16811	1526.04478
2025-08-19T10:56:48Z	698.00000	1556.31401	1539.17207	1526.04903
2025-08-19T10:56:48Z	698.00000	1556.31366	1539.16991	1526.04568
2025-08-19T10:56:48Z	698.00000	1556.31398	1539.17133	1526.04919
2025-08-19T10:56:48Z	698.00000	1556.31460	1539.17090	1526.04808
2025-08-19T10:56:48Z	698.00000	1556.32085	1539.17316	1526.05614
2025-08-19T10:56:49Z	698.00000	1556.31981	1539.17246	1526.05383
2025-08-19T10:56:49Z	698.00000	1556.31324	1539.16588	1526.04329
2025-08-19T10:56:49Z	698.00000	1556.31410	1539.17105	1526.05003
2025-08-19T10:56:49Z	699.00000	1556.31170	1539.16444	1526.04128
2025-08-19T10:56:49Z	699.00000	1556.31434	1539.16984	1526.04602
2025-08-19T10:56:49Z	699.00000	1556.31376	1539.17095	1526.04648
2025-08-19T10:56:49Z	699.00000	1556.31390	1539.17179	1526.04627
2025-08-19T10:56:49Z	699.00000	1556.31409	1539.17219	1526.04692
2025-08-19T10:56:49Z	699.00000	1556.31317	1539.17063	1526.04538
2025-08-19T10:56:49Z	699.00000	1556.31435	1539.17186	1526.04801
2025-08-19T10:56:50Z	699.00000	1556.31408	1539.17153	1526.04928
2025-08-19T10:56:50Z	699.00000	1556.31362	1539.17080	1526.05132
2025-08-19T10:56:50Z	699.00000	1556.30939	1539.16579	1526.04362
2025-08-19T10:56:50Z	700.00000	1556.31319	1539.17132	1526.04997
2025-08-19T10:56:50Z	700.00000	1556.31033	1539.16758	1526.04404
2025-08-19T10:56:50Z	700.00000	1556.31298	1539.16881	1526.04577
2025-08-19T10:56:50Z	700.00000	1556.31555	1539.17216	1526.05208
2025-08-19T10:56:50Z	700.00000	1556.31416	1539.16986	1526.04557
2025-08-19T10:56:50Z	700.00000	1556.31371	1539.16964	1526.04535
2025-08-19T10:56:50Z	700.00000	1556.31098	1539.16434	1526.04104
2025-08-19T10:56:51Z	700.00000	1556.31395	1539.16861	1526.04537
2025-08-19T10:56:51Z	700.00000	1556.31916	1539.17189	1526.05291
2025-08-19T10:56:51Z	700.00000	1556.31412	1539.16648	1526.04312
2025-08-19T10:56:51Z	701.00000	1556.31419	1539.16999	1526.04638
2025-08-19T10:56:51Z	701.00000	1556.31597	1539.17116	1526.04780
2025-08-19T10:56:51Z	701.00000	1556.31352	1539.16494	1526.04014
2025-08-19T10:56:51Z	701.00000	1556.31380	1539.16729	1526.04306
2025-08-19T10:56:51Z	701.00000	1556.31850	1539.17192	1526.05049
2025-08-19T10:56:51Z	701.00000	1556.31993	1539.17274	1526.05361
2025-08-19T10:56:51Z	701.00000	1556.32022	1539.17301	1526.05361
2025-08-19T10:56:52Z	701.00000	1556.31724	1539.17161	1526.05035
2025-08-19T10:56:52Z	701.00000	1556.31409	1539.17032	1526.04674
2025-08-19T10:56:52Z	701.00000	1556.31431	1539.17140	1526.05081
2025-08-19T10:56:52Z	702.00000	1556.31325	1539.16779	1526.04531
2025-08-19T10:56:52Z	702.00000	1556.31232	1539.16811	1526.04608
2025-08-19T10:56:52Z	702.00000	1556.30952	1539.16459	1526.04126
2025-08-19T10:56:52Z	702.00000	1556.31430	1539.17181	1526.04712
2025-08-19T10:56:52Z	702.00000	1556.31404	1539.16871	1526.04502
2025-08-19T10:56:52Z	702.00000	1556.31432	1539.17055	1526.04452
2025-08-19T10:56:52Z	702.00000	1556.31444	1539.17209	1526.04679
2025-08-19T10:56:53Z	702.00000	1556.31090	1539.16687	1526.04234
2025-08-19T10:56:53Z	702.00000	1556.31201	1539.16871	1526.04187
2025-08-19T10:56:53Z	702.00000	1556.31373	1539.17223	1526.04867
2025-08-19T10:56:53Z	703.00000	1556.31277	1539.17240	1526.04443
2025-08-19T10:56:53Z	703.00000	1556.30935	1539.17058	1526.04442
2025-08-19T10:56:53Z	703.00000	1556.30468	1539.16617	1526.04110
2025-08-19T10:56:53Z	703.00000	1556.30142	1539.16370	1526.03847
2025-08-19T10:56:53Z	703.00000	1556.30295	1539.16354	1526.04137
2025-08-19T10:56:53Z	703.00000	1556.31142	1539.17243	1526.05287
2025-08-19T10:56:53Z	703.00000	1556.31178	1539.17134	1526.05239
2025-08-19T10:56:54Z	703.00000	1556.30956	1539.16950	1526.04733
2025-08-19T10:56:54Z	703.00000	1556.31499	1539.17356	1526.05560
2025-08-19T10:56:54Z	703.00000	1556.31237	1539.17170	1526.05038
2025-08-19T10:56:54Z	704.00000	1556.31347	1539.17109	1526.05003
2025-08-19T10:56:54Z	704.00000	1556.31427	1539.17133	1526.05206
2025-08-19T10:56:54Z	704.00000	1556.31396	1539.16980	1526.04829
2025-08-19T10:56:54Z	704.00000	1556.31259	1539.16651	1526.04427
2025-08-19T10:56:54Z	704.00000	1556.31647	1539.17222	1526.05480
2025-08-19T10:56:54Z	704.00000	1556.31049	1539.16392	1526.04443
2025-08-19T10:56:54Z	704.00000	1556.31008	1539.16435	1526.04463
2025-08-19T10:56:55Z	704.00000	1556.30783	1539.16273	1526.04386
2025-08-19T10:56:55Z	704.00000	1556.30800	1539.16258	1526.04346
2025-08-19T10:56:55Z	704.00000	1556.31450	1539.17149	1526.05407
2025-08-19T10:56:55Z	705.00000	1556.31400	1539.17073	1526.05290
2025-08-19T10:56:55Z	705.00000	1556.31275	1539.16700	1526.04791
2025-08-19T10:56:55Z	705.00000	1556.31262	1539.16712	1526.04770
2025-08-19T10:56:55Z	705.00000	1556.30929	1539.16393	1526.04395
2025-08-19T10:56:55Z	705.00000	1556.30554	1539.16196	1526.04011
2025-08-19T10:56:55Z	705.00000	1556.30992	1539.16357	1526.04482
2025-08-19T10:56:55Z	705.00000	1556.31168	1539.16743	1526.04790
2025-08-19T10:56:56Z	705.00000	1556.31569	1539.17180	1526.05551
2025-08-19T10:56:56Z	705.00000	1556.31382	1539.16805	1526.04770
2025-08-19T10:56:56Z	705.00000	1556.31417	1539.16722	1526.04633
2025-08-19T10:56:56Z	706.00000	1556.31395	1539.16594	1526.04563
2025-08-19T10:56:56Z	706.00000	1556.31375	1539.16475	1526.04488
2025-08-19T10:56:56Z	706.00000	1556.31402	1539.16400	1526.04252
2025-08-19T10:56:56Z	706.00000	1556.32074	1539.17291	1526.05470
2025-08-19T10:56:56Z	706.00000	1556.32136	1539.17274	1526.05359
2025-08-19T10:56:56Z	706.00000	1556.31874	1539.17203	1526.05141
2025-08-19T10:56:56Z	706.00000	1556.31994	1539.17274	1526.05198
2025-08-19T10:56:57Z	706.00000	1556.31442	1539.16816	1526.04690
2025-08-19T10:56:57Z	706.00000	1556.31512	1539.16805	1526.04543
2025-08-19T10:56:57Z	706.00000	1556.31677	1539.16869	1526.04702
2025-08-19T10:56:57Z	707.00000	1556.31453	1539.16653	1526.04499
2025-08-19T10:56:57Z	707.00000	1556.31419	1539.16316	1526.04197
2025-08-19T10:56:57Z	707.00000	1556.31884	1539.17036	1526.05260
2025-08-19T10:56:57Z	707.00000	1556.32061	1539.17224	1526.05566
2025-08-19T10:56:57Z	707.00000	1556.31785	1539.17141	1526.05465
2025-08-19T10:56:57Z	707.00000	1556.31935	1539.17219	1526.05530
2025-08-19T10:56:57Z	707.00000	1556.31560	1539.17222	1526.05425
2025-08-19T10:56:58Z	707.00000	1556.31428	1539.16984	1526.05169
2025-08-19T10:56:58Z	707.00000	1556.31280	1539.16701	1526.04550
2025-08-19T10:56:58Z	707.00000	1556.31396	1539.17070	1526.04822
2025-08-19T10:56:58Z	708.00000	1556.31406	1539.17158	1526.05003
2025-08-19T10:56:58Z	708.00000	1556.31404	1539.17250	1526.04934
2025-08-19T10:56:58Z	708.00000	1556.31399	1539.17104	1526.04856
2025-08-19T10:56:58Z	708.00000	1556.31422	1539.17167	1526.04848
2025-08-19T10:56:58Z	708.00000	1556.31703	1539.17301	1526.05485
2025-08-19T10:56:58Z	708.00000	1556.31643	1539.17296	1526.05507
2025-08-19T10:56:58Z	708.00000	1556.31407	1539.17233	1526.05253
2025-08-19T10:56:59Z	708.00000	1556.31390	1539.17216	1526.05183
2025-08-19T10:56:59Z	708.00000	1556.31350	1539.17252	1526.05211
2025-08-19T10:56:59Z	708.00000	1556.31290	1539.17230	1526.05084
2025-08-19T10:56:59Z	709.00000	1556.31482	1539.17612	1526.05527
2025-08-19T10:56:59Z	709.00000	1556.31468	1539.17562	1526.05501
2025-08-19T10:56:59Z	709.00000	1556.31343	1539.17233	1526.05269
2025-08-19T10:56:59Z	709.00000	1556.31407	1539.17225	1526.05375
2025-08-19T10:56:59Z	709.00000	1556.31327	1539.17209	1526.05213
2025-08-19T10:56:59Z	709.00000	1556.31331	1539.17072	1526.05321
2025-08-19T10:56:59Z	709.00000	1556.31414	1539.17158	1526.05540
2025-08-19T10:57:00Z	709.00000	1556.31429	1539.17164	1526.05432
2025-08-19T10:57:00Z	709.00000	1556.31416	1539.17176	1526.05670
2025-08-19T10:57:00Z	709.00000	1556.31367	1539.16863	1526.05478
2025-08-19T10:57:00Z	710.00000	1556.31414	1539.17065	1526.05501
2025-08-19T10:57:00Z	710.00000	1556.31417	1539.16763	1526.05201
2025-08-19T10:57:00Z	710.00000	1556.31770	1539.17136	1526.05511
2025-08-19T10:57:00Z	710.00000	1556.31875	1539.17163	1526.05389
2025-08-19T10:57:00Z	710.00000	1556.32045	1539.17159	1526.05332
2025-08-19T10:57:00Z	710.00000	1556.31763	1539.16863	1526.04794
2025-08-19T10:57:00Z	710.00000	1556.32118	1539.17172	1526.05322
2025-08-19T10:57:01Z	710.00000	1556.32220	1539.17082	1526.05137
2025-08-19T10:57:01Z	710.00000	1556.32069	1539.16985	1526.05086
2025-08-19T10:57:01Z	710.00000	1556.31890	1539.16838	1526.04733
2025-08-19T10:57:01Z	711.00000	1556.31996	1539.16895	1526.04870
2025-08-19T10:57:01Z	711.00000	1556.32172	1539.17053	1526.04848
2025-08-19T10:57:01Z	711.00000	1556.32013	1539.16963	1526.04761
2025-08-19T10:57:01Z	711.00000	1556.31977	1539.17079	1526.04655
2025-08-19T10:57:01Z	711.00000	1556.32071	1539.17187	1526.04605
2025-08-19T10:57:01Z	711.00000	1556.32034	1539.17198	1526.04647
2025-08-19T10:57:01Z	711.00000	1556.32107	1539.17190	1526.04634
2025-08-19T10:57:02Z	711.00000	1556.32003	1539.17252	1526.04705
2025-08-19T10:57:02Z	711.00000	1556.31970	1539.17212	1526.04546
2025-08-19T10:57:02Z	711.00000	1556.31923	1539.17150	1526.04652
2025-08-19T10:57:02Z	712.00000	1556.32077	1539.17216	1526.04597
2025-08-19T10:57:02Z	712.00000	1556.32099	1539.17241	1526.05016
2025-08-19T10:57:02Z	712.00000	1556.31925	1539.17208	1526.04705
2025-08-19T10:57:02Z	712.00000	1556.31878	1539.17220	1526.04570
2025-08-19T10:57:02Z	712.00000	1556.32045	1539.17185	1526.04920
2025-08-19T10:57:02Z	712.00000	1556.31803	1539.17214	1526.04572
2025-08-19T10:57:02Z	712.00000	1556.32127	1539.17222	1526.05086
2025-08-19T10:57:03Z	712.00000	1556.31958	1539.17238	1526.05085
2025-08-19T10:57:03Z	712.00000	1556.31684	1539.17261	1526.05034
2025-08-19T10:57:03Z	712.00000	1556.31797	1539.17297	1526.05294
2025-08-19T10:57:03Z	713.00000	1556.31534	1539.17264	1526.04853
2025-08-19T10:57:03Z	713.00000	1556.31411	1539.17213	1526.04709
2025-08-19T10:57:03Z	713.00000	1556.31414	1539.17218	1526.04903
2025-08-19T10:57:03Z	713.00000	1556.31435	1539.17237	1526.04871
2025-08-19T10:57:03Z	713.00000	1556.31413	1539.17188	1526.04896
2025-08-19T10:57:03Z	713.00000	1556.31393	1539.17258	1526.04789
2025-08-19T10:57:03Z	713.00000	1556.31413	1539.17112	1526.04584
2025-08-19T10:57:04Z	713.00000	1556.31338	1539.16978	1526.04315
2025-08-19T10:57:04Z	713.00000	1556.31422	1539.17215	1526.04563
2025-08-19T10:57:04Z	713.00000	1556.31410	1539.17218	1526.04606
2025-08-19T10:57:04Z	714.00000	1556.31892	1539.17393	1526.05339
2025-08-19T10:57:04Z	714.00000	1556.31485	1539.17236	1526.04724
2025-08-19T10:57:04Z	714.00000	1556.31692	1539.17183	1526.04864
2025-08-19T10:57:04Z	714.00000	1556.31428	1539.17006	1526.04533
2025-08-19T10:57:04Z	714.00000	1556.31481	1539.17028	1526.04752
2025-08-19T10:57:04Z	714.00000	1556.31732	1539.17255	1526.04985
2025-08-19T10:57:04Z	714.00000	1556.31427	1539.16737	1526.04584
2025-08-19T10:57:05Z	714.00000	1556.31825	1539.17196	1526.05274
2025-08-19T10:57:05Z	714.00000	1556.31578	1539.16997	1526.05212
2025-08-19T10:57:05Z	714.00000	1556.31768	1539.17058	1526.05205
2025-08-19T10:57:05Z	715.00000	1556.31621	1539.16983	1526.05055
2025-08-19T10:57:05Z	715.00000	1556.31708	1539.17171	1526.04894
2025-08-19T10:57:05Z	715.00000	1556.31433	1539.17077	1526.04554
2025-08-19T10:57:05Z	715.00000	1556.31588	1539.17161	1526.04565
2025-08-19T10:57:05Z	715.00000	1556.31495	1539.17235	1526.04573
2025-08-19T10:57:05Z	715.00000	1556.32051	1539.17378	1526.05163
2025-08-19T10:57:05Z	715.00000	1556.31501	1539.17212	1526.04414
2025-08-19T10:57:06Z	715.00000	1556.31788	1539.17324	1526.04665
2025-08-19T10:57:06Z	715.00000	1556.31394	1539.17214	1526.04254
2025-08-19T10:57:06Z	715.00000	1556.31486	1539.17216	1526.04354
2025-08-19T10:57:06Z	716.00000	1556.32003	1539.17302	1526.04791
2025-08-19T10:57:06Z	716.00000	1556.31516	1539.17138	1526.04386
2025-08-19T10:57:06Z	716.00000	1556.31665	1539.17211	1526.04772
2025-08-19T10:57:06Z	716.00000	1556.31483	1539.17126	1526.04574
2025-08-19T10:57:06Z	716.00000	1556.31440	1539.17241	1526.04800
2025-08-19T10:57:06Z	716.00000	1556.31318	1539.16947	1526.04486
2025-08-19T10:57:06Z	716.00000	1556.30965	1539.16671	1526.04387
2025-08-19T10:57:07Z	716.00000	1556.31401	1539.17228	1526.05387
2025-08-19T10:57:07Z	716.00000	1556.31419	1539.17304	1526.05584
2025-08-19T10:57:07Z	716.00000	1556.31342	1539.17210	1526.05377
2025-08-19T10:57:07Z	717.00000	1556.31221	1539.17118	1526.05231
2025-08-19T10:57:07Z	717.00000	1556.31407	1539.17208	1526.05503
2025-08-19T10:57:07Z	717.00000	1556.31396	1539.16987	1526.05110
2025-08-19T10:57:07Z	717.00000	1556.31075	1539.16535	1526.04592
2025-08-19T10:57:07Z	717.00000	1556.31591	1539.17111	1526.05496
2025-08-19T10:57:07Z	717.00000	1556.32069	1539.17256	1526.05642
2025-08-19T10:57:07Z	717.00000	1556.32024	1539.17222	1526.05487
2025-08-19T10:57:08Z	717.00000	1556.32183	1539.17244	1526.05626
2025-08-19T10:57:08Z	717.00000	1556.32094	1539.17209	1526.05609
2025-08-19T10:57:08Z	717.00000	1556.32136	1539.17316	1526.05599
2025-08-19T10:57:08Z	718.00000	1556.32094	1539.17190	1526.05620
2025-08-19T10:57:08Z	718.00000	1556.32129	1539.17183	1526.05628
2025-08-19T10:57:08Z	718.00000	1556.32113	1539.17127	1526.05527
2025-08-19T10:57:08Z	718.00000	1556.32489	1539.17290	1526.05541
2025-08-19T10:57:08Z	718.00000	1556.32011	1539.17215	1526.05456
2025-08-19T10:57:08Z	718.00000	1556.32176	1539.17227	1526.05566
2025-08-19T10:57:08Z	718.00000	1556.32087	1539.17210	1526.05369
2025-08-19T10:57:09Z	718.00000	1556.32166	1539.17244	1526.05627
2025-08-19T10:57:09Z	718.00000	1556.32036	1539.17219	1526.05495
2025-08-19T10:57:09Z	718.00000	1556.31972	1539.17190	1526.05498
2025-08-19T10:57:09Z	719.00000	1556.31981	1539.17228	1526.05472
2025-08-19T10:57:09Z	719.00000	1556.31746	1539.17225	1526.05380
2025-08-19T10:57:09Z	719.00000	1556.31600	1539.17227	1526.05398
2025-08-19T10:57:09Z	719.00000	1556.31453	1539.17214	1526.05308
2025-08-19T10:57:09Z	719.00000	1556.31453	1539.17177	1526.05260
2025-08-19T10:57:09Z	719.00000	1556.31423	1539.17184	1526.05191
2025-08-19T10:57:09Z	719.00000	1556.31393	1539.17164	1526.05251
2025-08-19T10:57:10Z	719.00000	1556.31404	1539.17187	1526.05246
2025-08-19T10:57:10Z	719.00000	1556.31413	1539.17163	1526.05398
2025-08-19T10:57:10Z	719.00000	1556.31420	1539.17238	1526.05345
2025-08-19T10:57:10Z	720.00000	1556.31422	1539.17133	1526.05229
2025-08-19T10:57:10Z	720.00000	1556.31414	1539.17128	1526.05127
2025-08-19T10:57:10Z	720.00000	1556.31436	1539.17203	1526.05155
2025-08-19T10:57:10Z	720.00000	1556.31451	1539.17185	1526.05245
2025-08-19T10:57:10Z	720.00000	1556.31522	1539.17216	1526.05293
2025-08-19T10:57:10Z	720.00000	1556.31662	1539.17225	1526.05233
2025-08-19T10:57:10Z	720.00000	1556.31671	1539.17173	1526.05196
2025-08-19T10:57:11Z	720.00000	1556.31829	1539.17159	1526.05258
2025-08-19T10:57:11Z	720.00000	1556.31912	1539.17260	1526.05301
2025-08-19T10:57:11Z	720.00000	1556.31874	1539.17225	1526.05258
2025-08-19T10:57:11Z	721.00000	1556.31839	1539.17215	1526.05331
2025-08-19T10:57:11Z	721.00000	1556.31633	1539.17254	1526.05249
2025-08-19T10:57:11Z	721.00000	1556.31609	1539.17228	1526.05391
2025-08-19T10:57:11Z	721.00000	1556.31514	1539.17165	1526.05202
2025-08-19T10:57:11Z	721.00000	1556.31584	1539.17230	1526.05311
2025-08-19T10:57:11Z	721.00000	1556.31472	1539.17199	1526.05274
2025-08-19T10:57:11Z	721.00000	1556.31440	1539.17175	1526.05261
2025-08-19T10:57:12Z	721.00000	1556.31437	1539.17291	1526.05230
2025-08-19T10:57:12Z	721.00000	1556.31416	1539.17222	1526.05352
2025-08-19T10:57:12Z	721.00000	1556.31399	1539.17196	1526.05328
2025-08-19T10:57:12Z	722.00000	1556.31440	1539.17239	1526.05373
2025-08-19T10:57:12Z	722.00000	1556.31375	1539.17186	1526.05289
2025-08-19T10:57:12Z	722.00000	1556.31425	1539.17234	1526.05311
2025-08-19T10:57:12Z	722.00000	1556.31391	1539.17246	1526.05237
2025-08-19T10:57:12Z	722.00000	1556.31422	1539.17307	1526.05482
2025-08-19T10:57:12Z	722.00000	1556.31653	1539.17647	1526.05424
2025-08-19T10:57:12Z	722.00000	1556.32004	1539.17778	1526.05329
2025-08-19T10:57:13Z	722.00000	1556.32005	1539.17522	1526.05343
2025-08-19T10:57:13Z	722.00000	1556.32053	1539.17565	1526.05289
2025-08-19T10:57:13Z	722.00000	1556.31971	1539.17375	1526.05311
2025-08-19T10:57:13Z	723.00000	1556.31924	1539.17295	1526.05217
2025-08-19T10:57:13Z	723.00000	1556.31983	1539.17265	1526.05303
2025-08-19T10:57:13Z	723.00000	1556.31950	1539.17268	1526.05218
2025-08-19T10:57:13Z	723.00000	1556.31887	1539.17198	1526.05172
2025-08-19T10:57:13Z	723.00000	1556.31956	1539.17221	1526.05328
2025-08-19T10:57:13Z	723.00000	1556.31883	1539.17224	1526.05482
2025-08-19T10:57:13Z	723.00000	1556.31905	1539.17199	1526.05426
2025-08-19T10:57:14Z	723.00000	1556.31821	1539.17231	1526.05289
2025-08-19T10:57:14Z	723.00000	1556.31600	1539.17140	1526.05232
2025-08-19T10:57:14Z	723.00000	1556.31626	1539.17195	1526.05271
2025-08-19T10:57:14Z	724.00000	1556.31465	1539.17120	1526.05150
2025-08-19T10:57:14Z	724.00000	1556.31630	1539.17258	1526.05188
2025-08-19T10:57:14Z	724.00000	1556.31565	1539.17274	1526.05398
2025-08-19T10:57:14Z	724.00000	1556.31652	1539.17238	1526.05295
2025-08-19T10:57:14Z	724.00000	1556.31849	1539.17235	1526.05442
2025-08-19T10:57:14Z	724.00000	1556.31789	1539.17234	1526.05512
2025-08-19T10:57:14Z	724.00000	1556.31525	1539.17228	1526.05270
2025-08-19T10:57:15Z	724.00000	1556.31485	1539.17200	1526.05297
2025-08-19T10:57:15Z	724.00000	1556.31509	1539.17222	1526.05417
2025-08-19T10:57:15Z	724.00000	1556.31772	1539.17252	1526.05566
2025-08-19T10:57:15Z	725.00000	1556.31489	1539.17200	1526.05332
2025-08-19T10:57:15Z	725.00000	1556.31538	1539.17261	1526.05503
2025-08-19T10:57:15Z	725.00000	1556.31463	1539.17238	1526.05559
2025-08-19T10:57:15Z	725.00000	1556.31419	1539.17155	1526.05468
2025-08-19T10:57:15Z	725.00000	1556.31460	1539.17272	1526.05592
2025-08-19T10:57:15Z	725.00000	1556.31405	1539.17165	1526.05271
2025-08-19T10:57:15Z	725.00000	1556.31319	1539.16931	1526.04832
2025-08-19T10:57:16Z	725.00000	1556.31142	1539.16785	1526.04669
2025-08-19T10:57:16Z	725.00000	1556.31158	1539.16804	1526.04674
2025-08-19T10:57:16Z	725.00000	1556.31259	1539.16913	1526.04835
2025-08-19T10:57:16Z	726.00000	1556.31322	1539.16996	1526.05083
2025-08-19T10:57:16Z	726.00000	1556.31373	1539.17114	1526.05117
2025-08-19T10:57:16Z	726.00000	1556.31344	1539.17145	1526.05172
2025-08-19T10:57:16Z	726.00000	1556.31369	1539.17206	1526.05190
2025-08-19T10:57:16Z	726.00000	1556.31415	1539.17171	1526.05202
2025-08-19T10:57:16Z	726.00000	1556.31392	1539.17214	1526.05264
2025-08-19T10:57:16Z	726.00000	1556.31439	1539.17195	1526.05491
2025-08-19T10:57:17Z	726.00000	1556.31418	1539.17191	1526.05429
2025-08-19T10:57:17Z	726.00000	1556.31480	1539.17241	1526.05451
2025-08-19T10:57:17Z	726.00000	1556.31484	1539.17250	1526.05535
2025-08-19T10:57:17Z	727.00000	1556.31374	1539.17161	1526.05486
2025-08-19T10:57:17Z	727.00000	1556.31479	1539.17253	1526.05526
2025-08-19T10:57:17Z	727.00000	1556.31405	1539.17268	1526.05389
2025-08-19T10:57:17Z	727.00000	1556.31375	1539.17231	1526.05508
2025-08-19T10:57:17Z	727.00000	1556.31415	1539.17195	1526.05358
2025-08-19T10:57:17Z	727.00000	1556.31405	1539.17236	1526.05410
2025-08-19T10:57:17Z	727.00000	1556.31395	1539.17182	1526.05331
2025-08-19T10:57:18Z	727.00000	1556.31418	1539.17214	1526.05413
2025-08-19T10:57:18Z	727.00000	1556.31403	1539.17187	1526.05314
2025-08-19T10:57:18Z	727.00000	1556.31397	1539.17228	1526.05227
2025-08-19T10:57:18Z	728.00000	1556.31402	1539.17234	1526.05305
2025-08-19T10:57:18Z	728.00000	1556.31393	1539.17140	1526.05177
2025-08-19T10:57:18Z	728.00000	1556.31435	1539.17190	1526.05089
2025-08-19T10:57:18Z	728.00000	1556.31426	1539.17055	1526.05148
2025-08-19T10:57:18Z	728.00000	1556.31390	1539.17140	1526.05230
2025-08-19T10:57:18Z	728.00000	1556.31414	1539.17069	1526.04996
2025-08-19T10:57:18Z	728.00000	1556.31441	1539.17110	1526.05172
2025-08-19T10:57:19Z	728.00000	1556.31334	1539.16954	1526.04960
2025-08-19T10:57:19Z	728.00000	1556.31359	1539.17017	1526.05085
2025-08-19T10:57:19Z	728.00000	1556.31326	1539.16906	1526.04947
2025-08-19T10:57:19Z	729.00000	1556.31405	1539.17037	1526.05135
2025-08-19T10:57:19Z	729.00000	1556.31404	1539.16869	1526.04936
2025-08-19T10:57:19Z	729.00000	1556.31442	1539.17039	1526.05072
2025-08-19T10:57:19Z	729.00000	1556.31459	1539.17113	1526.05368
2025-08-19T10:57:19Z	729.00000	1556.31366	1539.16819	1526.04672
2025-08-19T10:57:19Z	729.00000	1556.31360	1539.16847	1526.04722
2025-08-19T10:57:19Z	729.00000	1556.31419	1539.17066	1526.05059
2025-08-19T10:57:20Z	729.00000	1556.31326	1539.16742	1526.04678
2025-08-19T10:57:20Z	729.00000	1556.31417	1539.17042	1526.05096
2025-08-19T10:57:20Z	729.00000	1556.31360	1539.16917	1526.04735
2025-08-19T10:57:20Z	730.00000	1556.31302	1539.16839	1526.04763
2025-08-19T10:57:20Z	730.00000	1556.31361	1539.16946	1526.05070
2025-08-19T10:57:20Z	730.00000	1556.31300	1539.16744	1526.04571
2025-08-19T10:57:20Z	730.00000	1556.31397	1539.16877	1526.04660
2025-08-19T10:57:20Z	730.00000	1556.31415	1539.17102	1526.05062
2025-08-19T10:57:20Z	730.00000	1556.31386	1539.17026	1526.04799
2025-08-19T10:57:20Z	730.00000	1556.31418	1539.17130	1526.05090
2025-08-19T10:57:21Z	730.00000	1556.31402	1539.17033	1526.04816
2025-08-19T10:57:21Z	730.00000	1556.31427	1539.17090	1526.04865
2025-08-19T10:57:21Z	730.00000	1556.31424	1539.17080	1526.04785
2025-08-19T10:57:21Z	731.00000	1556.31641	1539.17276	1526.05381
2025-08-19T10:57:21Z	731.00000	1556.31627	1539.17236	1526.05307
2025-08-19T10:57:21Z	731.00000	1556.31401	1539.17167	1526.04968
2025-08-19T10:57:21Z	731.00000	1556.31522	1539.17173	1526.05356
2025-08-19T10:57:21Z	731.00000	1556.31401	1539.17193	1526.05337
2025-08-19T10:57:21Z	731.00000	1556.31458	1539.17238	1526.05302
2025-08-19T10:57:21Z	731.00000	1556.31435	1539.17162	1526.05346
2025-08-19T10:57:22Z	731.00000	1556.31439	1539.17188	1526.05210
2025-08-19T10:57:22Z	731.00000	1556.31417	1539.17212	1526.05239
2025-08-19T10:57:22Z	731.00000	1556.31497	1539.17178	1526.05367
2025-08-19T10:57:22Z	732.00000	1556.31394	1539.17201	1526.05192
2025-08-19T10:57:22Z	732.00000	1556.31412	1539.17173	1526.05211
2025-08-19T10:57:22Z	732.00000	1556.31478	1539.17191	1526.05320
2025-08-19T10:57:22Z	732.00000	1556.31696	1539.17265	1526.05401
2025-08-19T10:57:22Z	732.00000	1556.32013	1539.17249	1526.05269
2025-08-19T10:57:22Z	732.00000	1556.32377	1539.17294	1526.05223
2025-08-19T10:57:22Z	732.00000	1556.32191	1539.17346	1526.05317
2025-08-19T10:57:23Z	732.00000	1556.32393	1539.17371	1526.05493
2025-08-19T10:57:23Z	732.00000	1556.32188	1539.17330	1526.05573
2025-08-19T10:57:23Z	732.00000	1556.32224	1539.17221	1526.05385
2025-08-19T10:57:23Z	733.00000	1556.32676	1539.17162	1526.05423
2025-08-19T10:57:23Z	733.00000	1556.32686	1539.17140	1526.05380
2025-08-19T10:57:23Z	733.00000	1556.32135	1539.16931	1526.05280
2025-08-19T10:57:23Z	733.00000	1556.32214	1539.17103	1526.05255
2025-08-19T10:57:23Z	733.00000	1556.31740	1539.17074	1526.05197
2025-08-19T10:57:23Z	733.00000	1556.31430	1539.16939	1526.04921
2025-08-19T10:57:23Z	733.00000	1556.31436	1539.17140	1526.05102
2025-08-19T10:57:24Z	733.00000	1556.31419	1539.17238	1526.05210
2025-08-19T10:57:24Z	733.00000	1556.31429	1539.17232	1526.05232
2025-08-19T10:57:24Z	733.00000	1556.31389	1539.17215	1526.05181
2025-08-19T10:57:24Z	734.00000	1556.31366	1539.16935	1526.04891
2025-08-19T10:57:24Z	734.00000	1556.31286	1539.16850	1526.04854
2025-08-19T10:57:24Z	734.00000	1556.31329	1539.16917	1526.04709
2025-08-19T10:57:24Z	734.00000	1556.31337	1539.17135	1526.05175
2025-08-19T10:57:24Z	734.00000	1556.31297	1539.17072	1526.04975
2025-08-19T10:57:24Z	734.00000	1556.31356	1539.17231	1526.05247
2025-08-19T10:57:24Z	734.00000	1556.31089	1539.17005	1526.04836
2025-08-19T10:57:25Z	734.00000	1556.31230	1539.17121	1526.05139
2025-08-19T10:57:25Z	734.00000	1556.31317	1539.17257	1526.05040
2025-08-19T10:57:25Z	734.00000	1556.31293	1539.17129	1526.05047
2025-08-19T10:57:25Z	735.00000	1556.31220	1539.17031	1526.04837
2025-08-19T10:57:25Z	735.00000	1556.31134	1539.16768	1526.04799
2025-08-19T10:57:25Z	735.00000	1556.31374	1539.16975	1526.05350
2025-08-19T10:57:25Z	735.00000	1556.31047	1539.16409	1526.04588
2025-08-19T10:57:25Z	735.00000	1556.31377	1539.16971	1526.05146
2025-08-19T10:57:25Z	735.00000	1556.31221	1539.16609	1526.04792
2025-08-19T10:57:25Z	735.00000	1556.31339	1539.16816	1526.04971
2025-08-19T10:57:26Z	735.00000	1556.31345	1539.16904	1526.04684
2025-08-19T10:57:26Z	735.00000	1556.31341	1539.16824	1526.04640
2025-08-19T10:57:26Z	735.00000	1556.31049	1539.16415	1526.04297
2025-08-19T10:57:26Z	736.00000	1556.31306	1539.16768	1526.04659
2025-08-19T10:57:26Z	736.00000	1556.31004	1539.16338	1526.04336
2025-08-19T10:57:26Z	736.00000	1556.30966	1539.16412	1526.04268
2025-08-19T10:57:26Z	736.00000	1556.31336	1539.16845	1526.04775
2025-08-19T10:57:26Z	736.00000	1556.31193	1539.16706	1526.04882
2025-08-19T10:57:26Z	736.00000	1556.31319	1539.16922	1526.05156
2025-08-19T10:57:26Z	736.00000	1556.31139	1539.16742	1526.04808
2025-08-19T10:57:27Z	736.00000	1556.31674	1539.17274	1526.05448
2025-08-19T10:57:27Z	736.00000	1556.31515	1539.17220	1526.05465
2025-08-19T10:57:27Z	736.00000	1556.31416	1539.17232	1526.05349
2025-08-19T10:57:27Z	737.00000	1556.31385	1539.17108	1526.05149
2025-08-19T10:57:27Z	737.00000	1556.31416	1539.17127	1526.04917
2025-08-19T10:57:27Z	737.00000	1556.31313	1539.16909	1526.04617
2025-08-19T10:57:27Z	737.00000	1556.31373	1539.17062	1526.04795
2025-08-19T10:57:27Z	737.00000	1556.31348	1539.17044	1526.04635
2025-08-19T10:57:27Z	737.00000	1556.31326	1539.17061	1526.04672
2025-08-19T10:57:27Z	737.00000	1556.31330	1539.16978	1526.04511
2025-08-19T10:57:28Z	737.00000	1556.31336	1539.17062	1526.04676
2025-08-19T10:57:28Z	737.00000	1556.31317	1539.17031	1526.04666
2025-08-19T10:57:28Z	737.00000	1556.31326	1539.17084	1526.04936
2025-08-19T10:57:28Z	738.00000	1556.31380	1539.17079	1526.04745
2025-08-19T10:57:28Z	738.00000	1556.31286	1539.16972	1526.04691
2025-08-19T10:57:28Z	738.00000	1556.31311	1539.16975	1526.04768
2025-08-19T10:57:28Z	738.00000	1556.31360	1539.16904	1526.04528
2025-08-19T10:57:28Z	738.00000	1556.31314	1539.17053	1526.04915
2025-08-19T10:57:28Z	738.00000	1556.31310	1539.16870	1526.04889
2025-08-19T10:57:28Z	738.00000	1556.31333	1539.16786	1526.04551
2025-08-19T10:57:29Z	738.00000	1556.31287	1539.16803	1526.04667
2025-08-19T10:57:29Z	738.00000	1556.31315	1539.16973	1526.04655
2025-08-19T10:57:29Z	738.00000	1556.31369	1539.17197	1526.04732
2025-08-19T10:57:29Z	739.00000	1556.31307	1539.17049	1526.04627
2025-08-19T10:57:29Z	739.00000	1556.31335	1539.16872	1526.04478
2025-08-19T10:57:29Z	739.00000	1556.31269	1539.16986	1526.04703
2025-08-19T10:57:29Z	739.00000	1556.31087	1539.16735	1526.04411
2025-08-19T10:57:29Z	739.00000	1556.31269	1539.16995	1526.04538
2025-08-19T10:57:29Z	739.00000	1556.31384	1539.17236	1526.04943
2025-08-19T10:57:29Z	739.00000	1556.31189	1539.16896	1526.04435
2025-08-19T10:57:30Z	739.00000	1556.31343	1539.17069	1526.04556
2025-08-19T10:57:30Z	739.00000	1556.31344	1539.17079	1526.04591
2025-08-19T10:57:30Z	739.00000	1556.31394	1539.17190	1526.04801
2025-08-19T10:57:30Z	740.00000	1556.31272	1539.16859	1526.04413
2025-08-19T10:57:30Z	740.00000	1556.31369	1539.17020	1526.04650
2025-08-19T10:57:30Z	740.00000	1556.31314	1539.16821	1526.04567
2025-08-19T10:57:30Z	740.00000	1556.31397	1539.17053	1526.04777
2025-08-19T10:57:30Z	740.00000	1556.31348	1539.16804	1526.04574
2025-08-19T10:57:30Z	740.00000	1556.31451	1539.16967	1526.04896
2025-08-19T10:57:30Z	740.00000	1556.31403	1539.16761	1526.04558
2025-08-19T10:57:31Z	740.00000	1556.31430	1539.17169	1526.05034
2025-08-19T10:57:31Z	740.00000	1556.31423	1539.17060	1526.04794
2025-08-19T10:57:31Z	740.00000	1556.31420	1539.17008	1526.05004
2025-08-19T10:57:31Z	741.00000	1556.31427	1539.16948	1526.04665
2025-08-19T10:57:31Z	741.00000	1556.31443	1539.17037	1526.04768
2025-08-19T10:57:31Z	741.00000	1556.31408	1539.16848	1526.04609
2025-08-19T10:57:31Z	741.00000	1556.31449	1539.16975	1526.04638
2025-08-19T10:57:31Z	741.00000	1556.31429	1539.17062	1526.04791
2025-08-19T10:57:31Z	741.00000	1556.31405	1539.16917	1526.04956
2025-08-19T10:57:31Z	741.00000	1556.31408	1539.16962	1526.04556
2025-08-19T10:57:32Z	741.00000	1556.31391	1539.16983	1526.04940
2025-08-19T10:57:32Z	741.00000	1556.31394	1539.16756	1526.04616
2025-08-19T10:57:32Z	742.00000	1556.31387	1539.16686	1526.04531
2025-08-19T10:57:32Z	742.00000	1556.31482	1539.17220	1526.05425
2025-08-19T10:57:32Z	742.00000	1556.31545	1539.17208	1526.05514
2025-08-19T10:57:32Z	742.00000	1556.31618	1539.17225	1526.05496
2025-08-19T10:57:32Z	742.00000	1556.31561	1539.17234	1526.05366
2025-08-19T10:57:33Z	742.00000	1556.31507	1539.17231	1526.05199
2025-08-19T10:57:33Z	742.00000	1556.31696	1539.17267	1526.05477
2025-08-19T10:57:33Z	742.00000	1556.31620	1539.17214	1526.05535
2025-08-19T10:57:33Z	743.00000	1556.31735	1539.17280	1526.05488
2025-08-19T10:57:33Z	743.00000	1556.31703	1539.17265	1526.05428
2025-08-19T10:57:33Z	743.00000	1556.31723	1539.17260	1526.05468
2025-08-19T10:57:33Z	743.00000	1556.31629	1539.17275	1526.05382
2025-08-19T10:57:33Z	743.00000	1556.31630	1539.17298	1526.05357
2025-08-19T10:57:33Z	743.00000	1556.31814	1539.17337	1526.05465
2025-08-19T10:57:34Z	743.00000	1556.31651	1539.17299	1526.05412
2025-08-19T10:57:34Z	743.00000	1556.31889	1539.17428	1526.05440
2025-08-19T10:57:34Z	743.00000	1556.31699	1539.17312	1526.05295
2025-08-19T10:57:34Z	744.00000	1556.31885	1539.17346	1526.05492
2025-08-19T10:57:34Z	744.00000	1556.31802	1539.17358	1526.05383
2025-08-19T10:57:34Z	744.00000	1556.31886	1539.17356	1526.05611
2025-08-19T10:57:34Z	744.00000	1556.31900	1539.17363	1526.05580
2025-08-19T10:57:34Z	744.00000	1556.31784	1539.17268	1526.05598
2025-08-19T10:57:35Z	744.00000	1556.31930	1539.17361	1526.05554
2025-08-19T10:57:35Z	744.00000	1556.32026	1539.17387	1526.05473
2025-08-19T10:57:35Z	744.00000	1556.32036	1539.17293	1526.05643
2025-08-19T10:57:35Z	745.00000	1556.32068	1539.17722	1526.05558
2025-08-19T10:57:35Z	745.00000	1556.32187	1539.17927	1526.05428
2025-08-19T10:57:35Z	745.00000	1556.32217	1539.17723	1526.05609
2025-08-19T10:57:35Z	745.00000	1556.32152	1539.17343	1526.05544
2025-08-19T10:57:35Z	745.00000	1556.32062	1539.17328	1526.05618
2025-08-19T10:57:36Z	745.00000	1556.32144	1539.17258	1526.05603
2025-08-19T10:57:36Z	745.00000	1556.32045	1539.17224	1526.05456
2025-08-19T10:57:36Z	746.00000	1556.31715	1539.17318	1526.05574
2025-08-19T10:57:36Z	746.00000	1556.31539	1539.17243	1526.05508
2025-08-19T10:57:36Z	746.00000	1556.31430	1539.17289	1526.05569
2025-08-19T10:57:36Z	746.00000	1556.31397	1539.17243	1526.05684
2025-08-19T10:57:36Z	746.00000	1556.31503	1539.17320	1526.05420
2025-08-19T10:57:36Z	746.00000	1556.31517	1539.17262	1526.05541
2025-08-19T10:57:36Z	746.00000	1556.31739	1539.17321	1526.05541
2025-08-19T10:57:37Z	746.00000	1556.31503	1539.17275	1526.05521
2025-08-19T10:57:37Z	746.00000	1556.31507	1539.17329	1526.05524
2025-08-19T10:57:37Z	746.00000	1556.31497	1539.17284	1526.05560
2025-08-19T10:57:37Z	747.00000	1556.31554	1539.17239	1526.05591
2025-08-19T10:57:37Z	747.00000	1556.31583	1539.17246	1526.05657
2025-08-19T10:57:37Z	747.00000	1556.31700	1539.17313	1526.05579
2025-08-19T10:57:37Z	747.00000	1556.31584	1539.17332	1526.05562
2025-08-19T10:57:37Z	747.00000	1556.31725	1539.17335	1526.05578
2025-08-19T10:57:37Z	747.00000	1556.31615	1539.17364	1526.05632
2025-08-19T10:57:38Z	747.00000	1556.31731	1539.17369	1526.05650
2025-08-19T10:57:38Z	747.00000	1556.31634	1539.17296	1526.05572
2025-08-19T10:57:38Z	748.00000	1556.31681	1539.17333	1526.05559
2025-08-19T10:57:38Z	748.00000	1556.31675	1539.17347	1526.05579
2025-08-19T10:57:38Z	748.00000	1556.31483	1539.17325	1526.05534
2025-08-19T10:57:38Z	748.00000	1556.31450	1539.17334	1526.05601
2025-08-19T10:57:38Z	748.00000	1556.31437	1539.17338	1526.05457
2025-08-19T10:57:39Z	748.00000	1556.31431	1539.17365	1526.05634
2025-08-19T10:57:39Z	748.00000	1556.32053	1539.17835	1526.05667
2025-08-19T10:57:39Z	749.00000	1556.32333	1539.17921	1526.05602
2025-08-19T10:57:39Z	749.00000	1556.32485	1539.17538	1526.05697
2025-08-19T10:57:39Z	749.00000	1556.31560	1539.17286	1526.05227
2025-08-19T10:57:39Z	749.00000	1556.31388	1539.17047	1526.05109
2025-08-19T10:57:40Z	749.00000	1556.31399	1539.17009	1526.05392
2025-08-19T10:57:40Z	750.00000	1556.31253	1539.16779	1526.05043
2025-08-19T10:57:40Z	750.00000	1556.31338	1539.16900	1526.05411
2025-08-19T10:57:40Z	750.00000	1556.31278	1539.16804	1526.05278
2025-08-19T10:57:40Z	750.00000	1556.31282	1539.16627	1526.05048
2025-08-19T10:57:41Z	750.00000	1556.31431	1539.17143	1526.05418
2025-08-19T10:57:41Z	750.00000	1556.31443	1539.16906	1526.05317
2025-08-19T10:57:41Z	751.00000	1556.31431	1539.16789	1526.05008
2025-08-19T10:57:41Z	751.00000	1556.31552	1539.17065	1526.05293
2025-08-19T10:57:41Z	751.00000	1556.31403	1539.16412	1526.04735
2025-08-19T10:57:41Z	751.00000	1556.31826	1539.17206	1526.05416
2025-08-19T10:57:41Z	751.00000	1556.31379	1539.16789	1526.04833
2025-08-19T10:57:41Z	751.00000	1556.32054	1539.17608	1526.05640
2025-08-19T10:57:42Z	751.00000	1556.31763	1539.17255	1526.05480
2025-08-19T10:57:42Z	751.00000	1556.31662	1539.17220	1526.05400
2025-08-19T10:57:42Z	752.00000	1556.31634	1539.17274	1526.05365
2025-08-19T10:57:42Z	752.00000	1556.31852	1539.17318	1526.05544
2025-08-19T10:57:42Z	752.00000	1556.31610	1539.17240	1526.05311
2025-08-19T10:57:42Z	752.00000	1556.31551	1539.17275	1526.05346
2025-08-19T10:57:43Z	752.00000	1556.31385	1539.17219	1526.05287
2025-08-19T10:57:43Z	752.00000	1556.31421	1539.17208	1526.05490
2025-08-19T10:57:43Z	753.00000	1556.31437	1539.17212	1526.05632
2025-08-19T10:57:43Z	753.00000	1556.31383	1539.17232	1526.05557
2025-08-19T10:57:43Z	753.00000	1556.31445	1539.17193	1526.05620
2025-08-19T10:57:43Z	753.00000	1556.31424	1539.17176	1526.05634
2025-08-19T10:57:43Z	753.00000	1556.31407	1539.17245	1526.05621
2025-08-19T10:57:43Z	753.00000	1556.31398	1539.17306	1526.05552
2025-08-19T10:57:44Z	753.00000	1556.31408	1539.17332	1526.05601
2025-08-19T10:57:44Z	753.00000	1556.30944	1539.17086	1526.05327
2025-08-19T10:57:44Z	753.00000	1556.31059	1539.17149	1526.05298
2025-08-19T10:57:44Z	754.00000	1556.31680	1539.17366	1526.05606
2025-08-19T10:57:44Z	754.00000	1556.31437	1539.17203	1526.05452
2025-08-19T10:57:44Z	754.00000	1556.31531	1539.17254	1526.05496
2025-08-19T10:57:44Z	754.00000	1556.31673	1539.17244	1526.05593
2025-08-19T10:57:44Z	754.00000	1556.31514	1539.17239	1526.05393
2025-08-19T10:57:44Z	754.00000	1556.31539	1539.17210	1526.05210
2025-08-19T10:57:44Z	754.00000	1556.31486	1539.17141	1526.05048
2025-08-19T10:57:45Z	754.00000	1556.31528	1539.17225	1526.05265
2025-08-19T10:57:45Z	754.00000	1556.31460	1539.17147	1526.05183
2025-08-19T10:57:45Z	754.00000	1556.31575	1539.17213	1526.05395
2025-08-19T10:57:45Z	755.00000	1556.31437	1539.17127	1526.05109
2025-08-19T10:57:45Z	755.00000	1556.31419	1539.17212	1526.05070
2025-08-19T10:57:45Z	755.00000	1556.31541	1539.17241	1526.05211
2025-08-19T10:57:45Z	755.00000	1556.31505	1539.17236	1526.05325
2025-08-19T10:57:45Z	755.00000	1556.31427	1539.17226	1526.05087
2025-08-19T10:57:45Z	755.00000	1556.31422	1539.17118	1526.04768
2025-08-19T10:57:45Z	755.00000	1556.32042	1539.17526	1526.05488
2025-08-19T10:57:46Z	755.00000	1556.31874	1539.17358	1526.05588
2025-08-19T10:57:46Z	755.00000	1556.31757	1539.17290	1526.05450
2025-08-19T10:57:46Z	755.00000	1556.32085	1539.17366	1526.05626
2025-08-19T10:57:46Z	756.00000	1556.31882	1539.17301	1526.05494
2025-08-19T10:57:46Z	756.00000	1556.31901	1539.17307	1526.05624
2025-08-19T10:57:46Z	756.00000	1556.31845	1539.17258	1526.05615
2025-08-19T10:57:46Z	756.00000	1556.31551	1539.17259	1526.05341
2025-08-19T10:57:46Z	756.00000	1556.32145	1539.17377	1526.05629
2025-08-19T10:57:46Z	756.00000	1556.31782	1539.17250	1526.05479
2025-08-19T10:57:46Z	756.00000	1556.31958	1539.17328	1526.05602
2025-08-19T10:57:47Z	756.00000	1556.31832	1539.17289	1526.05563
2025-08-19T10:57:47Z	756.00000	1556.31695	1539.17224	1526.05377
2025-08-19T10:57:47Z	756.00000	1556.32024	1539.17363	1526.05570
2025-08-19T10:57:47Z	757.00000	1556.31988	1539.17397	1526.05570
2025-08-19T10:57:47Z	757.00000	1556.31950	1539.17369	1526.05549
2025-08-19T10:57:47Z	757.00000	1556.32135	1539.17547	1526.05558
2025-08-19T10:57:47Z	757.00000	1556.32543	1539.18123	1526.05659
2025-08-19T10:57:47Z	757.00000	1556.31724	1539.17346	1526.05577
2025-08-19T10:57:47Z	757.00000	1556.31683	1539.17367	1526.05553
2025-08-19T10:57:47Z	757.00000	1556.31287	1539.16986	1526.04435
2025-08-19T10:57:48Z	757.00000	1556.32314	1539.18079	1526.05620
2025-08-19T10:57:48Z	757.00000	1556.34032	1539.19497	1526.07432
2025-08-19T10:57:48Z	757.00000	1556.33407	1539.19117	1526.06608
2025-08-19T10:57:48Z	758.00000	1556.33908	1539.19379	1526.07368
2025-08-19T10:57:48Z	758.00000	1556.34420	1539.20227	1526.07886
2025-08-19T10:57:48Z	758.00000	1556.34104	1539.20010	1526.07642
2025-08-19T10:57:48Z	758.00000	1556.34409	1539.20223	1526.07911
2025-08-19T10:57:48Z	758.00000	1556.34477	1539.20268	1526.07790
2025-08-19T10:57:48Z	758.00000	1556.35563	1539.21201	1526.08132
2025-08-19T10:57:48Z	758.00000	1556.35327	1539.20397	1526.07933
2025-08-19T10:57:49Z	758.00000	1556.35148	1539.20312	1526.07864
2025-08-19T10:57:49Z	758.00000	1556.34434	1539.20203	1526.07815
2025-08-19T10:57:49Z	758.00000	1556.34448	1539.20196	1526.07862
2025-08-19T10:57:49Z	759.00000	1556.33193	1539.18925	1526.06123
2025-08-19T10:57:49Z	759.00000	1556.29813	1539.15514	1526.02747
2025-08-19T10:57:49Z	759.00000	1556.26780	1539.12888	1525.99954
2025-08-19T10:57:49Z	759.00000	1556.26621	1539.12530	1525.99461
2025-08-19T10:57:49Z	759.00000	1556.26180	1539.12021	1525.98977
2025-08-19T10:57:49Z	759.00000	1556.25544	1539.11100	1525.97991
2025-08-19T10:57:49Z	759.00000	1556.23446	1539.09657	1525.96348
2025-08-19T10:57:50Z	759.00000	1556.23133	1539.08778	1525.95398
2025-08-19T10:57:50Z	759.00000	1556.24087	1539.09824	1525.96414
2025-08-19T10:57:50Z	759.00000	1556.23301	1539.09232	1525.96041
2025-08-19T10:57:50Z	760.00000	1556.22172	1539.08216	1525.95538
2025-08-19T10:57:50Z	760.00000	1556.22086	1539.07936	1525.95097
2025-08-19T10:57:50Z	760.00000	1556.22845	1539.08680	1525.95404
2025-08-19T10:57:50Z	760.00000	1556.23800	1539.09764	1525.96337
2025-08-19T10:57:50Z	760.00000	1556.23412	1539.09596	1525.96234
2025-08-19T10:57:50Z	760.00000	1556.22879	1539.08631	1525.95542
2025-08-19T10:57:50Z	760.00000	1556.24271	1539.09748	1525.96426
2025-08-19T10:57:51Z	760.00000	1556.24342	1539.09746	1525.96540
2025-08-19T10:57:51Z	760.00000	1556.24106	1539.09714	1525.96416
2025-08-19T10:57:51Z	760.00000	1556.24383	1539.09821	1525.96882
2025-08-19T10:57:51Z	761.00000	1556.24730	1539.10282	1525.97220
2025-08-19T10:57:51Z	761.00000	1556.18769	1539.04208	1525.91021
2025-08-19T10:57:51Z	761.00000	1556.20498	1539.05936	1525.92584
2025-08-19T10:57:51Z	761.00000	1556.19920	1539.05503	1525.92398
2025-08-19T10:57:51Z	761.00000	1556.20036	1539.05750	1525.92522
2025-08-19T10:57:51Z	761.00000	1556.20015	1539.05989	1525.92601
2025-08-19T10:57:51Z	761.00000	1556.19839	1539.05823	1525.92254
2025-08-19T10:57:52Z	761.00000	1556.20158	1539.06233	1525.92709
2025-08-19T10:57:52Z	761.00000	1556.19827	1539.05786	1525.92480
2025-08-19T10:57:52Z	761.00000	1556.19850	1539.05837	1525.92600
2025-08-19T10:57:52Z	762.00000	1556.19846	1539.05800	1525.92815
2025-08-19T10:57:52Z	762.00000	1556.19887	1539.05762	1525.92805
2025-08-19T10:57:52Z	762.00000	1556.19860	1539.05788	1525.92746
2025-08-19T10:57:52Z	762.00000	1556.19862	1539.05812	1525.92825
2025-08-19T10:57:52Z	762.00000	1556.19847	1539.05774	1525.92699
2025-08-19T10:57:52Z	762.00000	1556.19850	1539.05641	1525.92712
2025-08-19T10:57:52Z	762.00000	1556.19848	1539.05501	1525.92673
2025-08-19T10:57:53Z	762.00000	1556.19809	1539.05543	1525.92709
2025-08-19T10:57:53Z	762.00000	1556.19869	1539.05531	1525.92737
2025-08-19T10:57:53Z	762.00000	1556.19808	1539.05443	1525.92729
2025-08-19T10:57:53Z	763.00000	1556.19905	1539.05523	1525.92755
2025-08-19T10:57:53Z	763.00000	1556.19843	1539.05108	1525.92601
2025-08-19T10:57:53Z	763.00000	1556.19670	1539.05081	1525.92597
2025-08-19T10:57:53Z	763.00000	1556.19378	1539.05053	1525.92517
2025-08-19T10:57:53Z	763.00000	1556.19187	1539.04866	1525.92404
2025-08-19T10:57:53Z	763.00000	1556.18995	1539.04907	1525.92433
2025-08-19T10:57:53Z	763.00000	1556.18855	1539.04842	1525.92554
2025-08-19T10:57:54Z	763.00000	1556.18797	1539.04892	1525.92548
2025-08-19T10:57:54Z	763.00000	1556.18774	1539.04884	1525.92400
2025-08-19T10:57:54Z	763.00000	1556.18760	1539.04906	1525.92481
2025-08-19T10:57:54Z	764.00000	1556.18718	1539.04944	1525.92435
2025-08-19T10:57:54Z	764.00000	1556.18752	1539.04816	1525.92317
2025-08-19T10:57:54Z	764.00000	1556.18772	1539.04842	1525.92494
2025-08-19T10:57:54Z	764.00000	1556.18772	1539.04846	1525.92504
2025-08-19T10:57:54Z	764.00000	1556.18804	1539.04922	1525.92434
2025-08-19T10:57:54Z	764.00000	1556.18795	1539.04719	1525.92417
2025-08-19T10:57:54Z	764.00000	1556.19174	1539.04764	1525.92426
2025-08-19T10:57:55Z	764.00000	1556.19744	1539.04905	1525.92540
2025-08-19T10:57:55Z	764.00000	1556.19545	1539.04573	1525.92242
2025-08-19T10:57:55Z	764.00000	1556.19404	1539.04368	1525.91940
2025-08-19T10:57:55Z	765.00000	1556.19406	1539.04602	1525.92236
2025-08-19T10:57:55Z	765.00000	1556.19066	1539.04466	1525.92059
2025-08-19T10:57:55Z	765.00000	1556.19100	1539.04606	1525.92151
2025-08-19T10:57:55Z	765.00000	1556.19283	1539.04634	1525.92272
2025-08-19T10:57:55Z	765.00000	1556.19107	1539.04683	1525.92252
2025-08-19T10:57:55Z	765.00000	1556.18791	1539.04573	1525.92233
2025-08-19T10:57:55Z	765.00000	1556.18753	1539.04545	1525.92170
2025-08-19T10:57:56Z	765.00000	1556.18798	1539.04621	1525.92208
2025-08-19T10:57:56Z	765.00000	1556.18800	1539.04401	1525.91798
2025-08-19T10:57:56Z	765.00000	1556.18813	1539.04613	1525.91927
2025-08-19T10:57:56Z	766.00000	1556.19043	1539.04714	1525.92127
2025-08-19T10:57:56Z	766.00000	1556.19212	1539.04839	1525.92072
2025-08-19T10:57:56Z	766.00000	1556.18918	1539.04706	1525.91748
2025-08-19T10:57:56Z	766.00000	1556.18987	1539.04800	1525.91807
2025-08-19T10:57:56Z	766.00000	1556.18784	1539.04672	1525.91568
2025-08-19T10:57:56Z	766.00000	1556.18795	1539.04655	1525.91369
2025-08-19T10:57:56Z	766.00000	1556.18819	1539.04978	1525.92025
2025-08-19T10:57:57Z	766.00000	1556.18752	1539.04807	1525.92037
2025-08-19T10:57:57Z	766.00000	1556.18555	1539.04722	1525.91628
2025-08-19T10:57:57Z	766.00000	1556.18440	1539.04682	1525.91568
2025-08-19T10:57:57Z	767.00000	1556.18472	1539.04733	1525.91911
2025-08-19T10:57:57Z	767.00000	1556.18497	1539.04822	1525.92139
2025-08-19T10:57:57Z	767.00000	1556.18761	1539.05167	1525.92347
2025-08-19T10:57:57Z	767.00000	1556.18731	1539.04967	1525.92331
2025-08-19T10:57:57Z	767.00000	1556.18770	1539.05101	1525.92507
2025-08-19T10:57:57Z	767.00000	1556.18801	1539.05052	1525.92404
2025-08-19T10:57:57Z	767.00000	1556.18807	1539.05015	1525.92529
2025-08-19T10:57:58Z	767.00000	1556.18838	1539.05044	1525.92531
2025-08-19T10:57:58Z	767.00000	1556.18808	1539.04964	1525.92403
2025-08-19T10:57:58Z	767.00000	1556.18758	1539.04822	1525.92393
2025-08-19T10:57:58Z	768.00000	1556.18838	1539.05114	1525.92574
2025-08-19T10:57:58Z	768.00000	1556.19174	1539.04938	1525.92491
2025-08-19T10:57:58Z	768.00000	1556.19672	1539.05245	1525.92556
2025-08-19T10:57:58Z	768.00000	1556.19773	1539.05454	1525.92526
2025-08-19T10:57:58Z	768.00000	1556.19757	1539.05528	1525.92503
2025-08-19T10:57:58Z	768.00000	1556.19849	1539.05759	1525.92646
2025-08-19T10:57:58Z	768.00000	1556.19490	1539.05454	1525.92535
2025-08-19T10:57:59Z	768.00000	1556.19560	1539.05551	1525.92595
2025-08-19T10:57:59Z	768.00000	1556.19587	1539.05538	1525.92563
2025-08-19T10:57:59Z	768.00000	1556.19623	1539.05581	1525.92595
2025-08-19T10:57:59Z	769.00000	1556.19466	1539.05438	1525.92512
2025-08-19T10:57:59Z	769.00000	1556.19658	1539.05513	1525.92682
2025-08-19T10:57:59Z	769.00000	1556.19642	1539.05363	1525.92762
2025-08-19T10:57:59Z	769.00000	1556.19686	1539.05414	1525.92642
2025-08-19T10:57:59Z	769.00000	1556.19510	1539.05202	1525.92817
2025-08-19T10:57:59Z	769.00000	1556.19515	1539.05228	1525.92739
2025-08-19T10:57:59Z	769.00000	1556.19089	1539.05048	1525.92756
2025-08-19T10:58:00Z	769.00000	1556.18893	1539.04840	1525.92707
2025-08-19T10:58:00Z	769.00000	1556.18773	1539.04741	1525.92566
2025-08-19T10:58:00Z	769.00000	1556.18772	1539.04742	1525.92462
2025-08-19T10:58:00Z	770.00000	1556.18790	1539.04533	1525.92363
2025-08-19T10:58:00Z	770.00000	1556.18751	1539.04646	1525.92376
2025-08-19T10:58:00Z	770.00000	1556.18760	1539.04674	1525.92307
2025-08-19T10:58:00Z	770.00000	1556.18787	1539.04611	1525.92309
2025-08-19T10:58:00Z	770.00000	1556.18844	1539.04771	1525.92248
2025-08-19T10:58:00Z	770.00000	1556.18798	1539.04502	1525.92107
2025-08-19T10:58:00Z	770.00000	1556.18849	1539.04491	1525.92090
2025-08-19T10:58:01Z	770.00000	1556.18930	1539.04540	1525.92078
2025-08-19T10:58:01Z	770.00000	1556.18795	1539.04407	1525.91955
2025-08-19T10:58:01Z	770.00000	1556.19125	1539.04593	1525.92151
2025-08-19T10:58:01Z	771.00000	1556.19083	1539.04640	1525.92159
2025-08-19T10:58:01Z	771.00000	1556.18801	1539.04409	1525.91557
2025-08-19T10:58:01Z	771.00000	1556.18804	1539.04540	1525.91788
2025-08-19T10:58:01Z	771.00000	1556.19162	1539.04707	1525.92162
2025-08-19T10:58:01Z	771.00000	1556.18993	1539.04825	1525.92088
2025-08-19T10:58:01Z	771.00000	1556.18872	1539.04773	1525.92137
2025-08-19T10:58:01Z	771.00000	1556.18915	1539.04806	1525.92209
2025-08-19T10:58:02Z	771.00000	1556.18829	1539.04716	1525.91933
2025-08-19T10:58:02Z	771.00000	1556.18915	1539.04914	1525.92288
2025-08-19T10:58:02Z	771.00000	1556.18775	1539.04578	1525.92151
2025-08-19T10:58:02Z	772.00000	1556.18883	1539.04788	1525.92321
2025-08-19T10:58:02Z	772.00000	1556.18760	1539.04496	1525.92285
2025-08-19T10:58:02Z	772.00000	1556.18831	1539.04437	1525.92153
2025-08-19T10:58:02Z	772.00000	1556.18757	1539.04160	1525.91988
2025-08-19T10:58:02Z	772.00000	1556.18798	1539.04200	1525.92076
2025-08-19T10:58:02Z	772.00000	1556.18832	1539.04293	1525.92119
2025-08-19T10:58:02Z	772.00000	1556.19133	1539.04451	1525.92268
2025-08-19T10:58:03Z	772.00000	1556.19060	1539.04311	1525.92180
2025-08-19T10:58:03Z	772.00000	1556.19179	1539.04578	1525.92264
2025-08-19T10:58:03Z	772.00000	1556.19084	1539.04325	1525.92150
2025-08-19T10:58:03Z	773.00000	1556.18972	1539.03963	1525.91702
2025-08-19T10:58:03Z	773.00000	1556.19082	1539.04253	1525.91753
2025-08-19T10:58:03Z	773.00000	1556.19143	1539.04377	1525.91706
2025-08-19T10:58:03Z	773.00000	1556.18914	1539.04206	1525.91254
2025-08-19T10:58:03Z	773.00000	1556.19298	1539.04713	1525.92061
2025-08-19T10:58:03Z	773.00000	1556.19054	1539.04428	1525.91635
2025-08-19T10:58:03Z	773.00000	1556.19271	1539.04769	1525.92006
2025-08-19T10:58:04Z	773.00000	1556.19043	1539.04650	1525.91747
2025-08-19T10:58:04Z	773.00000	1556.18802	1539.04600	1525.91660
2025-08-19T10:58:04Z	773.00000	1556.18828	1539.04719	1525.91490
2025-08-19T10:58:04Z	774.00000	1556.19220	1539.05100	1525.92412
2025-08-19T10:58:04Z	774.00000	1556.19149	1539.05127	1525.92484
2025-08-19T10:58:04Z	774.00000	1556.19046	1539.05081	1525.92387
2025-08-19T10:58:04Z	774.00000	1556.19065	1539.05068	1525.92443
2025-08-19T10:58:04Z	774.00000	1556.19061	1539.05125	1525.92541
2025-08-19T10:58:04Z	774.00000	1556.18939	1539.04891	1525.92257
2025-08-19T10:58:04Z	774.00000	1556.19012	1539.04877	1525.92314
2025-08-19T10:58:05Z	774.00000	1556.18873	1539.04798	1525.92309
2025-08-19T10:58:05Z	774.00000	1556.19016	1539.04704	1525.92286
2025-08-19T10:58:05Z	774.00000	1556.19069	1539.04824	1525.92211
2025-08-19T10:58:05Z	775.00000	1556.19031	1539.04638	1525.92143
2025-08-19T10:58:05Z	775.00000	1556.19253	1539.04862	1525.92379
2025-08-19T10:58:05Z	775.00000	1556.19036	1539.04620	1525.92012
2025-08-19T10:58:05Z	775.00000	1556.18996	1539.04644	1525.92157
2025-08-19T10:58:05Z	775.00000	1556.18986	1539.04579	1525.92211
2025-08-19T10:58:05Z	775.00000	1556.18967	1539.04672	1525.92268
2025-08-19T10:58:05Z	775.00000	1556.19120	1539.04700	1525.92238
2025-08-19T10:58:06Z	775.00000	1556.18879	1539.04725	1525.92144
2025-08-19T10:58:06Z	775.00000	1556.18949	1539.04718	1525.92337
2025-08-19T10:58:06Z	775.00000	1556.18877	1539.04767	1525.92149
2025-08-19T10:58:06Z	776.00000	1556.18835	1539.04905	1525.92214
2025-08-19T10:58:06Z	776.00000	1556.18693	1539.04667	1525.91685
2025-08-19T10:58:06Z	776.00000	1556.18504	1539.04632	1525.91640
2025-08-19T10:58:06Z	776.00000	1556.18363	1539.04593	1525.91966
2025-08-19T10:58:06Z	776.00000	1556.18477	1539.04701	1525.91931
2025-08-19T10:58:06Z	776.00000	1556.18497	1539.04795	1525.91985
2025-08-19T10:58:06Z	776.00000	1556.18639	1539.04894	1525.92009
2025-08-19T10:58:07Z	776.00000	1556.18634	1539.04896	1525.92068
2025-08-19T10:58:07Z	776.00000	1556.18250	1539.04340	1525.91199
2025-08-19T10:58:07Z	776.00000	1556.18517	1539.04660	1525.91968
2025-08-19T10:58:07Z	777.00000	1556.18363	1539.04534	1525.91661
2025-08-19T10:58:07Z	777.00000	1556.18406	1539.04480	1525.91913
2025-08-19T10:58:07Z	777.00000	1556.18699	1539.04694	1525.92281
2025-08-19T10:58:07Z	777.00000	1556.18543	1539.04517	1525.92167
2025-08-19T10:58:07Z	777.00000	1556.18679	1539.04507	1525.92225
2025-08-19T10:58:07Z	777.00000	1556.18722	1539.04585	1525.92124
2025-08-19T10:58:07Z	777.00000	1556.18750	1539.04388	1525.92064
2025-08-19T10:58:08Z	777.00000	1556.18735	1539.04299	1525.91819
2025-08-19T10:58:08Z	777.00000	1556.18701	1539.04157	1525.91498
2025-08-19T10:58:08Z	777.00000	1556.18655	1539.04139	1525.91344
2025-08-19T10:58:08Z	778.00000	1556.18695	1539.04292	1525.91792
2025-08-19T10:58:08Z	778.00000	1556.18705	1539.04181	1525.91585
2025-08-19T10:58:08Z	778.00000	1556.18727	1539.04510	1525.91915
2025-08-19T10:58:08Z	778.00000	1556.18570	1539.04296	1525.91788
2025-08-19T10:58:08Z	778.00000	1556.18463	1539.04183	1525.91527
2025-08-19T10:58:08Z	778.00000	1556.18336	1539.04098	1525.91265
2025-08-19T10:58:08Z	778.00000	1556.18481	1539.04317	1525.91821
2025-08-19T10:58:09Z	778.00000	1556.18362	1539.04283	1525.91784
2025-08-19T10:58:09Z	778.00000	1556.18962	1539.05002	1525.92537
2025-08-19T10:58:09Z	778.00000	1556.18745	1539.04624	1525.92296
2025-08-19T10:58:09Z	779.00000	1556.18749	1539.04623	1525.92129
2025-08-19T10:58:09Z	779.00000	1556.18444	1539.04378	1525.91593
2025-08-19T10:58:09Z	779.00000	1556.18768	1539.04768	1525.92151
2025-08-19T10:58:09Z	779.00000	1556.18591	1539.04569	1525.91940
2025-08-19T10:58:09Z	779.00000	1556.18729	1539.04749	1525.92229
2025-08-19T10:58:09Z	779.00000	1556.18381	1539.04261	1525.91381
2025-08-19T10:58:09Z	779.00000	1556.18690	1539.04641	1525.92110
2025-08-19T10:58:10Z	779.00000	1556.18496	1539.04585	1525.91874
2025-08-19T10:58:10Z	779.00000	1556.18494	1539.04577	1525.92097
2025-08-19T10:58:10Z	779.00000	1556.18363	1539.04444	1525.91725
2025-08-19T10:58:10Z	780.00000	1556.18401	1539.04518	1525.91821
2025-08-19T10:58:10Z	780.00000	1556.18585	1539.04668	1525.92023
2025-08-19T10:58:10Z	780.00000	1556.18693	1539.04700	1525.92115
2025-08-19T10:58:10Z	780.00000	1556.18644	1539.04689	1525.92060
2025-08-19T10:58:10Z	780.00000	1556.18653	1539.04654	1525.92138
2025-08-19T10:58:10Z	780.00000	1556.18508	1539.04603	1525.91781
2025-08-19T10:58:10Z	780.00000	1556.18454	1539.04503	1525.91673
2025-08-19T10:58:11Z	780.00000	1556.18724	1539.04666	1525.92065
2025-08-19T10:58:11Z	780.00000	1556.18681	1539.04642	1525.92099
2025-08-19T10:58:11Z	780.00000	1556.18455	1539.04492	1525.91763
2025-08-19T10:58:11Z	781.00000	1556.18479	1539.04484	1525.91709
2025-08-19T10:58:11Z	781.00000	1556.18521	1539.04462	1525.91774
2025-08-19T10:58:11Z	781.00000	1556.18621	1539.04719	1525.91969
2025-08-19T10:58:11Z	781.00000	1556.18757	1539.04712	1525.92139
2025-08-19T10:58:11Z	781.00000	1556.18798	1539.04646	1525.92255
2025-08-19T10:58:11Z	781.00000	1556.18723	1539.04611	1525.92065
2025-08-19T10:58:11Z	781.00000	1556.18738	1539.04696	1525.92144
2025-08-19T10:58:12Z	781.00000	1556.18684	1539.04439	1525.91800
2025-08-19T10:58:12Z	781.00000	1556.18758	1539.04623	1525.92054
2025-08-19T10:58:12Z	781.00000	1556.18781	1539.04688	1525.92119
2025-08-19T10:58:12Z	782.00000	1556.18710	1539.04479	1525.91831
2025-08-19T10:58:12Z	782.00000	1556.18719	1539.04425	1525.91948
2025-08-19T10:58:12Z	782.00000	1556.18810	1539.04608	1525.92035
2025-08-19T10:58:12Z	782.00000	1556.18716	1539.04616	1525.91988
2025-08-19T10:58:12Z	782.00000	1556.18791	1539.04566	1525.91999
2025-08-19T10:58:12Z	782.00000	1556.18749	1539.04601	1525.91889
2025-08-19T10:58:12Z	782.00000	1556.18668	1539.04458	1525.91785
2025-08-19T10:58:13Z	782.00000	1556.18812	1539.04790	1525.92319
2025-08-19T10:58:13Z	782.00000	1556.18933	1539.04794	1525.92239
2025-08-19T10:58:13Z	782.00000	1556.18694	1539.04652	1525.91952
2025-08-19T10:58:13Z	783.00000	1556.18781	1539.04711	1525.92186
2025-08-19T10:58:13Z	783.00000	1556.18711	1539.04451	1525.91673
2025-08-19T10:58:13Z	783.00000	1556.18774	1539.04472	1525.91845
2025-08-19T10:58:13Z	783.00000	1556.19071	1539.04881	1525.92302
2025-08-19T10:58:13Z	783.00000	1556.19458	1539.05064	1525.92517
2025-08-19T10:58:13Z	783.00000	1556.19391	1539.05022	1525.92405
2025-08-19T10:58:13Z	783.00000	1556.19233	1539.04810	1525.92219
2025-08-19T10:58:14Z	783.00000	1556.19615	1539.04981	1525.92330
2025-08-19T10:58:14Z	783.00000	1556.19308	1539.04879	1525.92132
2025-08-19T10:58:14Z	783.00000	1556.19357	1539.05061	1525.92518
2025-08-19T10:58:14Z	784.00000	1556.19295	1539.05000	1525.92362
2025-08-19T10:58:14Z	784.00000	1556.19136	1539.04870	1525.92314
2025-08-19T10:58:14Z	784.00000	1556.19214	1539.05053	1525.92388
2025-08-19T10:58:14Z	784.00000	1556.18964	1539.04918	1525.92284
2025-08-19T10:58:14Z	784.00000	1556.18941	1539.05091	1525.92334
2025-08-19T10:58:14Z	784.00000	1556.19055	1539.05163	1525.92367
2025-08-19T10:58:14Z	784.00000	1556.18951	1539.05146	1525.92235
2025-08-19T10:58:15Z	784.00000	1556.18917	1539.05059	1525.92311
2025-08-19T10:58:15Z	784.00000	1556.18878	1539.05155	1525.92411
2025-08-19T10:58:15Z	784.00000	1556.18820	1539.05130	1525.92373
2025-08-19T10:58:15Z	785.00000	1556.18868	1539.05138	1525.92488
2025-08-19T10:58:15Z	785.00000	1556.18749	1539.05068	1525.92282
2025-08-19T10:58:15Z	785.00000	1556.18821	1539.05050	1525.92352
2025-08-19T10:58:15Z	785.00000	1556.18798	1539.04997	1525.92296
2025-08-19T10:58:15Z	785.00000	1556.18830	1539.04942	1525.92343
2025-08-19T10:58:15Z	785.00000	1556.18809	1539.05012	1525.92400
2025-08-19T10:58:15Z	785.00000	1556.18824	1539.05045	1525.92404
2025-08-19T10:58:16Z	785.00000	1556.18787	1539.05028	1525.92384
2025-08-19T10:58:16Z	785.00000	1556.18800	1539.04945	1525.92337
2025-08-19T10:58:16Z	785.00000	1556.18783	1539.04918	1525.92364
2025-08-19T10:58:16Z	786.00000	1556.18808	1539.04982	1525.92352
2025-08-19T10:58:16Z	786.00000	1556.18763	1539.04955	1525.92349
2025-08-19T10:58:16Z	786.00000	1556.18836	1539.05035	1525.92514
2025-08-19T10:58:16Z	786.00000	1556.18833	1539.04887	1525.92321
2025-08-19T10:58:16Z	786.00000	1556.18905	1539.05053	1525.92410
2025-08-19T10:58:16Z	786.00000	1556.18768	1539.04818	1525.92340
2025-08-19T10:58:16Z	786.00000	1556.18891	1539.05020	1525.92473
2025-08-19T10:58:17Z	786.00000	1556.19088	1539.05086	1525.92480
2025-08-19T10:58:17Z	786.00000	1556.18885	1539.04793	1525.92467
2025-08-19T10:58:17Z	786.00000	1556.18899	1539.04816	1525.92384
2025-08-19T10:58:17Z	787.00000	1556.19270	1539.04863	1525.92432
2025-08-19T10:58:17Z	787.00000	1556.19186	1539.04765	1525.92322
2025-08-19T10:58:17Z	787.00000	1556.19509	1539.04894	1525.92397
2025-08-19T10:58:17Z	787.00000	1556.19487	1539.04706	1525.92286
2025-08-19T10:58:17Z	787.00000	1556.19628	1539.04802	1525.92284
2025-08-19T10:58:17Z	787.00000	1556.19630	1539.04752	1525.92369
2025-08-19T10:58:17Z	787.00000	1556.19754	1539.04824	1525.92314
2025-08-19T10:58:18Z	787.00000	1556.19748	1539.04755	1525.92336
2025-08-19T10:58:18Z	787.00000	1556.19865	1539.04973	1525.92329
2025-08-19T10:58:18Z	787.00000	1556.19838	1539.04895	1525.92408
2025-08-19T10:58:18Z	788.00000	1556.19800	1539.04812	1525.92403
2025-08-19T10:58:18Z	788.00000	1556.19808	1539.04883	1525.92351
2025-08-19T10:58:18Z	788.00000	1556.19762	1539.04724	1525.92245
2025-08-19T10:58:18Z	788.00000	1556.19729	1539.04969	1525.92460
2025-08-19T10:58:18Z	788.00000	1556.19633	1539.04846	1525.92272
2025-08-19T10:58:18Z	788.00000	1556.19473	1539.04835	1525.92285
2025-08-19T10:58:18Z	788.00000	1556.19415	1539.04909	1525.92453
2025-08-19T10:58:19Z	788.00000	1556.23178	1539.08517	1525.95710
2025-08-19T10:58:19Z	788.00000	1556.23651	1539.09470	1525.96707
2025-08-19T10:58:19Z	788.00000	1556.23378	1539.09050	1525.96377
2025-08-19T10:58:19Z	789.00000	1556.23241	1539.08622	1525.96025
2025-08-19T10:58:19Z	789.00000	1556.19898	1539.05512	1525.92780
2025-08-19T10:58:19Z	789.00000	1556.18766	1539.04010	1525.91444
2025-08-19T10:58:19Z	789.00000	1556.15384	1539.00689	1525.88355
2025-08-19T10:58:19Z	789.00000	1556.11463	1538.96869	1525.84985
2025-08-19T10:58:19Z	789.00000	1556.12399	1538.97986	1525.86072
2025-08-19T10:58:19Z	789.00000	1556.12885	1538.98814	1525.86122
2025-08-19T10:58:20Z	789.00000	1556.14930	1539.00691	1525.88211
2025-08-19T10:58:20Z	789.00000	1556.15572	1539.01331	1525.88243
2025-08-19T10:58:20Z	789.00000	1556.13778	1538.99599	1525.86729
2025-08-19T10:58:20Z	790.00000	1556.10706	1538.96774	1525.84292
2025-08-19T10:58:20Z	790.00000	1556.11053	1538.97034	1525.84641
2025-08-19T10:58:20Z	790.00000	1556.10242	1538.96449	1525.83971
2025-08-19T10:58:20Z	790.00000	1556.09094	1538.95195	1525.82508
2025-08-19T10:58:20Z	790.00000	1556.09956	1538.96387	1525.83657
2025-08-19T10:58:20Z	790.00000	1556.09719	1538.96001	1525.83456
2025-08-19T10:58:20Z	790.00000	1556.09259	1538.95470	1525.82750
2025-08-19T10:58:21Z	790.00000	1556.10700	1538.96753	1525.84212
2025-08-19T10:58:21Z	790.00000	1556.07820	1538.94081	1525.81401
2025-08-19T10:58:21Z	790.00000	1556.09385	1538.95580	1525.82910
2025-08-19T10:58:21Z	791.00000	1556.09513	1538.95638	1525.82939
2025-08-19T10:58:21Z	791.00000	1556.09646	1538.95610	1525.83205
2025-08-19T10:58:21Z	791.00000	1556.09752	1538.95643	1525.83334
2025-08-19T10:58:21Z	791.00000	1556.10161	1538.96466	1525.83678
2025-08-19T10:58:21Z	791.00000	1556.10266	1538.96380	1525.83688
2025-08-19T10:58:21Z	791.00000	1556.09452	1538.95401	1525.82672
2025-08-19T10:58:21Z	791.00000	1556.09581	1538.95461	1525.82943
2025-08-19T10:58:22Z	791.00000	1556.09682	1538.95567	1525.83243
2025-08-19T10:58:22Z	791.00000	1556.08866	1538.94583	1525.82239
2025-08-19T10:58:22Z	792.00000	1556.08400	1538.94429	1525.81891
2025-08-19T10:58:22Z	792.00000	1556.07351	1538.93525	1525.80709
2025-08-19T10:58:22Z	792.00000	1556.06721	1538.92493	1525.80086
2025-08-19T10:58:22Z	792.00000	1556.06562	1538.92385	1525.79863
2025-08-19T10:58:22Z	792.00000	1556.06154	1538.92288	1525.79631
2025-08-19T10:58:23Z	792.00000	1556.06113	1538.92240	1525.79491
2025-08-19T10:58:23Z	792.00000	1556.06100	1538.92322	1525.79812
2025-08-19T10:58:23Z	792.00000	1556.06287	1538.92220	1525.79559
2025-08-19T10:58:23Z	793.00000	1556.06219	1538.92272	1525.79552
2025-08-19T10:58:23Z	793.00000	1556.06221	1538.92302	1525.79681
2025-08-19T10:58:23Z	793.00000	1556.06301	1538.92258	1525.79572
2025-08-19T10:58:23Z	793.00000	1556.06142	1538.92269	1525.79550
2025-08-19T10:58:23Z	793.00000	1556.06544	1538.92299	1525.79789
2025-08-19T10:58:23Z	793.00000	1556.06394	1538.92265	1525.79557
2025-08-19T10:58:24Z	793.00000	1556.06559	1538.92331	1525.79786
2025-08-19T10:58:24Z	793.00000	1556.06555	1538.92291	1525.79677
2025-08-19T10:58:24Z	794.00000	1556.06637	1538.92362	1525.79716
2025-08-19T10:58:24Z	794.00000	1556.06539	1538.92345	1525.79695
2025-08-19T10:58:24Z	794.00000	1556.06444	1538.92312	1525.79820
2025-08-19T10:58:25Z	794.00000	1556.07234	1538.93485	1525.80742
2025-08-19T10:58:25Z	794.00000	1556.06095	1538.92288	1525.79739
2025-08-19T10:58:25Z	795.00000	1556.06037	1538.92284	1525.79637
2025-08-19T10:58:25Z	795.00000	1556.06070	1538.92198	1525.79607
2025-08-19T10:58:25Z	795.00000	1556.06354	1538.92413	1525.79849
2025-08-19T10:58:25Z	795.00000	1556.06211	1538.92463	1525.79697
2025-08-19T10:58:25Z	795.00000	1556.06075	1538.92277	1525.79626
2025-08-19T10:58:26Z	795.00000	1556.06043	1538.92341	1525.79583
2025-08-19T10:58:26Z	795.00000	1556.06063	1538.92258	1525.79521
2025-08-19T10:58:26Z	796.00000	1556.06077	1538.92278	1525.79538
2025-08-19T10:58:26Z	796.00000	1556.06051	1538.92328	1525.79799
2025-08-19T10:58:26Z	796.00000	1556.06108	1538.92301	1525.79549
2025-08-19T10:58:26Z	796.00000	1556.06051	1538.92238	1525.79653
2025-08-19T10:58:26Z	796.00000	1556.06260	1538.92514	1525.79952
2025-08-19T10:58:26Z	796.00000	1556.06074	1538.92267	1525.79706
2025-08-19T10:58:26Z	796.00000	1556.06053	1538.92318	1525.79966
2025-08-19T10:58:27Z	796.00000	1556.06036	1538.92192	1525.79750
2025-08-19T10:58:27Z	796.00000	1556.06084	1538.92355	1525.79930
2025-08-19T10:58:27Z	796.00000	1556.06004	1538.92167	1525.79695
2025-08-19T10:58:27Z	797.00000	1556.06070	1538.92243	1525.79574
2025-08-19T10:58:27Z	797.00000	1556.06011	1538.92292	1525.79552
2025-08-19T10:58:27Z	797.00000	1556.06597	1538.92497	1525.79999
2025-08-19T10:58:27Z	797.00000	1556.06193	1538.92298	1525.79705
2025-08-19T10:58:27Z	797.00000	1556.06606	1538.92462	1525.79885
2025-08-19T10:58:27Z	797.00000	1556.06950	1538.92685	1525.80182
2025-08-19T10:58:28Z	797.00000	1556.06474	1538.92334	1525.79965
2025-08-19T10:58:28Z	797.00000	1556.06598	1538.92399	1525.80041
2025-08-19T10:58:28Z	797.00000	1556.06668	1538.92421	1525.80086
2025-08-19T10:58:28Z	798.00000	1556.06733	1538.92360	1525.80045
2025-08-19T10:58:28Z	798.00000	1556.06853	1538.92414	1525.80236
2025-08-19T10:58:28Z	798.00000	1556.06718	1538.92351	1525.80032
2025-08-19T10:58:28Z	798.00000	1556.06684	1538.92413	1525.80113
2025-08-19T10:58:28Z	798.00000	1556.06778	1538.92413	1525.80115
2025-08-19T10:58:28Z	798.00000	1556.06680	1538.92386	1525.80034
2025-08-19T10:58:28Z	798.00000	1556.06746	1538.92360	1525.79914
2025-08-19T10:58:29Z	798.00000	1556.06725	1538.92745	1525.80090
2025-08-19T10:58:29Z	798.00000	1556.07081	1538.93137	1525.80205
2025-08-19T10:58:29Z	798.00000	1556.07080	1538.93215	1525.80057
2025-08-19T10:58:29Z	799.00000	1556.07109	1538.93422	1525.79838
2025-08-19T10:58:29Z	799.00000	1556.07073	1538.93394	1525.80107
2025-08-19T10:58:29Z	799.00000	1556.06606	1538.93262	1525.79822
2025-08-19T10:58:29Z	799.00000	1556.06038	1538.92996	1525.79619
2025-08-19T10:58:29Z	799.00000	1556.06017	1538.92460	1525.79700
2025-08-19T10:58:29Z	799.00000	1556.05786	1538.92289	1525.79608
2025-08-19T10:58:29Z	799.00000	1556.05919	1538.92361	1525.79636
2025-08-19T10:58:30Z	799.00000	1556.05972	1538.92359	1525.79583
2025-08-19T10:58:30Z	799.00000	1556.05704	1538.92292	1525.79761
2025-08-19T10:58:30Z	799.00000	1556.05965	1538.92326	1525.79717
2025-08-19T10:58:30Z	800.00000	1556.06013	1538.92395	1525.79578
2025-08-19T10:58:30Z	800.00000	1556.06290	1538.92601	1525.79680
2025-08-19T10:58:30Z	800.00000	1556.06056	1538.92336	1525.79577
2025-08-19T10:58:30Z	800.00000	1556.05893	1538.92234	1525.79461
2025-08-19T10:58:30Z	800.00000	1556.05898	1538.92323	1525.79435
2025-08-19T10:58:30Z	800.00000	1556.06010	1538.92323	1525.79555
2025-08-19T10:58:30Z	800.00000	1556.05971	1538.92284	1525.79617
2025-08-19T10:58:31Z	800.00000	1556.05988	1538.92217	1525.79537
2025-08-19T10:58:31Z	800.00000	1556.06006	1538.92186	1525.79510
2025-08-19T10:58:31Z	800.00000	1556.06088	1538.92256	1525.79574
2025-08-19T10:58:31Z	801.00000	1556.06069	1538.92165	1525.79502
2025-08-19T10:58:31Z	801.00000	1556.06011	1538.91685	1525.79066
2025-08-19T10:58:31Z	801.00000	1556.06637	1538.92324	1525.79704
2025-08-19T10:58:31Z	801.00000	1556.06212	1538.92160	1525.79375
2025-08-19T10:58:31Z	801.00000	1556.06094	1538.92022	1525.79300
2025-08-19T10:58:31Z	801.00000	1556.06213	1538.92266	1525.79638
2025-08-19T10:58:31Z	801.00000	1556.06076	1538.92111	1525.79356
2025-08-19T10:58:32Z	801.00000	1556.06352	1538.92226	1525.79592
2025-08-19T10:58:32Z	801.00000	1556.06065	1538.91945	1525.79263
2025-08-19T10:58:32Z	801.00000	1556.06560	1538.92184	1525.79538
2025-08-19T10:58:32Z	802.00000	1556.06361	1538.91982	1525.79390
2025-08-19T10:58:32Z	802.00000	1556.06184	1538.91978	1525.79446
2025-08-19T10:58:32Z	802.00000	1556.06077	1538.91770	1525.79405
2025-08-19T10:58:32Z	802.00000	1556.06080	1538.92162	1525.79567
2025-08-19T10:58:32Z	802.00000	1556.05952	1538.91975	1525.79418
2025-08-19T10:58:32Z	802.00000	1556.06032	1538.92081	1525.79590
2025-08-19T10:58:32Z	802.00000	1556.06610	1538.92464	1525.80007
2025-08-19T10:58:33Z	802.00000	1556.06819	1538.92627	1525.80233
2025-08-19T10:58:33Z	802.00000	1556.06775	1538.92637	1525.80336
2025-08-19T10:58:33Z	802.00000	1556.06597	1538.92464	1525.80097
2025-08-19T10:58:33Z	803.00000	1556.06670	1538.92456	1525.79995
2025-08-19T10:58:33Z	803.00000	1556.06605	1538.92399	1525.79869
2025-08-19T10:58:33Z	803.00000	1556.06123	1538.92228	1525.79680
2025-08-19T10:58:33Z	803.00000	1556.06100	1538.92220	1525.79688
2025-08-19T10:58:33Z	803.00000	1556.06001	1538.91985	1525.79382
2025-08-19T10:58:33Z	803.00000	1556.06058	1538.92127	1525.79623
2025-08-19T10:58:33Z	803.00000	1556.06018	1538.92197	1525.79605
2025-08-19T10:58:34Z	803.00000	1556.06090	1538.92165	1525.79691
2025-08-19T10:58:34Z	803.00000	1556.06669	1538.92307	1525.80015
2025-08-19T10:58:34Z	803.00000	1556.06101	1538.92148	1525.79545
2025-08-19T10:58:34Z	804.00000	1556.06097	1538.92039	1525.79616
2025-08-19T10:58:34Z	804.00000	1556.06107	1538.92100	1525.79652
2025-08-19T10:58:34Z	804.00000	1556.06029	1538.91998	1525.79489
2025-08-19T10:58:34Z	804.00000	1556.06082	1538.92099	1525.79607
2025-08-19T10:58:34Z	804.00000	1556.05986	1538.91856	1525.79365
2025-08-19T10:58:34Z	804.00000	1556.05947	1538.91916	1525.79341
2025-08-19T10:58:34Z	804.00000	1556.06035	1538.91982	1525.79515
2025-08-19T10:58:35Z	804.00000	1556.06070	1538.91947	1525.79416
2025-08-19T10:58:35Z	804.00000	1556.06055	1538.92065	1525.79524
2025-08-19T10:58:35Z	804.00000	1556.06110	1538.92021	1525.79580
2025-08-19T10:58:35Z	805.00000	1556.06007	1538.91630	1525.79461
2025-08-19T10:58:35Z	805.00000	1556.06063	1538.91932	1525.79573
2025-08-19T10:58:35Z	805.00000	1556.06217	1538.92188	1525.79633
2025-08-19T10:58:35Z	805.00000	1556.06161	1538.92287	1525.79740
2025-08-19T10:58:35Z	805.00000	1556.06054	1538.92193	1525.79711
2025-08-19T10:58:35Z	805.00000	1556.06129	1538.92209	1525.79761
2025-08-19T10:58:35Z	805.00000	1556.06024	1538.92161	1525.79740
2025-08-19T10:58:36Z	805.00000	1556.05997	1538.92044	1525.79435
2025-08-19T10:58:36Z	805.00000	1556.05988	1538.92227	1525.79615
2025-08-19T10:58:36Z	805.00000	1556.05987	1538.92118	1525.79545
2025-08-19T10:58:36Z	806.00000	1556.05983	1538.92270	1525.79577
2025-08-19T10:58:36Z	806.00000	1556.05922	1538.92164	1525.79560
2025-08-19T10:58:36Z	806.00000	1556.05959	1538.92192	1525.79508
2025-08-19T10:58:36Z	806.00000	1556.05916	1538.92214	1525.79475
2025-08-19T10:58:36Z	806.00000	1556.05957	1538.92251	1525.79647
2025-08-19T10:58:36Z	806.00000	1556.05596	1538.92190	1525.79376
2025-08-19T10:58:36Z	806.00000	1556.05992	1538.92371	1525.79553
2025-08-19T10:58:37Z	806.00000	1556.05687	1538.92367	1525.79409
2025-08-19T10:58:37Z	806.00000	1556.05917	1538.92499	1525.79527
2025-08-19T10:58:37Z	806.00000	1556.05450	1538.92270	1525.79202
2025-08-19T10:58:37Z	807.00000	1556.05435	1538.92315	1525.79147
2025-08-19T10:58:37Z	807.00000	1556.05860	1538.92310	1525.79421
2025-08-19T10:58:37Z	807.00000	1556.05985	1538.92370	1525.79564
2025-08-19T10:58:37Z	807.00000	1556.06019	1538.92478	1525.79782
2025-08-19T10:58:37Z	807.00000	1556.06056	1538.92504	1525.79538
2025-08-19T10:58:37Z	807.00000	1556.06027	1538.92238	1525.79543
2025-08-19T10:58:37Z	807.00000	1556.06092	1538.92379	1525.79609
2025-08-19T10:58:38Z	807.00000	1556.06055	1538.92253	1525.79629
2025-08-19T10:58:38Z	807.00000	1556.05929	1538.92206	1525.79554
2025-08-19T10:58:38Z	807.00000	1556.06017	1538.92355	1525.79725
2025-08-19T10:58:38Z	808.00000	1556.06910	1538.93184	1525.80472
2025-08-19T10:58:38Z	808.00000	1556.06732	1538.92693	1525.80373
2025-08-19T10:58:38Z	808.00000	1556.06437	1538.92369	1525.80345
2025-08-19T10:58:38Z	808.00000	1556.06433	1538.92427	1525.80312
2025-08-19T10:58:38Z	808.00000	1556.06160	1538.92232	1525.80177
2025-08-19T10:58:38Z	808.00000	1556.06071	1538.92316	1525.79901
2025-08-19T10:58:38Z	808.00000	1556.06188	1538.92381	1525.80137
2025-08-19T10:58:39Z	808.00000	1556.06068	1538.92282	1525.79790
2025-08-19T10:58:39Z	808.00000	1556.06031	1538.92297	1525.79809
2025-08-19T10:58:39Z	808.00000	1556.06100	1538.92424	1525.80054
2025-08-19T10:58:39Z	809.00000	1556.06226	1538.92486	1525.80269
2025-08-19T10:58:39Z	809.00000	1556.06144	1538.92498	1525.79989
2025-08-19T10:58:39Z	809.00000	1556.06060	1538.92313	1525.79694
2025-08-19T10:58:39Z	809.00000	1556.06044	1538.92341	1525.79613
2025-08-19T10:58:39Z	809.00000	1556.06049	1538.92313	1525.79808
2025-08-19T10:58:39Z	809.00000	1556.06036	1538.92230	1525.79764
2025-08-19T10:58:39Z	809.00000	1556.06147	1538.92539	1525.80197
2025-08-19T10:58:40Z	809.00000	1556.06058	1538.92315	1525.79840
2025-08-19T10:58:40Z	809.00000	1556.06024	1538.92352	1525.79967
2025-08-19T10:58:40Z	809.00000	1556.06036	1538.92273	1525.79855
2025-08-19T10:58:40Z	810.00000	1556.06062	1538.92278	1525.79648
2025-08-19T10:58:40Z	810.00000	1556.06473	1538.92434	1525.80096
2025-08-19T10:58:40Z	810.00000	1556.06147	1538.92368	1525.79774
2025-08-19T10:58:40Z	810.00000	1556.06099	1538.92312	1525.79909
2025-08-19T10:58:40Z	810.00000	1556.06213	1538.92394	1525.80051
2025-08-19T10:58:40Z	810.00000	1556.06059	1538.92287	1525.79861
2025-08-19T10:58:40Z	810.00000	1556.06122	1538.92367	1525.79984
2025-08-19T10:58:41Z	810.00000	1556.06030	1538.92280	1525.79835
2025-08-19T10:58:41Z	810.00000	1556.06048	1538.92278	1525.79719
2025-08-19T10:58:41Z	810.00000	1556.06397	1538.92481	1525.80026
2025-08-19T10:58:41Z	811.00000	1556.06098	1538.92307	1525.79742
2025-08-19T10:58:41Z	811.00000	1556.06364	1538.92567	1525.80099
2025-08-19T10:58:41Z	811.00000	1556.05967	1538.92202	1525.79636
2025-08-19T10:58:41Z	811.00000	1556.06092	1538.92535	1525.79805
2025-08-19T10:58:41Z	811.00000	1556.06049	1538.92264	1525.79636
2025-08-19T10:58:41Z	811.00000	1556.06034	1538.92519	1525.79967
2025-08-19T10:58:41Z	811.00000	1556.05951	1538.92431	1525.79722
2025-08-19T10:58:42Z	811.00000	1556.05907	1538.92469	1525.79787
2025-08-19T10:58:42Z	811.00000	1556.05504	1538.92323	1525.79751
2025-08-19T10:58:42Z	811.00000	1556.05547	1538.92332	1525.79655
2025-08-19T10:58:42Z	812.00000	1556.06018	1538.92399	1525.80043
2025-08-19T10:58:42Z	812.00000	1556.05553	1538.92331	1525.79658
2025-08-19T10:58:42Z	812.00000	1556.06046	1538.92471	1525.80179
2025-08-19T10:58:42Z	812.00000	1556.06138	1538.92920	1525.80537
2025-08-19T10:58:42Z	812.00000	1556.06103	1538.92950	1525.80625
2025-08-19T10:58:42Z	812.00000	1556.06281	1538.93208	1525.80884
2025-08-19T10:58:42Z	812.00000	1556.06132	1538.92767	1525.80653
2025-08-19T10:58:43Z	812.00000	1556.06254	1538.93031	1525.80686
2025-08-19T10:58:43Z	812.00000	1556.06380	1538.93134	1525.80832
2025-08-19T10:58:43Z	812.00000	1556.06093	1538.92725	1525.80455
2025-08-19T10:58:43Z	813.00000	1556.06139	1538.93035	1525.80431
2025-08-19T10:58:43Z	813.00000	1556.06055	1538.92643	1525.80384
2025-08-19T10:58:43Z	813.00000	1556.06098	1538.92724	1525.80331
2025-08-19T10:58:43Z	813.00000	1556.06098	1538.92624	1525.80386
2025-08-19T10:58:43Z	813.00000	1556.06098	1538.92462	1525.80354
2025-08-19T10:58:43Z	813.00000	1556.06204	1538.92621	1525.80452
2025-08-19T10:58:43Z	813.00000	1556.06097	1538.92497	1525.80444
2025-08-19T10:58:44Z	813.00000	1556.06121	1538.92513	1525.80513
2025-08-19T10:58:44Z	813.00000	1556.06048	1538.92415	1525.80449
2025-08-19T10:58:44Z	813.00000	1556.06055	1538.92423	1525.80515
2025-08-19T10:58:44Z	814.00000	1556.06064	1538.92439	1525.80575
2025-08-19T10:58:44Z	814.00000	1556.06058	1538.92402	1525.80566
2025-08-19T10:58:44Z	814.00000	1556.06106	1538.92381	1525.80547
2025-08-19T10:58:44Z	814.00000	1556.06212	1538.92376	1525.80462
2025-08-19T10:58:44Z	814.00000	1556.06339	1538.92391	1525.80399
2025-08-19T10:58:44Z	814.00000	1556.06443	1538.92363	1525.80357
2025-08-19T10:58:44Z	814.00000	1556.06568	1538.92391	1525.80385
2025-08-19T10:58:45Z	814.00000	1556.06583	1538.92390	1525.80318
2025-08-19T10:58:45Z	814.00000	1556.06738	1538.92526	1525.80288
2025-08-19T10:58:45Z	814.00000	1556.06530	1538.92367	1525.80107
2025-08-19T10:58:45Z	815.00000	1556.06597	1538.92446	1525.80143
2025-08-19T10:58:45Z	815.00000	1556.06576	1538.92352	1525.80060
2025-08-19T10:58:45Z	815.00000	1556.06627	1538.92483	1525.80104
2025-08-19T10:58:45Z	815.00000	1556.06444	1538.92322	1525.80025
2025-08-19T10:58:45Z	815.00000	1556.06876	1538.92626	1525.80288
2025-08-19T10:58:45Z	815.00000	1556.06640	1538.92417	1525.80161
2025-08-19T10:58:45Z	815.00000	1556.06696	1538.92447	1525.80228
2025-08-19T10:58:46Z	815.00000	1556.06083	1538.92105	1525.79620
2025-08-19T10:58:46Z	815.00000	1556.06587	1538.92432	1525.80054
2025-08-19T10:58:46Z	815.00000	1556.06353	1538.92336	1525.79839
2025-08-19T10:58:46Z	816.00000	1556.06341	1538.92308	1525.79823
2025-08-19T10:58:46Z	816.00000	1556.06391	1538.92345	1525.79917
2025-08-19T10:58:46Z	816.00000	1556.06507	1538.92425	1525.79978
2025-08-19T10:58:46Z	816.00000	1556.05763	1538.91581	1525.79118
2025-08-19T10:58:46Z	816.00000	1556.06122	1538.92267	1525.79516
2025-08-19T10:58:46Z	816.00000	1556.07151	1538.93244	1525.80316
2025-08-19T10:58:46Z	816.00000	1556.08195	1538.93990	1525.81442
2025-08-19T10:58:47Z	816.00000	1556.07170	1538.93359	1525.80676
2025-08-19T10:58:47Z	816.00000	1556.08096	1538.94049	1525.81444
2025-08-19T10:58:47Z	816.00000	1556.08849	1538.94653	1525.82174
2025-08-19T10:58:47Z	817.00000	1556.08055	1538.93764	1525.81428
2025-08-19T10:58:47Z	817.00000	1556.08272	1538.94226	1525.81590
2025-08-19T10:58:47Z	817.00000	1556.06790	1538.92545	1525.79813
2025-08-19T10:58:47Z	817.00000	1556.06058	1538.92108	1525.79592
2025-08-19T10:58:47Z	817.00000	1556.01563	1538.87540	1525.75240
2025-08-19T10:58:47Z	817.00000	1556.01158	1538.87247	1525.74625
2025-08-19T10:58:47Z	817.00000	1556.01100	1538.87145	1525.74469
2025-08-19T10:58:48Z	817.00000	1556.00323	1538.86376	1525.73430
2025-08-19T10:58:48Z	817.00000	1556.00975	1538.86996	1525.73849
2025-08-19T10:58:48Z	817.00000	1556.01201	1538.87301	1525.74419
2025-08-19T10:58:48Z	818.00000	1556.01858	1538.88038	1525.75738
2025-08-19T10:58:48Z	818.00000	1556.00109	1538.86154	1525.73292
2025-08-19T10:58:48Z	818.00000	1555.99446	1538.85290	1525.72856
2025-08-19T10:58:48Z	818.00000	1555.99166	1538.85074	1525.72764
2025-08-19T10:58:48Z	818.00000	1555.99009	1538.85168	1525.72709
2025-08-19T10:58:48Z	818.00000	1555.99426	1538.85801	1525.72938
2025-08-19T10:58:48Z	818.00000	1555.99742	1538.86189	1525.73305
2025-08-19T10:58:49Z	818.00000	1555.99369	1538.85825	1525.72896
2025-08-19T10:58:49Z	818.00000	1555.98502	1538.84974	1525.72264
2025-08-19T10:58:49Z	818.00000	1555.96944	1538.83578	1525.70914
2025-08-19T10:58:49Z	819.00000	1555.96991	1538.83518	1525.70721
2025-08-19T10:58:49Z	819.00000	1555.96959	1538.83414	1525.70864
2025-08-19T10:58:49Z	819.00000	1555.97631	1538.83750	1525.71247
2025-08-19T10:58:49Z	819.00000	1555.97467	1538.83690	1525.71023
2025-08-19T10:58:49Z	819.00000	1555.97344	1538.83611	1525.70969
2025-08-19T10:58:49Z	819.00000	1555.97026	1538.83361	1525.70736
2025-08-19T10:58:49Z	819.00000	1555.97062	1538.83128	1525.70652
2025-08-19T10:58:50Z	819.00000	1555.97163	1538.83081	1525.70509
2025-08-19T10:58:50Z	819.00000	1555.97614	1538.83213	1525.70764
2025-08-19T10:58:50Z	819.00000	1555.98367	1538.83597	1525.70922
2025-08-19T10:58:50Z	820.00000	1555.97061	1538.82849	1525.70492
2025-08-19T10:58:50Z	820.00000	1555.96925	1538.82355	1525.69806
2025-08-19T10:58:50Z	820.00000	1555.97632	1538.83175	1525.70685
2025-08-19T10:58:50Z	820.00000	1555.97474	1538.82984	1525.70634
2025-08-19T10:58:50Z	820.00000	1555.95338	1538.80839	1525.68747
2025-08-19T10:58:50Z	820.00000	1555.95239	1538.80834	1525.68762
2025-08-19T10:58:50Z	820.00000	1555.95183	1538.80813	1525.68692
2025-08-19T10:58:51Z	820.00000	1555.95537	1538.81506	1525.68895
2025-08-19T10:58:51Z	820.00000	1555.95468	1538.81403	1525.68816
2025-08-19T10:58:51Z	820.00000	1555.95589	1538.81622	1525.69113
2025-08-19T10:58:51Z	821.00000	1555.95635	1538.81649	1525.69135
2025-08-19T10:58:51Z	821.00000	1555.95359	1538.81595	1525.69025
2025-08-19T10:58:51Z	821.00000	1555.95161	1538.81650	1525.69128
2025-08-19T10:58:51Z	821.00000	1555.95143	1538.81668	1525.69043
2025-08-19T10:58:51Z	821.00000	1555.95067	1538.81573	1525.69088
2025-08-19T10:58:51Z	821.00000	1555.95001	1538.81364	1525.68916
2025-08-19T10:58:51Z	821.00000	1555.94925	1538.81471	1525.69049
2025-08-19T10:58:52Z	821.00000	1555.94775	1538.81414	1525.69048
2025-08-19T10:58:52Z	821.00000	1555.94814	1538.81493	1525.69141
2025-08-19T10:58:52Z	821.00000	1555.94751	1538.81502	1525.69148
2025-08-19T10:58:52Z	822.00000	1555.94700	1538.81481	1525.69140
2025-08-19T10:58:52Z	822.00000	1555.94630	1538.81567	1525.69191
2025-08-19T10:58:52Z	822.00000	1555.94626	1538.81548	1525.69211
2025-08-19T10:58:52Z	822.00000	1555.94612	1538.81386	1525.69065
2025-08-19T10:58:52Z	822.00000	1555.94629	1538.81409	1525.69067
2025-08-19T10:58:52Z	822.00000	1555.94578	1538.81228	1525.69100
2025-08-19T10:58:52Z	822.00000	1555.94668	1538.81451	1525.69069
2025-08-19T10:58:53Z	822.00000	1555.94660	1538.81323	1525.69153
2025-08-19T10:58:53Z	822.00000	1555.94688	1538.81358	1525.69158
2025-08-19T10:58:53Z	822.00000	1555.94666	1538.80931	1525.69212
2025-08-19T10:58:53Z	823.00000	1555.94367	1538.80644	1525.69026
2025-08-19T10:58:53Z	823.00000	1555.94391	1538.80656	1525.69119
2025-08-19T10:58:53Z	823.00000	1555.94502	1538.80644	1525.68950
2025-08-19T10:58:53Z	823.00000	1555.94388	1538.80520	1525.69084
2025-08-19T10:58:53Z	823.00000	1555.94614	1538.80600	1525.69036
2025-08-19T10:58:53Z	823.00000	1555.94720	1538.80910	1525.69379
2025-08-19T10:58:53Z	823.00000	1555.94830	1538.80956	1525.69361
2025-08-19T10:58:54Z	823.00000	1555.94072	1538.80188	1525.68761
2025-08-19T10:58:54Z	823.00000	1555.94285	1538.80392	1525.68735
2025-08-19T10:58:54Z	823.00000	1555.94428	1538.80441	1525.68973
2025-08-19T10:58:54Z	824.00000	1555.94418	1538.80502	1525.68933
2025-08-19T10:58:54Z	824.00000	1555.94223	1538.80506	1525.68807
2025-08-19T10:58:54Z	824.00000	1555.94457	1538.80796	1525.69063
2025-08-19T10:58:54Z	824.00000	1555.94613	1538.81378	1525.69109
2025-08-19T10:58:54Z	824.00000	1555.94110	1538.80446	1525.68830
2025-08-19T10:58:54Z	824.00000	1555.94269	1538.80503	1525.68867
2025-08-19T10:58:54Z	824.00000	1555.94291	1538.80541	1525.68754
2025-08-19T10:58:55Z	824.00000	1555.94357	1538.80479	1525.68874
2025-08-19T10:58:55Z	824.00000	1555.94649	1538.80603	1525.68962
2025-08-19T10:58:55Z	824.00000	1555.94125	1538.80363	1525.68671
2025-08-19T10:58:55Z	825.00000	1555.94512	1538.80489	1525.68974
2025-08-19T10:58:55Z	825.00000	1555.94472	1538.80447	1525.68883
2025-08-19T10:58:55Z	825.00000	1555.94427	1538.80421	1525.68748
2025-08-19T10:58:55Z	825.00000	1555.94496	1538.80475	1525.68982
2025-08-19T10:58:55Z	825.00000	1555.94358	1538.80448	1525.68862
2025-08-19T10:58:55Z	825.00000	1555.94642	1538.80675	1525.68813
2025-08-19T10:58:55Z	825.00000	1555.94793	1538.81332	1525.68906
2025-08-19T10:58:56Z	825.00000	1555.94614	1538.80791	1525.68981
2025-08-19T10:58:56Z	825.00000	1555.94788	1538.81466	1525.68907
2025-08-19T10:58:56Z	825.00000	1555.94631	1538.80935	1525.68944
2025-08-19T10:58:56Z	826.00000	1555.94645	1538.81063	1525.68705
2025-08-19T10:58:56Z	826.00000	1555.94688	1538.81384	1525.68835
2025-08-19T10:58:56Z	826.00000	1555.94615	1538.81073	1525.68771
2025-08-19T10:58:56Z	826.00000	1555.94656	1538.81136	1525.68762
2025-08-19T10:58:56Z	826.00000	1555.94879	1538.81485	1525.68934
2025-08-19T10:58:56Z	826.00000	1555.94702	1538.80838	1525.68813
2025-08-19T10:58:56Z	826.00000	1555.94678	1538.81243	1525.68838
2025-08-19T10:58:57Z	826.00000	1555.94627	1538.80701	1525.68642
2025-08-19T10:58:57Z	826.00000	1555.94644	1538.80773	1525.68684
2025-08-19T10:58:57Z	826.00000	1555.94650	1538.80681	1525.68696
2025-08-19T10:58:57Z	827.00000	1555.94510	1538.80619	1525.68657
2025-08-19T10:58:57Z	827.00000	1555.94654	1538.80861	1525.69012
2025-08-19T10:58:57Z	827.00000	1555.94119	1538.80325	1525.68429
2025-08-19T10:58:57Z	827.00000	1555.94431	1538.80480	1525.68684
2025-08-19T10:58:57Z	827.00000	1555.93965	1538.80277	1525.68447
2025-08-19T10:58:57Z	827.00000	1555.94313	1538.80467	1525.68621
2025-08-19T10:58:57Z	827.00000	1555.94277	1538.80378	1525.68611
2025-08-19T10:58:58Z	827.00000	1555.93671	1538.79978	1525.68302
2025-08-19T10:58:58Z	827.00000	1555.95001	1538.81491	1525.68841
2025-08-19T10:58:58Z	827.00000	1555.94100	1538.80288	1525.68465
2025-08-19T10:58:58Z	828.00000	1555.94710	1538.80985	1525.68902
2025-08-19T10:58:58Z	828.00000	1555.94609	1538.80689	1525.68832
2025-08-19T10:58:58Z	828.00000	1555.94383	1538.80472	1525.68617
2025-08-19T10:58:58Z	828.00000	1555.95068	1538.81550	1525.69116
2025-08-19T10:58:58Z	828.00000	1555.94654	1538.80678	1525.68872
2025-08-19T10:58:58Z	828.00000	1555.94592	1538.80611	1525.68541
2025-08-19T10:58:58Z	828.00000	1555.94685	1538.80715	1525.68914
2025-08-19T10:58:59Z	828.00000	1555.94645	1538.80692	1525.68927
2025-08-19T10:58:59Z	828.00000	1555.95057	1538.81173	1525.69183
2025-08-19T10:58:59Z	828.00000	1555.94821	1538.80789	1525.68977
2025-08-19T10:58:59Z	829.00000	1555.94767	1538.80687	1525.68914
2025-08-19T10:58:59Z	829.00000	1555.95088	1538.81273	1525.69102
2025-08-19T10:58:59Z	829.00000	1555.94663	1538.80590	1525.68776
2025-08-19T10:58:59Z	829.00000	1555.94671	1538.80705	1525.68898
2025-08-19T10:58:59Z	829.00000	1555.94706	1538.80784	1525.68894
2025-08-19T10:58:59Z	829.00000	1555.94657	1538.80575	1525.68753
2025-08-19T10:58:59Z	829.00000	1555.94651	1538.80547	1525.68848
2025-08-19T10:59:00Z	829.00000	1555.94612	1538.80514	1525.68730
2025-08-19T10:59:00Z	829.00000	1555.94392	1538.80383	1525.68571
2025-08-19T10:59:00Z	829.00000	1555.94573	1538.80551	1525.68678
2025-08-19T10:59:00Z	830.00000	1555.94555	1538.80540	1525.68648
2025-08-19T10:59:00Z	830.00000	1555.94582	1538.80523	1525.68717
2025-08-19T10:59:00Z	830.00000	1555.94236	1538.80317	1525.68642
2025-08-19T10:59:00Z	830.00000	1555.94338	1538.80396	1525.68628
2025-08-19T10:59:00Z	830.00000	1555.94490	1538.80486	1525.68638
2025-08-19T10:59:00Z	830.00000	1555.94432	1538.80452	1525.68749
2025-08-19T10:59:00Z	830.00000	1555.94491	1538.80445	1525.68754
2025-08-19T10:59:01Z	830.00000	1555.94543	1538.80472	1525.68859
2025-08-19T10:59:01Z	830.00000	1555.94090	1538.80204	1525.68613
2025-08-19T10:59:01Z	830.00000	1555.94470	1538.80438	1525.68774
2025-08-19T10:59:01Z	831.00000	1555.94303	1538.80373	1525.68683
2025-08-19T10:59:01Z	831.00000	1555.94465	1538.80412	1525.68793
2025-08-19T10:59:01Z	831.00000	1555.94588	1538.80413	1525.68885
2025-08-19T10:59:01Z	831.00000	1555.94388	1538.80314	1525.68695
2025-08-19T10:59:01Z	831.00000	1555.94506	1538.80385	1525.68703
2025-08-19T10:59:01Z	831.00000	1555.94288	1538.80257	1525.68652
2025-08-19T10:59:01Z	831.00000	1555.94252	1538.80295	1525.68654
2025-08-19T10:59:02Z	831.00000	1555.94489	1538.80369	1525.68621
2025-08-19T10:59:02Z	831.00000	1555.94578	1538.80471	1525.68815
2025-08-19T10:59:02Z	831.00000	1555.94672	1538.80642	1525.68871
2025-08-19T10:59:02Z	832.00000	1555.94667	1538.80681	1525.68985
2025-08-19T10:59:02Z	832.00000	1555.94725	1538.80779	1525.68914
2025-08-19T10:59:02Z	832.00000	1555.94686	1538.80711	1525.69012
2025-08-19T10:59:02Z	832.00000	1555.94694	1538.80839	1525.68918
2025-08-19T10:59:02Z	832.00000	1555.94800	1538.80963	1525.69102
2025-08-19T10:59:02Z	832.00000	1555.94633	1538.80815	1525.69013
2025-08-19T10:59:02Z	832.00000	1555.94699	1538.80797	1525.68990
2025-08-19T10:59:03Z	832.00000	1555.94704	1538.80809	1525.68902
2025-08-19T10:59:03Z	832.00000	1555.94695	1538.80711	1525.68903
2025-08-19T10:59:03Z	832.00000	1555.94718	1538.80757	1525.68968
2025-08-19T10:59:03Z	833.00000	1555.94643	1538.80711	1525.69024
2025-08-19T10:59:03Z	833.00000	1555.94785	1538.80889	1525.69006
2025-08-19T10:59:03Z	833.00000	1555.94655	1538.80651	1525.68987
2025-08-19T10:59:03Z	833.00000	1555.94735	1538.80841	1525.69074
2025-08-19T10:59:03Z	833.00000	1555.94625	1538.80775	1525.69026
2025-08-19T10:59:03Z	833.00000	1555.94837	1538.81394	1525.69232
2025-08-19T10:59:03Z	833.00000	1555.94697	1538.81400	1525.69111
2025-08-19T10:59:04Z	833.00000	1555.95007	1538.81543	1525.68990
2025-08-19T10:59:04Z	833.00000	1555.95017	1538.81427	1525.68982
2025-08-19T10:59:04Z	833.00000	1555.95231	1538.81528	1525.69166
2025-08-19T10:59:04Z	834.00000	1555.95559	1538.81461	1525.69125
2025-08-19T10:59:04Z	834.00000	1555.95440	1538.81478	1525.69110
2025-08-19T10:59:04Z	834.00000	1555.95258	1538.81494	1525.68954
2025-08-19T10:59:04Z	834.00000	1555.94821	1538.80741	1525.68777
2025-08-19T10:59:04Z	834.00000	1555.94637	1538.80832	1525.68656
2025-08-19T10:59:04Z	834.00000	1555.94704	1538.81569	1525.68899
2025-08-19T10:59:04Z	834.00000	1555.94768	1538.81468	1525.69125
2025-08-19T10:59:05Z	834.00000	1555.94556	1538.80636	1525.68949
2025-08-19T10:59:05Z	834.00000	1555.94662	1538.80742	1525.69162
2025-08-19T10:59:05Z	834.00000	1555.94554	1538.80499	1525.68831
2025-08-19T10:59:05Z	835.00000	1555.94690	1538.80562	1525.68699
2025-08-19T10:59:05Z	835.00000	1555.94743	1538.80488	1525.68706
2025-08-19T10:59:05Z	835.00000	1555.94874	1538.80515	1525.68649
2025-08-19T10:59:05Z	835.00000	1555.95076	1538.80486	1525.68708
2025-08-19T10:59:05Z	835.00000	1555.95096	1538.80374	1525.68429
2025-08-19T10:59:05Z	835.00000	1555.95111	1538.80519	1525.68558
2025-08-19T10:59:05Z	835.00000	1555.95124	1538.80584	1525.68599
2025-08-19T10:59:06Z	835.00000	1555.95002	1538.80476	1525.68497
2025-08-19T10:59:06Z	835.00000	1555.95045	1538.80450	1525.68569
2025-08-19T10:59:06Z	835.00000	1555.95024	1538.80494	1525.68562
2025-08-19T10:59:06Z	836.00000	1555.94608	1538.80107	1525.68281
2025-08-19T10:59:06Z	836.00000	1555.94653	1538.80370	1525.68404
2025-08-19T10:59:06Z	836.00000	1555.94789	1538.80360	1525.68564
2025-08-19T10:59:06Z	836.00000	1555.94680	1538.80408	1525.68519
2025-08-19T10:59:06Z	836.00000	1555.94611	1538.80298	1525.68387
2025-08-19T10:59:06Z	836.00000	1555.94747	1538.80548	1525.68531
2025-08-19T10:59:06Z	836.00000	1555.94717	1538.80452	1525.68351
2025-08-19T10:59:07Z	836.00000	1555.94908	1538.80571	1525.68513
2025-08-19T10:59:07Z	836.00000	1555.94625	1538.80378	1525.68370
2025-08-19T10:59:07Z	836.00000	1555.94688	1538.80386	1525.68477
2025-08-19T10:59:07Z	837.00000	1555.94596	1538.80507	1525.68399
2025-08-19T10:59:07Z	837.00000	1555.94646	1538.80551	1525.68602
2025-08-19T10:59:07Z	837.00000	1555.94274	1538.80330	1525.68441
2025-08-19T10:59:07Z	837.00000	1555.94402	1538.80572	1525.68547
2025-08-19T10:59:07Z	837.00000	1555.94395	1538.80668	1525.68632
2025-08-19T10:59:07Z	837.00000	1555.94673	1538.81473	1525.68768
2025-08-19T10:59:07Z	837.00000	1555.94486	1538.80716	1525.68613
2025-08-19T10:59:08Z	837.00000	1555.94607	1538.80585	1525.68868
2025-08-19T10:59:08Z	837.00000	1555.94555	1538.80494	1525.68927
2025-08-19T10:59:08Z	837.00000	1555.94361	1538.80414	1525.68726
2025-08-19T10:59:08Z	838.00000	1555.94667	1538.80552	1525.69036
2025-08-19T10:59:08Z	838.00000	1555.94275	1538.80420	1525.68745
2025-08-19T10:59:08Z	838.00000	1555.94332	1538.80508	1525.68556
2025-08-19T10:59:08Z	838.00000	1555.93980	1538.80396	1525.68778
2025-08-19T10:59:08Z	838.00000	1555.93993	1538.80269	1525.68748
2025-08-19T10:59:08Z	838.00000	1555.94202	1538.80498	1525.68644
2025-08-19T10:59:08Z	838.00000	1555.94096	1538.80404	1525.68636
2025-08-19T10:59:09Z	838.00000	1555.93971	1538.80262	1525.68707
2025-08-19T10:59:09Z	838.00000	1555.93591	1538.80017	1525.68520
2025-08-19T10:59:09Z	838.00000	1555.94720	1538.81171	1525.69062
2025-08-19T10:59:09Z	839.00000	1555.94652	1538.81276	1525.69210
2025-08-19T10:59:09Z	839.00000	1555.94916	1538.81495	1525.69410
2025-08-19T10:59:09Z	839.00000	1555.94542	1538.80550	1525.69060
2025-08-19T10:59:09Z	839.00000	1555.94296	1538.80483	1525.68722
2025-08-19T10:59:09Z	839.00000	1555.94497	1538.80536	1525.68888
2025-08-19T10:59:09Z	839.00000	1555.94440	1538.80511	1525.68773
2025-08-19T10:59:10Z	839.00000	1555.94444	1538.80462	1525.68735
2025-08-19T10:59:10Z	840.00000	1555.94514	1538.80576	1525.68908
2025-08-19T10:59:10Z	840.00000	1555.94186	1538.80342	1525.68643
2025-08-19T10:59:10Z	840.00000	1555.94388	1538.80454	1525.68618
2025-08-19T10:59:10Z	840.00000	1555.94366	1538.80474	1525.68780
2025-08-19T10:59:10Z	840.00000	1555.94345	1538.80549	1525.68780
2025-08-19T10:59:10Z	840.00000	1555.94348	1538.80484	1525.68605
2025-08-19T10:59:10Z	840.00000	1555.94336	1538.80381	1525.68611
2025-08-19T10:59:11Z	840.00000	1555.94216	1538.80334	1525.68664
2025-08-19T10:59:11Z	840.00000	1555.94237	1538.80360	1525.68617
2025-08-19T10:59:11Z	840.00000	1555.94263	1538.80366	1525.68810
2025-08-19T10:59:11Z	841.00000	1555.94503	1538.80529	1525.68764
2025-08-19T10:59:11Z	841.00000	1555.94032	1538.80224	1525.68497
2025-08-19T10:59:11Z	841.00000	1555.94325	1538.80425	1525.68663
2025-08-19T10:59:11Z	841.00000	1555.94196	1538.80362	1525.68588
2025-08-19T10:59:11Z	841.00000	1555.94444	1538.80520	1525.68796
2025-08-19T10:59:12Z	841.00000	1555.94194	1538.80454	1525.68587
2025-08-19T10:59:12Z	841.00000	1555.94068	1538.80348	1525.68504
2025-08-19T10:59:12Z	841.00000	1555.94178	1538.80488	1525.68492
2025-08-19T10:59:12Z	842.00000	1555.93981	1538.80331	1525.68340
2025-08-19T10:59:12Z	842.00000	1555.94188	1538.80509	1525.68589
2025-08-19T10:59:12Z	842.00000	1555.94076	1538.80393	1525.68647
2025-08-19T10:59:12Z	842.00000	1555.94114	1538.80377	1525.68623
2025-08-19T10:59:13Z	842.00000	1555.94099	1538.80488	1525.68683
2025-08-19T10:59:13Z	842.00000	1555.94544	1538.80922	1525.68911
2025-08-19T10:59:13Z	843.00000	1555.94624	1538.80971	1525.68983
2025-08-19T10:59:13Z	843.00000	1555.94557	1538.80652	1525.68771
2025-08-19T10:59:13Z	843.00000	1555.94592	1538.80556	1525.68732
2025-08-19T10:59:14Z	843.00000	1555.94710	1538.80604	1525.68734
2025-08-19T10:59:14Z	843.00000	1555.94523	1538.80459	1525.68547
2025-08-19T10:59:14Z	844.00000	1555.94495	1538.80428	1525.68652
2025-08-19T10:59:14Z	844.00000	1555.94371	1538.80191	1525.68527
2025-08-19T10:59:14Z	844.00000	1555.94310	1538.80100	1525.68510
2025-08-19T10:59:14Z	844.00000	1555.94252	1538.80146	1525.68545
2025-08-19T10:59:14Z	844.00000	1555.94373	1538.80175	1525.68518
2025-08-19T10:59:14Z	844.00000	1555.94405	1538.80266	1525.68584
2025-08-19T10:59:15Z	844.00000	1555.94178	1538.80123	1525.68446
2025-08-19T10:59:15Z	844.00000	1555.94252	1538.80075	1525.68423
2025-08-19T10:59:15Z	844.00000	1555.94182	1538.80249	1525.68542
2025-08-19T10:59:15Z	845.00000	1555.94273	1538.80233	1525.68576
2025-08-19T10:59:15Z	845.00000	1555.94178	1538.80263	1525.68487
2025-08-19T10:59:15Z	845.00000	1555.94261	1538.80365	1525.68477
2025-08-19T10:59:15Z	845.00000	1555.94322	1538.80409	1525.68521
2025-08-19T10:59:15Z	845.00000	1555.94230	1538.80421	1525.68426
2025-08-19T10:59:15Z	845.00000	1555.94372	1538.80482	1525.68476
2025-08-19T10:59:15Z	845.00000	1555.94483	1538.80533	1525.68532
2025-08-19T10:59:16Z	845.00000	1555.94147	1538.80322	1525.68342
2025-08-19T10:59:16Z	845.00000	1555.94525	1538.80544	1525.68572
2025-08-19T10:59:16Z	846.00000	1555.94472	1538.80501	1525.68485
2025-08-19T10:59:16Z	846.00000	1555.94341	1538.80511	1525.68404
2025-08-19T10:59:16Z	846.00000	1555.94273	1538.80426	1525.68426
2025-08-19T10:59:16Z	846.00000	1555.94470	1538.80517	1525.68456
2025-08-19T10:59:16Z	846.00000	1555.94324	1538.80345	1525.68438
2025-08-19T10:59:16Z	846.00000	1555.94375	1538.80386	1525.68558
2025-08-19T10:59:16Z	846.00000	1555.94352	1538.80338	1525.68657
2025-08-19T10:59:17Z	846.00000	1555.94484	1538.80492	1525.68609
2025-08-19T10:59:17Z	846.00000	1555.94405	1538.80312	1525.68661
2025-08-19T10:59:17Z	846.00000	1555.94510	1538.80365	1525.68743
2025-08-19T10:59:17Z	847.00000	1555.94949	1538.81162	1525.69149
2025-08-19T10:59:17Z	847.00000	1555.94679	1538.80647	1525.68660
2025-08-19T10:59:17Z	847.00000	1555.94690	1538.81017	1525.68733
2025-08-19T10:59:17Z	847.00000	1555.94620	1538.80530	1525.68612
2025-08-19T10:59:17Z	847.00000	1555.94703	1538.80576	1525.68719
2025-08-19T10:59:17Z	847.00000	1555.94702	1538.80581	1525.68581
2025-08-19T10:59:17Z	847.00000	1555.94723	1538.80582	1525.68566
2025-08-19T10:59:18Z	847.00000	1555.94699	1538.80560	1525.68728
2025-08-19T10:59:18Z	847.00000	1555.94714	1538.80612	1525.68605
2025-08-19T10:59:18Z	847.00000	1555.94681	1538.80655	1525.68772
2025-08-19T10:59:18Z	848.00000	1555.94612	1538.80599	1525.68545
2025-08-19T10:59:18Z	848.00000	1555.94620	1538.80568	1525.68521
2025-08-19T10:59:18Z	848.00000	1555.94650	1538.80551	1525.68554
2025-08-19T10:59:18Z	848.00000	1555.95605	1538.81647	1525.69414
2025-08-19T10:59:18Z	848.00000	1555.96100	1538.81748	1525.70019
2025-08-19T10:59:18Z	848.00000	1555.94472	1538.80519	1525.68646
2025-08-19T10:59:18Z	848.00000	1555.87508	1538.73716	1525.61796
2025-08-19T10:59:19Z	848.00000	1555.87682	1538.73874	1525.61907
2025-08-19T10:59:19Z	848.00000	1555.87806	1538.73905	1525.61976
2025-08-19T10:59:19Z	848.00000	1555.87048	1538.73271	1525.61235
2025-08-19T10:59:19Z	849.00000	1555.87560	1538.73957	1525.61588
2025-08-19T10:59:19Z	849.00000	1555.87221	1538.73578	1525.61399
2025-08-19T10:59:19Z	849.00000	1555.85306	1538.71458	1525.59037
2025-08-19T10:59:19Z	849.00000	1555.85043	1538.70967	1525.58716
2025-08-19T10:59:19Z	849.00000	1555.85607	1538.71632	1525.59172
2025-08-19T10:59:19Z	849.00000	1555.85082	1538.70948	1525.58862
2025-08-19T10:59:19Z	849.00000	1555.84642	1538.70646	1525.58695
2025-08-19T10:59:20Z	849.00000	1555.85234	1538.71438	1525.59153
2025-08-19T10:59:20Z	849.00000	1555.84613	1538.70730	1525.58701
2025-08-19T10:59:20Z	849.00000	1555.84544	1538.70640	1525.58710
2025-08-19T10:59:20Z	850.00000	1555.84374	1538.70150	1525.57885
2025-08-19T10:59:20Z	850.00000	1555.83193	1538.68872	1525.56569
2025-08-19T10:59:20Z	850.00000	1555.83619	1538.69516	1525.57376
2025-08-19T10:59:20Z	850.00000	1555.84163	1538.69774	1525.57727
2025-08-19T10:59:20Z	850.00000	1555.85343	1538.71422	1525.59288
2025-08-19T10:59:20Z	850.00000	1555.82903	1538.68581	1525.56568
2025-08-19T10:59:20Z	850.00000	1555.85226	1538.70906	1525.59175
2025-08-19T10:59:21Z	850.00000	1555.85279	1538.70919	1525.59121
2025-08-19T10:59:21Z	850.00000	1555.84628	1538.70499	1525.58500
2025-08-19T10:59:21Z	850.00000	1555.85113	1538.70799	1525.58967
2025-08-19T10:59:21Z	851.00000	1555.85116	1538.71012	1525.59213
2025-08-19T10:59:21Z	851.00000	1555.85581	1538.71700	1525.59592
2025-08-19T10:59:21Z	851.00000	1555.85486	1538.71609	1525.59406
2025-08-19T10:59:21Z	851.00000	1555.84620	1538.70645	1525.58639
2025-08-19T10:59:21Z	851.00000	1555.84407	1538.70425	1525.58139
2025-08-19T10:59:21Z	851.00000	1555.84501	1538.70631	1525.58485
2025-08-19T10:59:21Z	851.00000	1555.85444	1538.71572	1525.59217
2025-08-19T10:59:22Z	851.00000	1555.85119	1538.71011	1525.59095
2025-08-19T10:59:22Z	851.00000	1555.85595	1538.71706	1525.59484
2025-08-19T10:59:22Z	851.00000	1555.86404	1538.72319	1525.60094
2025-08-19T10:59:22Z	852.00000	1555.86912	1538.73029	1525.60761
2025-08-19T10:59:22Z	852.00000	1555.79690	1538.65453	1525.53331
2025-08-19T10:59:22Z	852.00000	1555.81058	1538.67014	1525.54552
2025-08-19T10:59:22Z	852.00000	1555.80933	1538.66720	1525.54151
2025-08-19T10:59:22Z	852.00000	1555.81102	1538.66873	1525.54255
2025-08-19T10:59:22Z	852.00000	1555.81063	1538.66773	1525.54194
2025-08-19T10:59:22Z	852.00000	1555.81179	1538.67030	1525.54467
2025-08-19T10:59:23Z	852.00000	1555.81182	1538.66903	1525.54334
2025-08-19T10:59:23Z	852.00000	1555.81260	1538.67066	1525.54485
2025-08-19T10:59:23Z	852.00000	1555.81315	1538.66950	1525.54563
2025-08-19T10:59:23Z	853.00000	1555.81216	1538.67019	1525.54487
2025-08-19T10:59:23Z	853.00000	1555.81228	1538.67109	1525.54686
2025-08-19T10:59:23Z	853.00000	1555.81104	1538.66958	1525.54648
2025-08-19T10:59:23Z	853.00000	1555.81235	1538.67088	1525.54632
2025-08-19T10:59:23Z	853.00000	1555.81113	1538.67049	1525.54612
2025-08-19T10:59:23Z	853.00000	1555.81239	1538.67228	1525.55011
2025-08-19T10:59:23Z	853.00000	1555.81169	1538.67102	1525.55073
2025-08-19T10:59:24Z	853.00000	1555.81233	1538.67100	1525.55409
2025-08-19T10:59:24Z	853.00000	1555.81089	1538.66727	1525.55116
2025-08-19T10:59:24Z	853.00000	1555.81224	1538.66815	1525.55006
2025-08-19T10:59:24Z	854.00000	1555.81224	1538.67021	1525.54618
2025-08-19T10:59:24Z	854.00000	1555.81236	1538.67161	1525.54753
2025-08-19T10:59:24Z	854.00000	1555.81151	1538.67208	1525.54600
2025-08-19T10:59:24Z	854.00000	1555.81198	1538.67215	1525.54508
2025-08-19T10:59:24Z	854.00000	1555.81206	1538.67173	1525.54577
2025-08-19T10:59:24Z	854.00000	1555.81298	1538.67190	1525.54550
2025-08-19T10:59:24Z	854.00000	1555.81307	1538.66765	1525.54237
2025-08-19T10:59:25Z	854.00000	1555.81927	1538.67328	1525.55669
2025-08-19T10:59:25Z	854.00000	1555.81485	1538.67246	1525.54823
2025-08-19T10:59:25Z	854.00000	1555.81362	1538.67179	1525.54612
2025-08-19T10:59:25Z	855.00000	1555.81276	1538.67023	1525.54614
2025-08-19T10:59:25Z	855.00000	1555.81363	1538.67056	1525.54628
2025-08-19T10:59:25Z	855.00000	1555.81330	1538.66866	1525.54719
2025-08-19T10:59:25Z	855.00000	1555.81219	1538.66843	1525.54572
2025-08-19T10:59:25Z	855.00000	1555.81316	1538.66877	1525.55037
2025-08-19T10:59:25Z	855.00000	1555.80686	1538.66438	1525.54162
2025-08-19T10:59:25Z	855.00000	1555.80661	1538.66413	1525.54096
2025-08-19T10:59:26Z	855.00000	1555.80674	1538.66424	1525.54268
2025-08-19T10:59:26Z	855.00000	1555.80563	1538.66416	1525.54201
2025-08-19T10:59:26Z	855.00000	1555.80536	1538.66491	1525.54278
2025-08-19T10:59:26Z	856.00000	1555.80647	1538.66578	1525.54248
2025-08-19T10:59:26Z	856.00000	1555.80229	1538.66328	1525.54006
2025-08-19T10:59:26Z	856.00000	1555.80112	1538.66391	1525.53967
2025-08-19T10:59:26Z	856.00000	1555.80518	1538.66534	1525.54156
2025-08-19T10:59:26Z	856.00000	1555.80521	1538.66577	1525.54143
2025-08-19T10:59:26Z	856.00000	1555.80445	1538.66656	1525.54114
2025-08-19T10:59:26Z	856.00000	1555.80441	1538.66610	1525.54116
2025-08-19T10:59:27Z	856.00000	1555.80471	1538.66595	1525.54076
2025-08-19T10:59:27Z	856.00000	1555.80478	1538.66627	1525.54147
2025-08-19T10:59:27Z	856.00000	1555.80348	1538.66606	1525.54170
2025-08-19T10:59:27Z	857.00000	1555.80270	1538.66514	1525.54024
2025-08-19T10:59:27Z	857.00000	1555.80627	1538.66542	1525.54099
2025-08-19T10:59:27Z	857.00000	1555.80184	1538.66434	1525.54034
2025-08-19T10:59:27Z	857.00000	1555.80438	1538.66464	1525.54002
2025-08-19T10:59:27Z	857.00000	1555.80537	1538.66453	1525.54004
2025-08-19T10:59:27Z	857.00000	1555.80541	1538.66450	1525.54016
2025-08-19T10:59:27Z	857.00000	1555.80566	1538.66443	1525.54004
2025-08-19T10:59:28Z	857.00000	1555.80460	1538.66367	1525.54025
2025-08-19T10:59:28Z	857.00000	1555.80381	1538.66394	1525.54215
2025-08-19T10:59:28Z	857.00000	1555.80542	1538.66470	1525.54320
2025-08-19T10:59:28Z	858.00000	1555.80653	1538.66576	1525.54562
2025-08-19T10:59:28Z	858.00000	1555.80555	1538.66598	1525.54417
2025-08-19T10:59:28Z	858.00000	1555.80440	1538.66519	1525.54455
2025-08-19T10:59:28Z	858.00000	1555.80386	1538.66494	1525.55174
2025-08-19T10:59:28Z	858.00000	1555.80418	1538.66520	1525.55665
2025-08-19T10:59:28Z	858.00000	1555.80093	1538.66310	1525.55288
2025-08-19T10:59:28Z	858.00000	1555.81266	1538.67229	1525.56479
2025-08-19T10:59:29Z	858.00000	1555.81389	1538.67417	1525.56498
2025-08-19T10:59:29Z	858.00000	1555.81377	1538.67783	1525.56497
2025-08-19T10:59:29Z	858.00000	1555.81453	1538.67974	1525.56392
2025-08-19T10:59:29Z	859.00000	1555.81582	1538.68272	1525.56479
2025-08-19T10:59:29Z	859.00000	1555.81369	1538.68026	1525.56022
2025-08-19T10:59:29Z	859.00000	1555.81396	1538.68116	1525.56117
2025-08-19T10:59:29Z	859.00000	1555.81693	1538.68195	1525.55981
2025-08-19T10:59:29Z	859.00000	1555.81729	1538.68078	1525.55870
2025-08-19T10:59:29Z	859.00000	1555.81887	1538.68120	1525.55737
2025-08-19T10:59:29Z	859.00000	1555.81759	1538.67890	1525.55324
2025-08-19T10:59:30Z	859.00000	1555.81955	1538.67791	1525.55321
2025-08-19T10:59:30Z	859.00000	1555.82010	1538.67738	1525.55511
2025-08-19T10:59:30Z	859.00000	1555.82020	1538.67583	1525.55394
2025-08-19T10:59:30Z	860.00000	1555.81996	1538.67549	1525.55652
2025-08-19T10:59:30Z	860.00000	1555.81651	1538.67290	1525.54874
2025-08-19T10:59:30Z	860.00000	1555.81575	1538.67320	1525.54994
2025-08-19T10:59:30Z	860.00000	1555.81498	1538.67326	1525.54704
2025-08-19T10:59:30Z	860.00000	1555.81552	1538.67380	1525.55003
2025-08-19T10:59:30Z	860.00000	1555.81843	1538.67345	1525.54896
2025-08-19T10:59:30Z	860.00000	1555.82002	1538.67380	1525.55072
2025-08-19T10:59:31Z	860.00000	1555.82002	1538.67316	1525.54970
2025-08-19T10:59:31Z	860.00000	1555.81882	1538.67367	1525.55108
2025-08-19T10:59:31Z	860.00000	1555.81778	1538.67300	1525.54837
2025-08-19T10:59:31Z	861.00000	1555.81698	1538.67819	1525.55231
2025-08-19T10:59:31Z	861.00000	1555.81398	1538.67317	1525.54589
2025-08-19T10:59:31Z	861.00000	1555.81207	1538.67034	1525.54312
2025-08-19T10:59:31Z	861.00000	1555.80864	1538.66549	1525.54198
2025-08-19T10:59:31Z	861.00000	1555.80638	1538.66613	1525.54168
2025-08-19T10:59:31Z	861.00000	1555.80557	1538.66575	1525.54294
2025-08-19T10:59:31Z	861.00000	1555.80455	1538.66504	1525.54236
2025-08-19T10:59:32Z	861.00000	1555.80508	1538.66538	1525.54147
2025-08-19T10:59:32Z	861.00000	1555.80300	1538.66276	1525.53972
2025-08-19T10:59:32Z	861.00000	1555.80679	1538.66546	1525.54037
2025-08-19T10:59:32Z	862.00000	1555.80567	1538.66414	1525.53877
2025-08-19T10:59:32Z	862.00000	1555.80618	1538.66383	1525.53949
2025-08-19T10:59:32Z	862.00000	1555.80511	1538.66295	1525.53811
2025-08-19T10:59:32Z	862.00000	1555.80397	1538.66200	1525.53839
2025-08-19T10:59:32Z	862.00000	1555.80428	1538.66309	1525.53774
2025-08-19T10:59:32Z	862.00000	1555.80511	1538.66387	1525.53960
2025-08-19T10:59:32Z	862.00000	1555.80096	1538.66253	1525.54077
2025-08-19T10:59:33Z	862.00000	1555.80093	1538.66204	1525.53801
2025-08-19T10:59:33Z	862.00000	1555.80343	1538.66396	1525.53961
2025-08-19T10:59:33Z	862.00000	1555.80028	1538.66240	1525.54028
2025-08-19T10:59:33Z	863.00000	1555.80097	1538.66237	1525.53893
2025-08-19T10:59:33Z	863.00000	1555.79994	1538.66220	1525.53771
2025-08-19T10:59:33Z	863.00000	1555.79884	1538.65876	1525.53712
2025-08-19T10:59:33Z	863.00000	1555.80415	1538.66232	1525.53850
2025-08-19T10:59:33Z	863.00000	1555.79907	1538.65687	1525.53704
2025-08-19T10:59:33Z	863.00000	1555.79913	1538.66043	1525.53708
2025-08-19T10:59:33Z	863.00000	1555.79953	1538.66202	1525.53978
2025-08-19T10:59:34Z	863.00000	1555.79841	1538.65891	1525.53919
2025-08-19T10:59:34Z	863.00000	1555.79978	1538.66216	1525.53881
2025-08-19T10:59:34Z	863.00000	1555.79949	1538.66248	1525.53993
2025-08-19T10:59:34Z	864.00000	1555.80487	1538.66358	1525.53934
2025-08-19T10:59:34Z	864.00000	1555.80129	1538.66152	1525.53952
2025-08-19T10:59:34Z	864.00000	1555.80060	1538.66153	1525.53898
2025-08-19T10:59:34Z	864.00000	1555.80240	1538.66290	1525.54007
2025-08-19T10:59:34Z	864.00000	1555.80332	1538.66453	1525.54129
2025-08-19T10:59:34Z	864.00000	1555.80272	1538.66420	1525.54031
2025-08-19T10:59:34Z	864.00000	1555.81417	1538.67335	1525.55543
2025-08-19T10:59:35Z	864.00000	1555.81260	1538.67195	1525.54767
2025-08-19T10:59:35Z	864.00000	1555.81329	1538.67329	1525.54909
2025-08-19T10:59:35Z	864.00000	1555.80236	1538.66378	1525.53920
2025-08-19T10:59:35Z	865.00000	1555.80484	1538.66457	1525.53933
2025-08-19T10:59:35Z	865.00000	1555.80208	1538.66423	1525.53885
2025-08-19T10:59:35Z	865.00000	1555.80287	1538.66454	1525.53972
2025-08-19T10:59:35Z	865.00000	1555.80737	1538.66502	1525.53953
2025-08-19T10:59:35Z	865.00000	1555.81175	1538.66288	1525.53801
2025-08-19T10:59:35Z	865.00000	1555.81632	1538.66408	1525.54027
2025-08-19T10:59:35Z	865.00000	1555.81843	1538.66404	1525.53987
2025-08-19T10:59:36Z	865.00000	1555.81135	1538.66192	1525.53824
2025-08-19T10:59:36Z	865.00000	1555.81110	1538.66293	1525.53998
2025-08-19T10:59:36Z	865.00000	1555.80638	1538.66025	1525.53747
2025-08-19T10:59:36Z	866.00000	1555.80752	1538.66367	1525.53953
2025-08-19T10:59:36Z	866.00000	1555.80619	1538.66344	1525.53947
2025-08-19T10:59:36Z	866.00000	1555.80096	1538.66152	1525.53803
2025-08-19T10:59:36Z	866.00000	1555.80309	1538.66323	1525.53978
2025-08-19T10:59:36Z	866.00000	1555.80221	1538.66355	1525.53892
2025-08-19T10:59:36Z	866.00000	1555.80343	1538.66326	1525.53955
2025-08-19T10:59:36Z	866.00000	1555.80589	1538.66505	1525.54178
2025-08-19T10:59:37Z	866.00000	1555.80091	1538.66239	1525.53850
2025-08-19T10:59:37Z	866.00000	1555.80546	1538.66383	1525.54048
2025-08-19T10:59:37Z	866.00000	1555.80648	1538.66482	1525.54000
2025-08-19T10:59:37Z	867.00000	1555.81869	1538.67343	1525.55615
2025-08-19T10:59:37Z	867.00000	1555.81300	1538.66553	1525.54228
2025-08-19T10:59:37Z	867.00000	1555.80530	1538.66263	1525.53905
2025-08-19T10:59:37Z	867.00000	1555.80651	1538.66418	1525.54083
2025-08-19T10:59:37Z	867.00000	1555.80449	1538.66335	1525.53981
2025-08-19T10:59:37Z	867.00000	1555.80495	1538.66385	1525.53997
2025-08-19T10:59:37Z	867.00000	1555.79908	1538.66145	1525.53800
2025-08-19T10:59:38Z	867.00000	1555.80281	1538.66318	1525.54026
2025-08-19T10:59:38Z	867.00000	1555.80283	1538.66419	1525.54027
2025-08-19T10:59:38Z	867.00000	1555.80631	1538.66454	1525.54103
2025-08-19T10:59:38Z	868.00000	1555.80717	1538.66475	1525.54015
2025-08-19T10:59:38Z	868.00000	1555.80584	1538.66477	1525.54014
2025-08-19T10:59:38Z	868.00000	1555.80334	1538.66408	1525.53993
2025-08-19T10:59:38Z	868.00000	1555.80730	1538.66438	1525.54023
2025-08-19T10:59:38Z	868.00000	1555.80759	1538.66468	1525.53981
2025-08-19T10:59:38Z	868.00000	1555.80920	1538.66475	1525.53848
2025-08-19T10:59:38Z	868.00000	1555.80771	1538.66302	1525.53859
2025-08-19T10:59:39Z	868.00000	1555.80769	1538.66234	1525.53624
2025-08-19T10:59:39Z	868.00000	1555.80931	1538.66420	1525.53724
2025-08-19T10:59:39Z	868.00000	1555.80475	1538.66193	1525.53652
2025-08-19T10:59:39Z	869.00000	1555.80632	1538.66355	1525.53809
2025-08-19T10:59:39Z	869.00000	1555.81244	1538.66598	1525.54063
2025-08-19T10:59:39Z	869.00000	1555.81586	1538.67188	1525.54519
2025-08-19T10:59:39Z	869.00000	1555.81379	1538.67111	1525.54494
2025-08-19T10:59:39Z	869.00000	1555.81282	1538.67112	1525.54438
2025-08-19T10:59:39Z	869.00000	1555.81106	1538.66894	1525.54386
2025-08-19T10:59:39Z	869.00000	1555.80721	1538.66598	1525.54260
2025-08-19T10:59:40Z	869.00000	1555.80628	1538.66488	1525.54109
2025-08-19T10:59:40Z	869.00000	1555.80428	1538.66512	1525.54027
2025-08-19T10:59:40Z	869.00000	1555.80445	1538.66554	1525.53971
2025-08-19T10:59:40Z	870.00000	1555.80259	1538.66472	1525.53918
2025-08-19T10:59:40Z	870.00000	1555.80104	1538.66348	1525.53729
2025-08-19T10:59:40Z	870.00000	1555.80377	1538.66478	1525.53913
2025-08-19T10:59:40Z	870.00000	1555.80192	1538.66563	1525.53928
2025-08-19T10:59:40Z	870.00000	1555.80174	1538.66592	1525.53800
2025-08-19T10:59:40Z	870.00000	1555.80508	1538.66633	1525.53908
2025-08-19T10:59:40Z	870.00000	1555.80104	1538.66580	1525.53899
2025-08-19T10:59:41Z	870.00000	1555.80624	1538.66809	1525.54037
2025-08-19T10:59:41Z	870.00000	1555.80683	1538.66633	1525.54051
2025-08-19T10:59:41Z	870.00000	1555.80535	1538.66589	1525.54032
2025-08-19T10:59:41Z	871.00000	1555.80253	1538.66497	1525.53720
2025-08-19T10:59:41Z	871.00000	1555.80690	1538.66707	1525.54200
2025-08-19T10:59:41Z	871.00000	1555.80502	1538.66508	1525.53866
2025-08-19T10:59:41Z	871.00000	1555.80824	1538.66542	1525.54117
2025-08-19T10:59:41Z	871.00000	1555.80772	1538.66395	1525.53936
2025-08-19T10:59:41Z	871.00000	1555.80843	1538.66438	1525.53897
2025-08-19T10:59:41Z	871.00000	1555.81408	1538.66631	1525.54109
2025-08-19T10:59:42Z	871.00000	1555.81567	1538.66475	1525.53997
2025-08-19T10:59:42Z	871.00000	1555.81976	1538.66502	1525.54212
2025-08-19T10:59:42Z	871.00000	1555.81887	1538.66475	1525.54080
2025-08-19T10:59:42Z	872.00000	1555.81685	1538.66477	1525.54218
2025-08-19T10:59:42Z	872.00000	1555.81974	1538.66503	1525.54124
2025-08-19T10:59:42Z	872.00000	1555.82129	1538.66528	1525.54118
2025-08-19T10:59:42Z	872.00000	1555.82039	1538.66489	1525.54124
2025-08-19T10:59:42Z	872.00000	1555.81825	1538.66626	1525.54174
2025-08-19T10:59:42Z	872.00000	1555.81440	1538.66565	1525.54216
2025-08-19T10:59:42Z	872.00000	1555.81342	1538.66600	1525.54274
2025-08-19T10:59:43Z	872.00000	1555.81182	1538.66569	1525.54210
2025-08-19T10:59:43Z	872.00000	1555.81097	1538.66563	1525.54342
2025-08-19T10:59:43Z	872.00000	1555.81156	1538.66659	1525.54236
2025-08-19T10:59:43Z	873.00000	1555.81156	1538.66735	1525.54210
2025-08-19T10:59:43Z	873.00000	1555.81039	1538.66707	1525.54255
2025-08-19T10:59:43Z	873.00000	1555.81039	1538.66673	1525.54217
2025-08-19T10:59:43Z	873.00000	1555.81028	1538.66658	1525.54239
2025-08-19T10:59:43Z	873.00000	1555.81014	1538.66672	1525.54217
2025-08-19T10:59:43Z	873.00000	1555.81174	1538.66827	1525.54220
2025-08-19T10:59:43Z	873.00000	1555.81087	1538.66784	1525.54175
2025-08-19T10:59:44Z	873.00000	1555.80892	1538.66574	1525.54139
2025-08-19T10:59:44Z	873.00000	1555.81060	1538.66601	1525.54212
2025-08-19T10:59:44Z	873.00000	1555.80998	1538.66648	1525.54267
2025-08-19T10:59:44Z	874.00000	1555.80697	1538.66494	1525.54097
2025-08-19T10:59:44Z	874.00000	1555.81899	1538.67472	1525.55949
2025-08-19T10:59:44Z	874.00000	1555.82033	1538.67686	1525.56083
2025-08-19T10:59:44Z	874.00000	1555.82029	1538.67672	1525.56083
2025-08-19T10:59:44Z	874.00000	1555.81941	1538.67614	1525.55867
2025-08-19T10:59:44Z	874.00000	1555.81987	1538.67613	1525.55767
2025-08-19T10:59:44Z	874.00000	1555.81985	1538.67746	1525.55758
2025-08-19T10:59:45Z	874.00000	1555.81881	1538.67588	1525.55189
2025-08-19T10:59:45Z	874.00000	1555.81998	1538.67627	1525.55506
2025-08-19T10:59:45Z	874.00000	1555.82068	1538.67591	1525.55774
2025-08-19T10:59:45Z	875.00000	1555.82029	1538.67404	1525.55537
2025-08-19T10:59:45Z	875.00000	1555.82053	1538.67298	1525.55693
2025-08-19T10:59:45Z	875.00000	1555.81970	1538.67264	1525.55283
2025-08-19T10:59:45Z	875.00000	1555.81765	1538.67337	1525.55033
2025-08-19T10:59:45Z	875.00000	1555.81652	1538.67293	1525.55554
2025-08-19T10:59:45Z	875.00000	1555.81410	1538.67169	1525.55762
2025-08-19T10:59:45Z	875.00000	1555.81503	1538.67329	1525.55974
2025-08-19T10:59:46Z	875.00000	1555.81608	1538.67376	1525.55917
2025-08-19T10:59:46Z	875.00000	1555.81620	1538.67425	1525.55505
2025-08-19T10:59:46Z	875.00000	1555.81651	1538.67377	1525.55513
2025-08-19T10:59:46Z	876.00000	1555.81723	1538.67419	1525.56048
2025-08-19T10:59:46Z	876.00000	1555.81830	1538.67361	1525.55922
2025-08-19T10:59:46Z	876.00000	1555.81682	1538.67245	1525.56005
2025-08-19T10:59:46Z	876.00000	1555.81779	1538.67268	1525.55971
2025-08-19T10:59:46Z	876.00000	1555.81729	1538.67250	1525.55843
2025-08-19T10:59:46Z	876.00000	1555.81725	1538.67331	1525.55860
2025-08-19T10:59:46Z	876.00000	1555.81640	1538.67287	1525.55757
2025-08-19T10:59:47Z	876.00000	1555.81680	1538.67374	1525.55696
2025-08-19T10:59:47Z	876.00000	1555.81597	1538.67371	1525.55769
2025-08-19T10:59:47Z	876.00000	1555.81548	1538.67319	1525.55623
2025-08-19T10:59:47Z	877.00000	1555.81573	1538.67322	1525.55407
2025-08-19T10:59:47Z	877.00000	1555.81633	1538.67353	1525.55523
2025-08-19T10:59:47Z	877.00000	1555.81608	1538.67352	1525.55214
2025-08-19T10:59:47Z	877.00000	1555.81741	1538.67371	1525.55247
2025-08-19T10:59:47Z	877.00000	1555.81761	1538.67325	1525.55240
2025-08-19T10:59:47Z	877.00000	1555.81756	1538.67357	1525.55496
2025-08-19T10:59:47Z	877.00000	1555.81607	1538.67343	1525.55450
2025-08-19T10:59:48Z	877.00000	1555.81572	1538.67341	1525.55503
2025-08-19T10:59:48Z	877.00000	1555.81538	1538.67301	1525.55603
2025-08-19T10:59:48Z	877.00000	1555.81506	1538.67337	1525.55613
2025-08-19T10:59:48Z	878.00000	1555.81471	1538.67219	1525.55275
2025-08-19T10:59:48Z	878.00000	1555.81431	1538.67283	1525.55541
2025-08-19T10:59:48Z	878.00000	1555.81517	1538.67368	1525.55532
2025-08-19T10:59:48Z	878.00000	1555.81522	1538.67302	1525.55441
2025-08-19T10:59:48Z	878.00000	1555.81523	1538.67350	1525.55531
2025-08-19T10:59:48Z	878.00000	1555.81576	1538.67303	1525.55701
2025-08-19T10:59:48Z	878.00000	1555.81468	1538.67318	1525.55906
2025-08-19T10:59:49Z	878.00000	1555.81638	1538.67380	1525.55914
2025-08-19T10:59:49Z	878.00000	1555.81530	1538.67389	1525.55876
2025-08-19T10:59:49Z	878.00000	1555.81563	1538.67391	1525.55778
2025-08-19T10:59:49Z	879.00000	1555.81663	1538.67383	1525.55868
2025-08-19T10:59:49Z	879.00000	1555.81787	1538.67390	1525.55808
2025-08-19T10:59:49Z	879.00000	1555.81699	1538.67468	1525.55792
2025-08-19T10:59:49Z	879.00000	1555.81744	1538.67597	1525.55748
2025-08-19T10:59:49Z	879.00000	1555.81851	1538.67514	1525.55935
2025-08-19T10:59:49Z	879.00000	1555.81803	1538.67459	1525.55874
2025-08-19T10:59:50Z	879.00000	1555.81899	1538.67396	1525.55874
2025-08-19T10:59:50Z	879.00000	1555.81829	1538.67430	1525.55908
2025-08-19T10:59:50Z	879.00000	1555.81685	1538.67382	1525.55778
2025-08-19T10:59:50Z	880.00000	1555.81755	1538.67472	1525.55969
2025-08-19T10:59:50Z	880.00000	1555.81739	1538.67474	1525.55926
2025-08-19T10:59:50Z	880.00000	1555.81816	1538.67454	1525.55984
2025-08-19T10:59:50Z	880.00000	1555.81748	1538.67334	1525.55693
2025-08-19T10:59:50Z	880.00000	1555.81852	1538.67347	1525.55825
2025-08-19T10:59:50Z	880.00000	1555.81804	1538.67339	1525.55843
2025-08-19T10:59:50Z	880.00000	1555.81723	1538.67327	1525.55875
2025-08-19T10:59:51Z	880.00000	1555.81621	1538.67338	1525.55734
2025-08-19T10:59:51Z	880.00000	1555.81653	1538.67332	1525.55577
2025-08-19T10:59:51Z	880.00000	1555.81558	1538.67369	1525.55185
2025-08-19T10:59:51Z	881.00000	1555.81532	1538.67287	1525.55045
2025-08-19T10:59:51Z	881.00000	1555.81573	1538.67204	1525.55229
2025-08-19T10:59:51Z	881.00000	1555.81525	1538.67292	1525.55188
2025-08-19T10:59:51Z	881.00000	1555.81547	1538.67329	1525.55504
2025-08-19T10:59:51Z	881.00000	1555.81563	1538.67374	1525.55562
2025-08-19T10:59:51Z	881.00000	1555.81466	1538.67387	1525.55571
2025-08-19T10:59:51Z	881.00000	1555.81457	1538.67331	1525.55754
2025-08-19T10:59:52Z	881.00000	1555.81543	1538.67392	1525.55795
2025-08-19T10:59:52Z	881.00000	1555.81488	1538.67373	1525.55744
2025-08-19T10:59:52Z	881.00000	1555.81562	1538.67438	1525.55803
2025-08-19T10:59:52Z	882.00000	1555.81572	1538.67370	1525.55828
2025-08-19T10:59:52Z	882.00000	1555.81562	1538.67435	1525.55866
2025-08-19T10:59:52Z	882.00000	1555.81713	1538.67423	1525.55822
2025-08-19T10:59:52Z	882.00000	1555.81607	1538.67448	1525.55610
2025-08-19T10:59:52Z	882.00000	1555.81646	1538.67555	1525.55512
2025-08-19T10:59:52Z	882.00000	1555.81844	1538.67550	1525.55535
2025-08-19T10:59:52Z	882.00000	1555.81874	1538.67527	1525.55787
2025-08-19T10:59:53Z	882.00000	1555.81730	1538.67433	1525.55760
2025-08-19T10:59:53Z	882.00000	1555.81890	1538.67393	1525.55751
2025-08-19T10:59:53Z	883.00000	1555.81783	1538.67368	1525.55702
2025-08-19T10:59:53Z	883.00000	1555.81910	1538.67357	1525.55853
2025-08-19T10:59:53Z	883.00000	1555.81628	1538.67375	1525.55499
2025-08-19T10:59:53Z	883.00000	1555.81492	1538.67386	1525.55845
2025-08-19T10:59:54Z	883.00000	1555.81419	1538.67331	1525.55647
2025-08-19T10:59:54Z	883.00000	1555.81429	1538.67377	1525.55454
2025-08-19T10:59:54Z	884.00000	1555.81486	1538.67350	1525.55512
2025-08-19T10:59:54Z	884.00000	1555.81533	1538.67327	1525.55493
2025-08-19T10:59:54Z	884.00000	1555.81510	1538.67348	1525.55646
2025-08-19T10:59:54Z	884.00000	1555.81469	1538.67337	1525.55570
2025-08-19T10:59:55Z	884.00000	1555.81528	1538.67354	1525.55819
2025-08-19T10:59:55Z	884.00000	1555.81538	1538.67339	1525.55570
2025-08-19T10:59:55Z	885.00000	1555.81558	1538.67344	1525.55520
2025-08-19T10:59:55Z	885.00000	1555.81634	1538.67272	1525.55699
2025-08-19T10:59:55Z	885.00000	1555.81421	1538.67244	1525.55496
2025-08-19T10:59:55Z	885.00000	1555.81333	1538.67223	1525.55305
2025-08-19T10:59:56Z	885.00000	1555.81451	1538.67229	1525.55309
2025-08-19T10:59:56Z	885.00000	1555.81416	1538.67212	1525.55478
2025-08-19T10:59:56Z	885.00000	1555.81396	1538.67191	1525.55460
2025-08-19T10:59:56Z	886.00000	1555.81399	1538.67246	1525.55591
2025-08-19T10:59:56Z	886.00000	1555.81516	1538.67319	1525.55920
2025-08-19T10:59:56Z	886.00000	1555.81570	1538.67254	1525.55759
2025-08-19T10:59:56Z	886.00000	1555.81575	1538.67305	1525.55804
2025-08-19T10:59:56Z	886.00000	1555.81581	1538.67347	1525.55895
2025-08-19T10:59:57Z	886.00000	1555.81527	1538.67366	1525.56018
2025-08-19T10:59:57Z	886.00000	1555.81626	1538.67586	1525.55762
2025-08-19T10:59:57Z	887.00000	1555.81678	1538.67657	1525.55760
2025-08-19T10:59:57Z	887.00000	1555.81594	1538.67530	1525.55880
2025-08-19T10:59:57Z	887.00000	1555.81780	1538.67389	1525.55607
2025-08-19T10:59:58Z	887.00000	1555.81792	1538.67405	1525.56017
2025-08-19T10:59:58Z	887.00000	1555.81664	1538.67407	1525.55947
2025-08-19T10:59:58Z	888.00000	1555.81845	1538.67449	1525.55995
2025-08-19T10:59:58Z	888.00000	1555.81973	1538.67494	1525.56000
2025-08-19T10:59:58Z	888.00000	1555.81963	1538.67550	1525.55902
2025-08-19T10:59:58Z	888.00000	1555.81957	1538.67619	1525.56019
2025-08-19T10:59:58Z	888.00000	1555.81934	1538.67669	1525.56147
2025-08-19T10:59:58Z	888.00000	1555.81960	1538.67589	1525.56050
2025-08-19T10:59:58Z	888.00000	1555.81857	1538.67677	1525.55934
2025-08-19T10:59:59Z	888.00000	1555.81970	1538.67852	1525.55735
2025-08-19T10:59:59Z	888.00000	1555.81967	1538.67843	1525.55634
2025-08-19T10:59:59Z	888.00000	1555.82020	1538.67712	1525.55483
2025-08-19T10:59:59Z	889.00000	1555.82011	1538.67616	1525.55651
2025-08-19T10:59:59Z	889.00000	1555.81813	1538.67521	1525.55513
2025-08-19T10:59:59Z	889.00000	1555.81705	1538.67497	1525.55286
2025-08-19T10:59:59Z	889.00000	1555.81690	1538.67439	1525.55268
2025-08-19T10:59:59Z	889.00000	1555.81554	1538.67539	1525.55138
2025-08-19T10:59:59Z	889.00000	1555.81472	1538.67701	1525.54786
2025-08-19T10:59:59Z	889.00000	1555.81830	1538.67779	1525.54537
2025-08-19T11:00:00Z	889.00000	1555.82036	1538.67690	1525.54487
2025-08-19T11:00:00Z	889.00000	1555.82050	1538.67446	1525.54670
2025-08-19T11:00:00Z	889.00000	1555.81978	1538.67218	1525.54966
2025-08-19T11:00:00Z	890.00000	1555.81998	1538.67284	1525.54918
2025-08-19T11:00:00Z	890.00000	1555.82067	1538.67232	1525.55132
2025-08-19T11:00:00Z	890.00000	1555.81737	1538.67232	1525.55076
2025-08-19T11:00:00Z	890.00000	1555.81516	1538.67166	1525.55121
2025-08-19T11:00:00Z	890.00000	1555.81455	1538.67193	1525.55256
2025-08-19T11:00:00Z	890.00000	1555.81407	1538.67214	1525.55217
2025-08-19T11:00:00Z	890.00000	1555.81454	1538.67166	1525.55657
2025-08-19T11:00:01Z	890.00000	1555.81405	1538.67273	1525.55532
2025-08-19T11:00:01Z	890.00000	1555.81364	1538.67299	1525.55443
2025-08-19T11:00:01Z	890.00000	1555.81371	1538.67305	1525.55721
2025-08-19T11:00:01Z	891.00000	1555.81407	1538.67351	1525.55754
2025-08-19T11:00:01Z	891.00000	1555.81397	1538.67374	1525.55743
2025-08-19T11:00:01Z	891.00000	1555.81412	1538.67344	1525.55688
2025-08-19T11:00:01Z	891.00000	1555.81464	1538.67363	1525.55671
2025-08-19T11:00:01Z	891.00000	1555.81496	1538.67401	1525.55665
2025-08-19T11:00:01Z	891.00000	1555.81422	1538.67345	1525.55760
2025-08-19T11:00:01Z	891.00000	1555.81538	1538.67368	1525.55615
2025-08-19T11:00:02Z	891.00000	1555.81627	1538.67368	1525.55557
2025-08-19T11:00:02Z	891.00000	1555.81529	1538.67371	1525.55627
2025-08-19T11:00:02Z	891.00000	1555.81480	1538.67377	1525.55422
2025-08-19T11:00:02Z	892.00000	1555.81659	1538.67504	1525.55577
2025-08-19T11:00:02Z	892.00000	1555.81648	1538.67437	1525.55408
2025-08-19T11:00:02Z	892.00000	1555.81609	1538.67481	1525.55390
2025-08-19T11:00:02Z	892.00000	1555.81743	1538.67410	1525.55304
2025-08-19T11:00:02Z	892.00000	1555.81578	1538.67384	1525.55031
2025-08-19T11:00:02Z	892.00000	1555.81652	1538.67271	1525.54723
2025-08-19T11:00:02Z	892.00000	1555.81673	1538.67298	1525.54802
2025-08-19T11:00:03Z	892.00000	1555.81787	1538.67248	1525.54806
2025-08-19T11:00:03Z	892.00000	1555.81728	1538.67222	1525.54878
2025-08-19T11:00:03Z	892.00000	1555.81668	1538.67242	1525.54899
2025-08-19T11:00:03Z	893.00000	1555.81456	1538.67227	1525.54698
2025-08-19T11:00:03Z	893.00000	1555.81433	1538.67209	1525.54773
2025-08-19T11:00:03Z	893.00000	1555.81398	1538.67192	1525.54732
2025-08-19T11:00:03Z	893.00000	1555.81345	1538.67154	1525.54598
2025-08-19T11:00:03Z	893.00000	1555.81349	1538.67050	1525.54596
2025-08-19T11:00:03Z	893.00000	1555.81295	1538.67101	1525.54679
2025-08-19T11:00:03Z	893.00000	1555.81235	1538.67030	1525.54625
2025-08-19T11:00:04Z	893.00000	1555.81222	1538.67038	1525.54815
2025-08-19T11:00:04Z	893.00000	1555.81249	1538.67043	1525.54888
2025-08-19T11:00:04Z	893.00000	1555.81205	1538.66964	1525.54869
2025-08-19T11:00:04Z	894.00000	1555.81201	1538.66983	1525.55358
2025-08-19T11:00:04Z	894.00000	1555.81183	1538.66990	1525.55622
2025-08-19T11:00:04Z	894.00000	1555.81195	1538.67042	1525.55687
2025-08-19T11:00:04Z	894.00000	1555.81223	1538.67130	1525.55843
2025-08-19T11:00:04Z	894.00000	1555.81267	1538.67244	1525.55953
2025-08-19T11:00:04Z	894.00000	1555.81286	1538.67190	1525.55941
2025-08-19T11:00:04Z	894.00000	1555.81384	1538.67248	1525.55972
2025-08-19T11:00:05Z	894.00000	1555.81378	1538.67194	1525.55842
2025-08-19T11:00:05Z	894.00000	1555.81446	1538.67303	1525.55901
2025-08-19T11:00:05Z	894.00000	1555.81396	1538.67345	1525.55898
2025-08-19T11:00:05Z	895.00000	1555.82893	1538.68646	1525.56607
2025-08-19T11:00:05Z	895.00000	1555.81783	1538.67044	1525.55085
2025-08-19T11:00:05Z	895.00000	1555.83153	1538.68587	1525.56502
2025-08-19T11:00:05Z	895.00000	1555.82137	1538.67450	1525.55903
2025-08-19T11:00:05Z	895.00000	1555.83126	1538.68571	1525.56510
2025-08-19T11:00:05Z	895.00000	1555.83470	1538.68870	1525.56629
2025-08-19T11:00:05Z	895.00000	1555.83158	1538.68762	1525.56585
2025-08-19T11:00:06Z	895.00000	1555.84221	1538.69662	1525.56933
2025-08-19T11:00:06Z	895.00000	1555.84395	1538.70407	1525.57591
2025-08-19T11:00:06Z	895.00000	1555.84231	1538.69591	1525.56784
2025-08-19T11:00:06Z	896.00000	1555.84049	1538.69408	1525.56709
2025-08-19T11:00:06Z	896.00000	1555.83323	1538.68813	1525.56614
2025-08-19T11:00:06Z	896.00000	1555.83482	1538.69138	1525.56712
2025-08-19T11:00:06Z	896.00000	1555.83832	1538.69460	1525.57195
2025-08-19T11:00:06Z	896.00000	1555.83814	1538.69539	1525.57306
2025-08-19T11:00:06Z	896.00000	1555.83629	1538.69329	1525.56966
2025-08-19T11:00:06Z	896.00000	1555.83645	1538.69477	1525.57346
2025-08-19T11:00:07Z	896.00000	1555.83014	1538.68854	1525.56624
2025-08-19T11:00:07Z	896.00000	1555.84519	1538.70631	1525.58849
2025-08-19T11:00:07Z	896.00000	1555.82058	1538.67999	1525.56469
2025-08-19T11:00:07Z	897.00000	1555.74839	1538.60998	1525.49395
2025-08-19T11:00:07Z	897.00000	1555.70392	1538.56798	1525.44845
2025-08-19T11:00:07Z	897.00000	1555.69643	1538.56122	1525.44585
2025-08-19T11:00:07Z	897.00000	1555.70057	1538.56486	1525.44724
2025-08-19T11:00:07Z	897.00000	1555.70374	1538.56805	1525.44798
2025-08-19T11:00:07Z	897.00000	1555.70320	1538.56599	1525.44698
2025-08-19T11:00:07Z	897.00000	1555.69672	1538.56199	1525.44596
2025-08-19T11:00:08Z	897.00000	1555.69230	1538.55469	1525.43702
2025-08-19T11:00:08Z	897.00000	1555.69431	1538.55724	1525.44195
2025-08-19T11:00:08Z	897.00000	1555.69637	1538.56147	1525.44623
2025-08-19T11:00:08Z	898.00000	1555.69453	1538.55654	1525.43860
2025-08-19T11:00:08Z	898.00000	1555.69489	1538.55704	1525.43915
2025-08-19T11:00:08Z	898.00000	1555.69265	1538.55336	1525.43340
2025-08-19T11:00:08Z	898.00000	1555.69472	1538.55660	1525.43793
2025-08-19T11:00:08Z	898.00000	1555.69452	1538.55629	1525.43800
2025-08-19T11:00:08Z	898.00000	1555.69423	1538.55567	1525.43686
2025-08-19T11:00:08Z	898.00000	1555.69191	1538.55334	1525.43284
2025-08-19T11:00:09Z	898.00000	1555.68964	1538.55142	1525.43158
2025-08-19T11:00:09Z	898.00000	1555.69277	1538.55373	1525.43245
2025-08-19T11:00:09Z	898.00000	1555.69457	1538.55525	1525.43727
2025-08-19T11:00:09Z	899.00000	1555.69695	1538.56040	1525.44446
2025-08-19T11:00:09Z	899.00000	1555.68229	1538.54247	1525.42485
2025-08-19T11:00:09Z	899.00000	1555.68314	1538.54516	1525.42634
2025-08-19T11:00:09Z	899.00000	1555.68158	1538.54338	1525.42566
2025-08-19T11:00:09Z	899.00000	1555.68354	1538.54568	1525.42776
2025-08-19T11:00:09Z	899.00000	1555.68319	1538.54444	1525.42588
2025-08-19T11:00:09Z	899.00000	1555.68286	1538.54472	1525.42855
2025-08-19T11:00:10Z	899.00000	1555.68377	1538.54471	1525.42809
2025-08-19T11:00:10Z	899.00000	1555.68339	1538.54483	1525.42755
2025-08-19T11:00:10Z	899.00000	1555.68337	1538.54551	1525.42769
2025-08-19T11:00:10Z	900.00000	1555.68295	1538.54574	1525.42719
2025-08-19T11:00:10Z	900.00000	1555.68323	1538.54561	1525.42638
2025-08-19T11:00:10Z	900.00000	1555.68356	1538.54605	1525.42671
2025-08-19T11:00:10Z	900.00000	1555.68295	1538.54457	1525.42543
2025-08-19T11:00:10Z	900.00000	1555.68363	1538.54467	1525.42707
2025-08-19T11:00:10Z	900.00000	1555.68322	1538.54613	1525.42642
2025-08-19T11:00:10Z	900.00000	1555.68324	1538.54674	1525.42551
2025-08-19T11:00:11Z	900.00000	1555.68337	1538.54685	1525.42661
2025-08-19T11:00:11Z	900.00000	1555.68348	1538.54831	1525.42733
2025-08-19T11:00:11Z	900.00000	1555.68351	1538.54736	1525.42570
2025-08-19T11:00:11Z	901.00000	1555.68360	1538.54741	1525.42811
2025-08-19T11:00:11Z	901.00000	1555.68345	1538.54774	1525.42833
2025-08-19T11:00:11Z	901.00000	1555.68363	1538.54700	1525.42696
2025-08-19T11:00:11Z	901.00000	1555.68304	1538.54883	1525.42785
2025-08-19T11:00:11Z	901.00000	1555.68385	1538.54806	1525.42834
2025-08-19T11:00:11Z	901.00000	1555.68374	1538.54959	1525.43002
2025-08-19T11:00:11Z	901.00000	1555.68419	1538.54898	1525.42981
2025-08-19T11:00:12Z	901.00000	1555.68353	1538.54896	1525.42964
2025-08-19T11:00:12Z	901.00000	1555.68321	1538.54875	1525.42959
2025-08-19T11:00:12Z	901.00000	1555.68346	1538.54640	1525.42919
2025-08-19T11:00:12Z	902.00000	1555.68372	1538.54702	1525.43182
2025-08-19T11:00:12Z	902.00000	1555.68345	1538.54642	1525.42946
2025-08-19T11:00:12Z	902.00000	1555.68315	1538.54529	1525.42901
2025-08-19T11:00:12Z	902.00000	1555.68354	1538.54572	1525.42871
2025-08-19T11:00:12Z	902.00000	1555.68292	1538.54553	1525.42751
2025-08-19T11:00:12Z	902.00000	1555.68298	1538.54491	1525.42845
2025-08-19T11:00:12Z	902.00000	1555.68345	1538.54476	1525.42809
2025-08-19T11:00:13Z	902.00000	1555.68328	1538.54509	1525.42836
2025-08-19T11:00:13Z	902.00000	1555.68276	1538.54592	1525.42731
2025-08-19T11:00:13Z	902.00000	1555.68282	1538.54537	1525.42684
2025-08-19T11:00:13Z	903.00000	1555.68286	1538.54615	1525.42773
2025-08-19T11:00:13Z	903.00000	1555.68285	1538.54615	1525.42828
2025-08-19T11:00:13Z	903.00000	1555.68320	1538.54630	1525.42682
2025-08-19T11:00:13Z	903.00000	1555.68337	1538.54597	1525.42806
2025-08-19T11:00:13Z	903.00000	1555.67946	1538.54110	1525.42675
2025-08-19T11:00:13Z	903.00000	1555.68020	1538.54192	1525.42433
2025-08-19T11:00:13Z	903.00000	1555.67240	1538.53402	1525.42073
2025-08-19T11:00:14Z	903.00000	1555.67357	1538.53596	1525.42467
2025-08-19T11:00:14Z	903.00000	1555.67167	1538.53615	1525.42145
2025-08-19T11:00:14Z	903.00000	1555.67503	1538.54266	1525.42343
2025-08-19T11:00:14Z	904.00000	1555.67264	1538.54277	1525.42226
2025-08-19T11:00:14Z	904.00000	1555.67247	1538.54316	1525.42035
2025-08-19T11:00:14Z	904.00000	1555.67457	1538.54351	1525.42051
2025-08-19T11:00:14Z	904.00000	1555.67178	1538.54232	1525.41382
2025-08-19T11:00:14Z	904.00000	1555.67210	1538.54148	1525.41571
2025-08-19T11:00:14Z	904.00000	1555.67111	1538.53589	1525.41541
2025-08-19T11:00:14Z	904.00000	1555.67207	1538.53506	1525.41600
2025-08-19T11:00:15Z	904.00000	1555.67183	1538.53328	1525.41386
2025-08-19T11:00:15Z	904.00000	1555.67506	1538.53313	1525.41542
2025-08-19T11:00:15Z	904.00000	1555.67838	1538.53590	1525.42339
2025-08-19T11:00:15Z	905.00000	1555.67622	1538.53468	1525.42251
2025-08-19T11:00:15Z	905.00000	1555.67495	1538.53478	1525.42449
2025-08-19T11:00:15Z	905.00000	1555.67610	1538.53526	1525.42410
2025-08-19T11:00:15Z	905.00000	1555.67456	1538.53431	1525.42396
2025-08-19T11:00:15Z	905.00000	1555.68242	1538.54257	1525.42727
2025-08-19T11:00:15Z	905.00000	1555.68313	1538.54463	1525.42652
2025-08-19T11:00:15Z	905.00000	1555.68366	1538.54557	1525.42780
2025-08-19T11:00:16Z	905.00000	1555.68303	1538.54824	1525.42806
2025-08-19T11:00:16Z	905.00000	1555.68346	1538.54701	1525.42494
2025-08-19T11:00:16Z	905.00000	1555.68354	1538.54780	1525.42573
2025-08-19T11:00:16Z	906.00000	1555.68322	1538.54630	1525.42570
2025-08-19T11:00:16Z	906.00000	1555.68379	1538.54752	1525.42775
2025-08-19T11:00:16Z	906.00000	1555.68387	1538.54665	1525.42817
2025-08-19T11:00:16Z	906.00000	1555.68348	1538.54589	1525.42813
2025-08-19T11:00:16Z	906.00000	1555.68363	1538.54630	1525.42910
2025-08-19T11:00:16Z	906.00000	1555.68367	1538.54598	1525.42787
2025-08-19T11:00:16Z	906.00000	1555.68371	1538.54538	1525.42841
2025-08-19T11:00:17Z	906.00000	1555.68355	1538.54598	1525.42739
2025-08-19T11:00:17Z	906.00000	1555.68394	1538.54690	1525.42777
2025-08-19T11:00:17Z	906.00000	1555.68355	1538.54643	1525.42801
2025-08-19T11:00:17Z	907.00000	1555.68380	1538.54485	1525.42730
2025-08-19T11:00:17Z	907.00000	1555.68589	1538.54633	1525.42845
2025-08-19T11:00:17Z	907.00000	1555.68838	1538.55017	1525.42881
2025-08-19T11:00:17Z	907.00000	1555.68846	1538.55629	1525.43010
2025-08-19T11:00:17Z	907.00000	1555.68738	1538.55354	1525.43100
2025-08-19T11:00:17Z	907.00000	1555.68810	1538.55285	1525.43025
2025-08-19T11:00:17Z	907.00000	1555.68528	1538.54894	1525.42906
2025-08-19T11:00:18Z	907.00000	1555.68278	1538.54348	1525.42706
2025-08-19T11:00:18Z	907.00000	1555.67947	1538.54226	1525.42542
2025-08-19T11:00:18Z	907.00000	1555.67740	1538.54155	1525.42463
2025-08-19T11:00:18Z	908.00000	1555.67550	1538.53866	1525.42495
2025-08-19T11:00:18Z	908.00000	1555.67488	1538.53944	1525.42558
2025-08-19T11:00:18Z	908.00000	1555.67575	1538.53855	1525.42538
2025-08-19T11:00:18Z	908.00000	1555.67168	1538.53498	1525.42254
2025-08-19T11:00:18Z	908.00000	1555.67420	1538.53622	1525.42430
2025-08-19T11:00:18Z	908.00000	1555.67282	1538.53438	1525.42307
2025-08-19T11:00:18Z	908.00000	1555.67484	1538.53485	1525.42497
2025-08-19T11:00:19Z	908.00000	1555.67222	1538.53440	1525.42382
2025-08-19T11:00:19Z	908.00000	1555.67319	1538.53574	1525.42476
2025-08-19T11:00:19Z	908.00000	1555.67529	1538.53802	1525.42523
2025-08-19T11:00:19Z	909.00000	1555.67228	1538.53467	1525.42457
2025-08-19T11:00:19Z	909.00000	1555.67161	1538.53444	1525.42236
2025-08-19T11:00:19Z	909.00000	1555.67188	1538.53459	1525.42118
2025-08-19T11:00:19Z	909.00000	1555.67157	1538.53452	1525.42129
2025-08-19T11:00:19Z	909.00000	1555.67431	1538.53656	1525.42274
2025-08-19T11:00:19Z	909.00000	1555.67113	1538.53302	1525.41690
2025-08-19T11:00:19Z	909.00000	1555.66995	1538.53292	1525.41166
2025-08-19T11:00:20Z	909.00000	1555.67126	1538.53308	1525.41440
2025-08-19T11:00:20Z	909.00000	1555.67152	1538.53341	1525.41436
2025-08-19T11:00:20Z	909.00000	1555.67116	1538.53278	1525.41308
2025-08-19T11:00:20Z	910.00000	1555.67174	1538.53295	1525.41818
2025-08-19T11:00:20Z	910.00000	1555.67211	1538.53322	1525.42246
2025-08-19T11:00:20Z	910.00000	1555.66701	1538.53007	1525.41245
2025-08-19T11:00:20Z	910.00000	1555.66855	1538.53216	1525.41600
2025-08-19T11:00:20Z	910.00000	1555.66768	1538.53217	1525.41742
2025-08-19T11:00:20Z	910.00000	1555.66721	1538.53120	1525.41540
2025-08-19T11:00:20Z	910.00000	1555.66652	1538.53283	1525.41694
2025-08-19T11:00:21Z	910.00000	1555.67008	1538.53399	1525.42136
2025-08-19T11:00:21Z	910.00000	1555.66698	1538.53348	1525.41700
2025-08-19T11:00:21Z	910.00000	1555.66888	1538.53388	1525.41791
2025-08-19T11:00:21Z	911.00000	1555.67038	1538.53392	1525.41706
2025-08-19T11:00:21Z	911.00000	1555.66947	1538.53321	1525.41412
2025-08-19T11:00:21Z	911.00000	1555.68281	1538.54451	1525.42646
2025-08-19T11:00:21Z	911.00000	1555.68346	1538.54527	1525.42761
2025-08-19T11:00:21Z	911.00000	1555.68271	1538.54730	1525.42977
2025-08-19T11:00:21Z	911.00000	1555.68346	1538.54375	1525.42715
2025-08-19T11:00:21Z	911.00000	1555.67672	1538.54133	1525.42588
2025-08-19T11:00:22Z	911.00000	1555.67197	1538.53879	1525.42567
2025-08-19T11:00:22Z	911.00000	1555.67110	1538.53562	1525.42377
2025-08-19T11:00:22Z	911.00000	1555.67206	1538.54115	1525.42546
2025-08-19T11:00:22Z	912.00000	1555.66984	1538.53430	1525.42313
2025-08-19T11:00:22Z	912.00000	1555.67085	1538.53517	1525.42312
2025-08-19T11:00:22Z	912.00000	1555.67153	1538.53612	1525.42464
2025-08-19T11:00:22Z	912.00000	1555.67089	1538.53448	1525.42033
2025-08-19T11:00:22Z	912.00000	1555.67176	1538.53596	1525.42470
2025-08-19T11:00:22Z	912.00000	1555.67096	1538.53336	1525.42116
2025-08-19T11:00:22Z	912.00000	1555.67365	1538.53644	1525.42500
2025-08-19T11:00:23Z	912.00000	1555.67494	1538.53610	1525.42489
2025-08-19T11:00:23Z	912.00000	1555.67244	1538.53490	1525.42207
2025-08-19T11:00:23Z	912.00000	1555.67124	1538.53373	1525.41943
2025-08-19T11:00:23Z	913.00000	1555.67174	1538.53393	1525.41995
2025-08-19T11:00:23Z	913.00000	1555.67193	1538.53490	1525.42240
2025-08-19T11:00:23Z	913.00000	1555.67304	1538.53434	1525.41877
2025-08-19T11:00:23Z	913.00000	1555.67118	1538.53316	1525.41785
2025-08-19T11:00:23Z	913.00000	1555.67215	1538.53346	1525.42054
2025-08-19T11:00:23Z	913.00000	1555.67095	1538.53343	1525.41533
2025-08-19T11:00:23Z	913.00000	1555.67196	1538.53372	1525.42256
2025-08-19T11:00:24Z	913.00000	1555.66664	1538.53174	1525.41341
2025-08-19T11:00:24Z	913.00000	1555.67076	1538.53298	1525.41606
2025-08-19T11:00:24Z	913.00000	1555.67197	1538.53424	1525.42061
2025-08-19T11:00:24Z	914.00000	1555.67105	1538.53361	1525.41574
2025-08-19T11:00:24Z	914.00000	1555.66934	1538.53315	1525.41435
2025-08-19T11:00:24Z	914.00000	1555.66634	1538.52889	1525.41096
2025-08-19T11:00:24Z	914.00000	1555.67606	1538.53803	1525.42474
2025-08-19T11:00:24Z	914.00000	1555.68317	1538.54290	1525.42653
2025-08-19T11:00:24Z	914.00000	1555.67283	1538.53531	1525.42642
2025-08-19T11:00:24Z	914.00000	1555.67069	1538.53317	1525.42350
2025-08-19T11:00:25Z	914.00000	1555.67040	1538.53422	1525.42394
2025-08-19T11:00:25Z	914.00000	1555.67056	1538.53391	1525.42494
2025-08-19T11:00:25Z	914.00000	1555.67038	1538.53480	1525.42520
2025-08-19T11:00:25Z	915.00000	1555.67031	1538.53471	1525.42542
2025-08-19T11:00:25Z	915.00000	1555.67145	1538.53508	1525.42425
2025-08-19T11:00:25Z	915.00000	1555.67193	1538.53655	1525.42413
2025-08-19T11:00:25Z	915.00000	1555.67228	1538.53769	1525.42527
2025-08-19T11:00:25Z	915.00000	1555.67208	1538.53944	1525.42469
2025-08-19T11:00:25Z	915.00000	1555.67202	1538.53788	1525.42569
2025-08-19T11:00:25Z	915.00000	1555.67459	1538.53764	1525.42462
2025-08-19T11:00:26Z	915.00000	1555.67612	1538.53894	1525.42479
2025-08-19T11:00:26Z	915.00000	1555.67405	1538.53815	1525.42540
2025-08-19T11:00:26Z	915.00000	1555.67518	1538.53915	1525.42472
2025-08-19T11:00:26Z	916.00000	1555.67267	1538.53774	1525.42415
2025-08-19T11:00:26Z	916.00000	1555.67135	1538.53396	1525.42141
2025-08-19T11:00:26Z	916.00000	1555.67182	1538.53467	1525.42307
2025-08-19T11:00:26Z	916.00000	1555.67501	1538.53952	1525.42445
2025-08-19T11:00:26Z	916.00000	1555.67147	1538.53369	1525.42246
2025-08-19T11:00:26Z	916.00000	1555.67100	1538.53328	1525.41658
2025-08-19T11:00:26Z	916.00000	1555.68282	1538.54286	1525.42661
2025-08-19T11:00:27Z	916.00000	1555.68271	1538.54318	1525.42667
2025-08-19T11:00:27Z	916.00000	1555.67773	1538.54089	1525.42586
2025-08-19T11:00:27Z	916.00000	1555.67207	1538.53384	1525.42452
2025-08-19T11:00:27Z	917.00000	1555.67202	1538.53397	1525.42399
2025-08-19T11:00:27Z	917.00000	1555.67144	1538.53460	1525.42278
2025-08-19T11:00:27Z	917.00000	1555.67182	1538.53552	1525.42418
2025-08-19T11:00:27Z	917.00000	1555.67449	1538.53830	1525.42450
2025-08-19T11:00:27Z	917.00000	1555.67377	1538.53620	1525.42442
2025-08-19T11:00:27Z	917.00000	1555.67480	1538.53555	1525.42468
2025-08-19T11:00:27Z	917.00000	1555.67379	1538.53570	1525.42384
2025-08-19T11:00:28Z	917.00000	1555.67255	1538.53542	1525.42451
2025-08-19T11:00:28Z	917.00000	1555.67109	1538.53365	1525.41842
2025-08-19T11:00:28Z	917.00000	1555.67267	1538.53595	1525.42294
2025-08-19T11:00:28Z	918.00000	1555.67617	1538.54048	1525.42484
2025-08-19T11:00:28Z	918.00000	1555.67491	1538.53636	1525.42378
2025-08-19T11:00:28Z	918.00000	1555.67501	1538.53584	1525.42388
2025-08-19T11:00:28Z	918.00000	1555.67762	1538.54085	1525.42529
2025-08-19T11:00:28Z	918.00000	1555.67807	1538.54162	1525.42504
2025-08-19T11:00:28Z	918.00000	1555.67817	1538.54154	1525.42537
2025-08-19T11:00:28Z	918.00000	1555.67576	1538.53712	1525.42461
2025-08-19T11:00:29Z	918.00000	1555.67141	1538.53449	1525.42371
2025-08-19T11:00:29Z	918.00000	1555.67734	1538.54069	1525.42513
2025-08-19T11:00:29Z	918.00000	1555.67863	1538.54078	1525.42420
2025-08-19T11:00:29Z	919.00000	1555.67735	1538.53946	1525.42560
2025-08-19T11:00:29Z	919.00000	1555.67604	1538.54017	1525.42519
2025-08-19T11:00:29Z	919.00000	1555.67754	1538.54197	1525.42462
2025-08-19T11:00:29Z	919.00000	1555.67783	1538.54162	1525.42575
2025-08-19T11:00:29Z	919.00000	1555.67162	1538.53610	1525.42331
2025-08-19T11:00:29Z	919.00000	1555.67461	1538.54065	1525.42465
2025-08-19T11:00:29Z	919.00000	1555.67974	1538.54301	1525.42696
2025-08-19T11:00:30Z	919.00000	1555.68371	1538.54616	1525.42819
2025-08-19T11:00:30Z	919.00000	1555.68319	1538.54616	1525.43025
2025-08-19T11:00:30Z	919.00000	1555.68346	1538.54445	1525.42775
2025-08-19T11:00:30Z	920.00000	1555.68107	1538.54190	1525.42622
2025-08-19T11:00:30Z	920.00000	1555.67880	1538.54168	1525.42685
2025-08-19T11:00:30Z	920.00000	1555.67733	1538.54171	1525.42673
2025-08-19T11:00:30Z	920.00000	1555.67759	1538.54267	1525.42692
2025-08-19T11:00:30Z	920.00000	1555.67754	1538.54275	1525.42591
2025-08-19T11:00:30Z	920.00000	1555.67676	1538.54205	1525.42599
2025-08-19T11:00:30Z	920.00000	1555.67474	1538.54042	1525.42652
2025-08-19T11:00:31Z	920.00000	1555.67892	1538.54292	1525.42600
2025-08-19T11:00:31Z	920.00000	1555.67929	1538.54278	1525.42761
2025-08-19T11:00:31Z	920.00000	1555.68056	1538.54294	1525.42564
2025-08-19T11:00:31Z	921.00000	1555.67540	1538.54105	1525.42589
2025-08-19T11:00:31Z	921.00000	1555.67924	1538.54382	1525.42712
2025-08-19T11:00:31Z	921.00000	1555.68235	1538.54474	1525.42890
2025-08-19T11:00:31Z	921.00000	1555.68256	1538.54692	1525.42846
2025-08-19T11:00:31Z	921.00000	1555.68971	1538.55259	1525.43246
2025-08-19T11:00:31Z	921.00000	1555.68969	1538.55135	1525.43232
2025-08-19T11:00:31Z	921.00000	1555.69020	1538.55109	1525.43103
2025-08-19T11:00:32Z	921.00000	1555.68943	1538.55100	1525.42989
2025-08-19T11:00:32Z	921.00000	1555.69071	1538.55093	1525.43207
2025-08-19T11:00:32Z	921.00000	1555.68881	1538.54954	1525.43082
2025-08-19T11:00:32Z	922.00000	1555.69035	1538.55094	1525.43174
2025-08-19T11:00:32Z	922.00000	1555.68758	1538.54981	1525.43198
2025-08-19T11:00:32Z	922.00000	1555.68939	1538.55143	1525.43256
2025-08-19T11:00:32Z	922.00000	1555.68869	1538.55095	1525.43179
2025-08-19T11:00:32Z	922.00000	1555.69262	1538.55546	1525.43150
2025-08-19T11:00:32Z	922.00000	1555.69486	1538.56090	1525.43239
2025-08-19T11:00:32Z	922.00000	1555.70058	1538.56523	1525.43693
2025-08-19T11:00:33Z	922.00000	1555.69668	1538.56184	1525.43234
2025-08-19T11:00:33Z	922.00000	1555.69575	1538.55946	1525.42907
2025-08-19T11:00:33Z	922.00000	1555.70305	1538.56106	1525.43628
2025-08-19T11:00:33Z	923.00000	1555.71586	1538.56879	1525.44698
2025-08-19T11:00:33Z	923.00000	1555.69211	1538.54363	1525.42627
2025-08-19T11:00:33Z	923.00000	1555.64873	1538.50247	1525.37790
2025-08-19T11:00:33Z	923.00000	1555.65399	1538.50339	1525.37839
2025-08-19T11:00:33Z	923.00000	1555.64241	1538.49749	1525.37707
2025-08-19T11:00:33Z	923.00000	1555.65365	1538.50774	1525.39027
2025-08-19T11:00:33Z	923.00000	1555.65093	1538.50474	1525.39049
2025-08-19T11:00:34Z	923.00000	1555.64636	1538.50324	1525.38338
2025-08-19T11:00:34Z	923.00000	1555.63346	1538.49213	1525.37697
2025-08-19T11:00:34Z	923.00000	1555.62656	1538.48647	1525.37415
2025-08-19T11:00:34Z	924.00000	1555.61621	1538.47913	1525.35867
2025-08-19T11:00:34Z	924.00000	1555.62927	1538.49155	1525.37822
2025-08-19T11:00:34Z	924.00000	1555.62492	1538.48528	1525.37384
2025-08-19T11:00:34Z	924.00000	1555.61715	1538.47991	1525.36366
2025-08-19T11:00:34Z	924.00000	1555.60805	1538.46894	1525.35481
2025-08-19T11:00:34Z	924.00000	1555.60923	1538.47387	1525.35746
2025-08-19T11:00:34Z	924.00000	1555.62479	1538.48888	1525.37403
2025-08-19T11:00:35Z	924.00000	1555.60399	1538.46625	1525.35217
2025-08-19T11:00:35Z	924.00000	1555.60734	1538.46897	1525.35397
2025-08-19T11:00:35Z	924.00000	1555.61702	1538.48002	1525.35975
2025-08-19T11:00:35Z	925.00000	1555.61839	1538.48122	1525.36220
2025-08-19T11:00:35Z	925.00000	1555.62391	1538.48512	1525.37061
2025-08-19T11:00:35Z	925.00000	1555.62548	1538.48806	1525.37462
2025-08-19T11:00:35Z	925.00000	1555.62441	1538.48620	1525.37280
2025-08-19T11:00:35Z	925.00000	1555.60656	1538.47085	1525.35334
2025-08-19T11:00:35Z	925.00000	1555.58105	1538.44475	1525.33088
2025-08-19T11:00:35Z	925.00000	1555.56366	1538.42714	1525.30863
2025-08-19T11:00:36Z	925.00000	1555.57979	1538.44366	1525.32620
2025-08-19T11:00:36Z	925.00000	1555.56308	1538.42469	1525.30850
2025-08-19T11:00:36Z	925.00000	1555.56854	1538.43381	1525.31870
2025-08-19T11:00:36Z	926.00000	1555.56801	1538.43321	1525.31713
2025-08-19T11:00:36Z	926.00000	1555.57055	1538.43581	1525.31919
2025-08-19T11:00:36Z	926.00000	1555.56844	1538.43470	1525.31742
2025-08-19T11:00:36Z	926.00000	1555.56888	1538.43513	1525.31853
2025-08-19T11:00:36Z	926.00000	1555.56922	1538.43557	1525.31888
2025-08-19T11:00:36Z	926.00000	1555.56987	1538.43470	1525.31940
2025-08-19T11:00:36Z	926.00000	1555.56988	1538.43569	1525.31963
2025-08-19T11:00:37Z	926.00000	1555.56975	1538.43515	1525.31898
2025-08-19T11:00:37Z	926.00000	1555.57044	1538.43491	1525.32012
2025-08-19T11:00:37Z	926.00000	1555.57045	1538.43487	1525.32021
2025-08-19T11:00:37Z	927.00000	1555.57024	1538.43500	1525.32035
2025-08-19T11:00:37Z	927.00000	1555.57038	1538.43512	1525.31914
2025-08-19T11:00:37Z	927.00000	1555.57044	1538.43540	1525.31909
2025-08-19T11:00:37Z	927.00000	1555.57226	1538.43499	1525.32188
2025-08-19T11:00:37Z	927.00000	1555.57251	1538.43507	1525.32155
2025-08-19T11:00:37Z	927.00000	1555.57175	1538.43543	1525.32372
2025-08-19T11:00:37Z	927.00000	1555.57277	1538.43602	1525.32621
2025-08-19T11:00:38Z	927.00000	1555.57051	1538.43464	1525.32431
2025-08-19T11:00:38Z	927.00000	1555.57451	1538.43757	1525.32488
2025-08-19T11:00:38Z	927.00000	1555.57463	1538.43790	1525.32578
2025-08-19T11:00:38Z	928.00000	1555.57634	1538.43951	1525.32532
2025-08-19T11:00:38Z	928.00000	1555.57653	1538.43924	1525.32516
2025-08-19T11:00:38Z	928.00000	1555.57705	1538.43768	1525.32423
2025-08-19T11:00:38Z	928.00000	1555.57498	1538.43746	1525.32619
2025-08-19T11:00:38Z	928.00000	1555.57275	1538.43869	1525.32615
2025-08-19T11:00:38Z	928.00000	1555.56723	1538.43426	1525.32134
2025-08-19T11:00:38Z	928.00000	1555.56879	1538.43580	1525.32021
2025-08-19T11:00:39Z	928.00000	1555.56805	1538.43464	1525.31936
2025-08-19T11:00:39Z	928.00000	1555.56939	1538.43652	1525.31813
2025-08-19T11:00:39Z	928.00000	1555.56780	1538.43458	1525.31618
2025-08-19T11:00:39Z	929.00000	1555.56822	1538.43591	1525.31673
2025-08-19T11:00:39Z	929.00000	1555.56865	1538.43520	1525.31790
2025-08-19T11:00:39Z	929.00000	1555.56671	1538.43465	1525.31752
2025-08-19T11:00:39Z	929.00000	1555.56461	1538.43333	1525.31840
2025-08-19T11:00:39Z	929.00000	1555.56345	1538.43076	1525.32383
2025-08-19T11:00:39Z	929.00000	1555.56762	1538.43432	1525.32595
2025-08-19T11:00:40Z	929.00000	1555.56578	1538.43323	1525.32380
2025-08-19T11:00:40Z	929.00000	1555.56756	1538.43499	1525.32375
2025-08-19T11:00:40Z	929.00000	1555.56639	1538.43478	1525.31820
2025-08-19T11:00:40Z	930.00000	1555.56680	1538.43557	1525.31382
2025-08-19T11:00:40Z	930.00000	1555.56968	1538.43552	1525.31731
2025-08-19T11:00:40Z	930.00000	1555.56819	1538.43402	1525.31672
2025-08-19T11:00:40Z	930.00000	1555.56945	1538.43475	1525.31928
2025-08-19T11:00:40Z	930.00000	1555.57976	1538.44171	1525.32998
2025-08-19T11:00:41Z	930.00000	1555.57584	1538.44310	1525.32688
2025-08-19T11:00:41Z	931.00000	1555.57919	1538.44565	1525.32612
2025-08-19T11:00:41Z	931.00000	1555.57986	1538.44464	1525.32470
2025-08-19T11:00:41Z	931.00000	1555.57943	1538.44303	1525.32616
2025-08-19T11:00:41Z	931.00000	1555.58020	1538.43985	1525.32482
2025-08-19T11:00:42Z	931.00000	1555.57858	1538.43903	1525.32509
2025-08-19T11:00:42Z	932.00000	1555.57856	1538.44043	1525.32555
2025-08-19T11:00:42Z	932.00000	1555.57728	1538.43978	1525.32624
2025-08-19T11:00:42Z	932.00000	1555.56620	1538.43113	1525.31749
2025-08-19T11:00:42Z	932.00000	1555.56444	1538.42883	1525.31358
2025-08-19T11:00:43Z	932.00000	1555.56143	1538.42574	1525.31252
2025-08-19T11:00:43Z	932.00000	1555.56365	1538.42602	1525.31652
2025-08-19T11:00:43Z	932.00000	1555.56592	1538.43143	1525.31689
2025-08-19T11:00:43Z	933.00000	1555.56212	1538.42583	1525.31536
2025-08-19T11:00:43Z	933.00000	1555.56259	1538.42714	1525.31498
2025-08-19T11:00:43Z	933.00000	1555.55882	1538.42546	1525.31201
2025-08-19T11:00:43Z	933.00000	1555.55933	1538.42568	1525.31043
2025-08-19T11:00:44Z	933.00000	1555.56224	1538.42693	1525.30934
2025-08-19T11:00:44Z	934.00000	1555.56123	1538.42536	1525.30987
2025-08-19T11:00:44Z	934.00000	1555.55923	1538.42464	1525.30961
2025-08-19T11:00:44Z	934.00000	1555.56828	1538.43208	1525.31656
2025-08-19T11:00:44Z	934.00000	1555.56865	1538.43372	1525.31772
2025-08-19T11:00:44Z	934.00000	1555.56759	1538.43328	1525.31848
2025-08-19T11:00:44Z	934.00000	1555.56449	1538.42667	1525.31429
2025-08-19T11:00:44Z	934.00000	1555.56459	1538.42717	1525.31634
2025-08-19T11:00:45Z	934.00000	1555.56575	1538.43083	1525.31783
2025-08-19T11:00:45Z	934.00000	1555.55875	1538.42445	1525.31238
2025-08-19T11:00:45Z	935.00000	1555.55893	1538.42485	1525.31149
2025-08-19T11:00:45Z	935.00000	1555.56321	1538.42706	1525.31518
2025-08-19T11:00:45Z	935.00000	1555.56439	1538.42956	1525.31609
2025-08-19T11:00:45Z	935.00000	1555.56617	1538.43353	1525.31765
2025-08-19T11:00:45Z	935.00000	1555.56515	1538.43168	1525.31660
2025-08-19T11:00:45Z	935.00000	1555.55908	1538.42526	1525.31153
2025-08-19T11:00:45Z	935.00000	1555.56360	1538.43243	1525.31641
2025-08-19T11:00:46Z	935.00000	1555.56555	1538.43314	1525.31715
2025-08-19T11:00:46Z	935.00000	1555.56625	1538.43350	1525.31749
2025-08-19T11:00:46Z	935.00000	1555.56513	1538.42962	1525.31751
2025-08-19T11:00:46Z	936.00000	1555.56626	1538.43194	1525.31825
2025-08-19T11:00:46Z	936.00000	1555.57681	1538.43780	1525.32495
2025-08-19T11:00:46Z	936.00000	1555.57562	1538.43618	1525.32448
2025-08-19T11:00:46Z	936.00000	1555.56820	1538.43352	1525.31726
2025-08-19T11:00:46Z	936.00000	1555.56721	1538.43324	1525.31716
2025-08-19T11:00:46Z	936.00000	1555.56617	1538.43106	1525.31650
2025-08-19T11:00:46Z	936.00000	1555.56718	1538.43309	1525.31783
2025-08-19T11:00:47Z	936.00000	1555.56614	1538.42809	1525.31731
2025-08-19T11:00:47Z	936.00000	1555.55917	1538.42355	1525.31055
2025-08-19T11:00:47Z	936.00000	1555.56575	1538.42940	1525.31671
2025-08-19T11:00:47Z	937.00000	1555.56182	1538.42597	1525.31299
2025-08-19T11:00:47Z	937.00000	1555.56340	1538.42719	1525.31384
2025-08-19T11:00:47Z	937.00000	1555.55980	1538.42574	1525.31298
2025-08-19T11:00:47Z	937.00000	1555.55894	1538.42533	1525.31182
2025-08-19T11:00:47Z	937.00000	1555.56195	1538.42720	1525.31513
2025-08-19T11:00:47Z	937.00000	1555.56597	1538.43170	1525.31651
2025-08-19T11:00:47Z	937.00000	1555.56248	1538.42726	1525.31479
2025-08-19T11:00:48Z	937.00000	1555.56560	1538.43272	1525.31676
2025-08-19T11:00:48Z	937.00000	1555.55889	1538.42565	1525.31055
2025-08-19T11:00:48Z	937.00000	1555.56353	1538.43029	1525.31617
2025-08-19T11:00:48Z	938.00000	1555.56338	1538.42891	1525.31490
2025-08-19T11:00:48Z	938.00000	1555.56352	1538.42738	1525.31308
2025-08-19T11:00:48Z	938.00000	1555.56313	1538.42696	1525.31360
2025-08-19T11:00:48Z	938.00000	1555.56091	1538.42673	1525.31364
2025-08-19T11:00:48Z	938.00000	1555.56202	1538.42693	1525.31465
2025-08-19T11:00:48Z	938.00000	1555.56722	1538.43405	1525.31811
2025-08-19T11:00:48Z	938.00000	1555.57825	1538.44101	1525.32614
2025-08-19T11:00:49Z	938.00000	1555.57173	1538.43565	1525.32324
2025-08-19T11:00:49Z	938.00000	1555.56998	1538.43461	1525.32095
2025-08-19T11:00:49Z	938.00000	1555.56978	1538.43577	1525.31878
2025-08-19T11:00:49Z	939.00000	1555.57139	1538.43571	1525.32398
2025-08-19T11:00:49Z	939.00000	1555.57120	1538.43575	1525.32338
2025-08-19T11:00:49Z	939.00000	1555.57018	1538.43513	1525.32029
2025-08-19T11:00:49Z	939.00000	1555.56950	1538.43538	1525.31999
2025-08-19T11:00:49Z	939.00000	1555.56870	1538.43539	1525.31862
2025-08-19T11:00:49Z	939.00000	1555.56766	1538.43392	1525.31702
2025-08-19T11:00:49Z	939.00000	1555.56823	1538.43414	1525.31730
2025-08-19T11:00:50Z	939.00000	1555.56846	1538.43390	1525.31692
2025-08-19T11:00:50Z	939.00000	1555.56779	1538.43325	1525.31574
2025-08-19T11:00:50Z	939.00000	1555.56886	1538.43258	1525.31685
2025-08-19T11:00:50Z	940.00000	1555.56744	1538.42922	1525.31545
2025-08-19T11:00:50Z	940.00000	1555.56589	1538.42884	1525.31556
2025-08-19T11:00:50Z	940.00000	1555.56083	1538.42487	1525.31103
2025-08-19T11:00:50Z	940.00000	1555.56457	1538.42566	1525.31283
2025-08-19T11:00:50Z	940.00000	1555.56575	1538.42612	1525.31625
2025-08-19T11:00:50Z	940.00000	1555.56615	1538.43237	1525.31829
2025-08-19T11:00:50Z	940.00000	1555.56054	1538.42636	1525.31130
2025-08-19T11:00:51Z	940.00000	1555.56260	1538.43174	1525.31386
2025-08-19T11:00:51Z	940.00000	1555.56409	1538.43190	1525.31634
2025-08-19T11:00:51Z	940.00000	1555.55944	1538.42556	1525.31219
2025-08-19T11:00:51Z	941.00000	1555.56137	1538.42545	1525.31222
2025-08-19T11:00:51Z	941.00000	1555.57133	1538.43554	1525.32060
2025-08-19T11:00:51Z	941.00000	1555.56943	1538.43416	1525.31819
2025-08-19T11:00:51Z	941.00000	1555.56832	1538.43382	1525.31816
2025-08-19T11:00:51Z	941.00000	1555.56853	1538.43475	1525.31875
2025-08-19T11:00:51Z	941.00000	1555.56808	1538.43464	1525.31924
2025-08-19T11:00:51Z	941.00000	1555.57036	1538.43486	1525.32089
2025-08-19T11:00:52Z	941.00000	1555.56847	1538.43489	1525.31901
2025-08-19T11:00:52Z	941.00000	1555.56884	1538.43481	1525.31878
2025-08-19T11:00:52Z	941.00000	1555.56796	1538.43430	1525.31828
2025-08-19T11:00:52Z	942.00000	1555.56885	1538.43421	1525.31800
2025-08-19T11:00:52Z	942.00000	1555.56784	1538.43238	1525.31737
2025-08-19T11:00:52Z	942.00000	1555.56648	1538.42788	1525.31561
2025-08-19T11:00:52Z	942.00000	1555.56835	1538.43222	1525.31659
2025-08-19T11:00:52Z	942.00000	1555.56684	1538.43115	1525.31598
2025-08-19T11:00:52Z	942.00000	1555.56847	1538.43378	1525.31661
2025-08-19T11:00:52Z	942.00000	1555.56338	1538.42621	1525.31186
2025-08-19T11:00:53Z	942.00000	1555.56703	1538.43316	1525.31580
2025-08-19T11:00:53Z	942.00000	1555.56574	1538.43203	1525.31656
2025-08-19T11:00:53Z	942.00000	1555.56556	1538.42906	1525.31682
2025-08-19T11:00:53Z	943.00000	1555.56583	1538.42911	1525.31725
2025-08-19T11:00:53Z	943.00000	1555.56572	1538.42758	1525.31414
2025-08-19T11:00:53Z	943.00000	1555.56648	1538.43159	1525.31687
2025-08-19T11:00:53Z	943.00000	1555.56802	1538.43321	1525.31718
2025-08-19T11:00:53Z	943.00000	1555.56700	1538.43206	1525.31759
2025-08-19T11:00:53Z	943.00000	1555.56763	1538.43288	1525.31717
2025-08-19T11:00:53Z	943.00000	1555.56575	1538.43041	1525.31677
2025-08-19T11:00:54Z	943.00000	1555.56662	1538.43100	1525.31723
2025-08-19T11:00:54Z	943.00000	1555.56619	1538.43067	1525.31715
2025-08-19T11:00:54Z	943.00000	1555.56806	1538.43238	1525.31674
2025-08-19T11:00:54Z	944.00000	1555.56834	1538.43419	1525.31860
2025-08-19T11:00:54Z	944.00000	1555.56659	1538.42975	1525.31683
2025-08-19T11:00:54Z	944.00000	1555.56710	1538.43133	1525.31682
2025-08-19T11:00:54Z	944.00000	1555.56619	1538.43100	1525.31707
2025-08-19T11:00:54Z	944.00000	1555.56588	1538.43170	1525.31692
2025-08-19T11:00:54Z	944.00000	1555.56870	1538.43370	1525.31679
2025-08-19T11:00:54Z	944.00000	1555.56754	1538.43327	1525.31740
2025-08-19T11:00:55Z	944.00000	1555.56818	1538.43371	1525.31902
2025-08-19T11:00:55Z	944.00000	1555.56670	1538.43105	1525.31724
2025-08-19T11:00:55Z	944.00000	1555.56963	1538.43486	1525.31883
2025-08-19T11:00:55Z	945.00000	1555.56744	1538.43183	1525.31576
2025-08-19T11:00:55Z	945.00000	1555.56879	1538.43448	1525.31878
2025-08-19T11:00:55Z	945.00000	1555.56537	1538.42583	1525.31250
2025-08-19T11:00:55Z	945.00000	1555.56959	1538.43511	1525.31840
2025-08-19T11:00:55Z	945.00000	1555.56493	1538.42714	1525.31236
2025-08-19T11:00:55Z	945.00000	1555.56811	1538.43308	1525.31750
2025-08-19T11:00:55Z	945.00000	1555.56638	1538.43036	1525.31520
2025-08-19T11:00:56Z	945.00000	1555.56846	1538.43347	1525.31717
2025-08-19T11:00:56Z	945.00000	1555.56809	1538.43295	1525.31720
2025-08-19T11:00:56Z	945.00000	1555.57145	1538.43330	1525.31713
2025-08-19T11:00:56Z	946.00000	1555.57526	1538.43317	1525.31735
2025-08-19T11:00:56Z	946.00000	1555.57076	1538.43231	1525.31706
2025-08-19T11:00:56Z	946.00000	1555.56981	1538.43230	1525.31669
2025-08-19T11:00:56Z	946.00000	1555.56965	1538.43028	1525.31755
2025-08-19T11:00:56Z	946.00000	1555.57849	1538.43511	1525.32135
2025-08-19T11:00:56Z	946.00000	1555.58005	1538.44053	1525.32673
2025-08-19T11:00:56Z	946.00000	1555.58298	1538.44242	1525.32927
2025-08-19T11:00:57Z	946.00000	1555.58045	1538.44062	1525.32646
2025-08-19T11:00:57Z	946.00000	1555.58061	1538.44256	1525.32807
2025-08-19T11:00:57Z	946.00000	1555.57999	1538.44073	1525.32549
2025-08-19T11:00:57Z	947.00000	1555.57945	1538.44230	1525.32639
2025-08-19T11:00:57Z	947.00000	1555.57942	1538.44264	1525.32605
2025-08-19T11:00:57Z	947.00000	1555.57817	1538.44128	1525.32684
2025-08-19T11:00:57Z	947.00000	1555.57946	1538.44343	1525.32652
2025-08-19T11:00:57Z	947.00000	1555.57821	1538.44097	1525.32579
2025-08-19T11:00:57Z	947.00000	1555.57943	1538.44174	1525.32809
2025-08-19T11:00:57Z	947.00000	1555.58083	1538.44242	1525.32887
2025-08-19T11:00:58Z	947.00000	1555.57815	1538.43938	1525.32681
2025-08-19T11:00:58Z	947.00000	1555.58047	1538.44248	1525.32992
2025-08-19T11:00:58Z	947.00000	1555.57174	1538.43585	1525.32093
2025-08-19T11:00:58Z	948.00000	1555.57314	1538.43620	1525.32369
2025-08-19T11:00:58Z	948.00000	1555.57849	1538.44018	1525.32746
2025-08-19T11:00:58Z	948.00000	1555.59695	1538.45976	1525.34255
2025-08-19T11:00:58Z	948.00000	1555.58920	1538.44840	1525.33423
2025-08-19T11:00:58Z	948.00000	1555.62421	1538.48003	1525.35879
2025-08-19T11:00:58Z	948.00000	1555.60835	1538.46612	1525.34618
2025-08-19T11:00:58Z	948.00000	1555.55424	1538.41468	1525.29028
2025-08-19T11:00:59Z	948.00000	1555.53946	1538.39829	1525.28251
2025-08-19T11:00:59Z	948.00000	1555.53702	1538.39657	1525.28111
2025-08-19T11:00:59Z	948.00000	1555.53365	1538.39553	1525.27944
2025-08-19T11:00:59Z	949.00000	1555.52336	1538.38693	1525.26406
2025-08-19T11:00:59Z	949.00000	1555.50051	1538.36260	1525.24166
2025-08-19T11:00:59Z	949.00000	1555.50884	1538.37133	1525.25256
2025-08-19T11:00:59Z	949.00000	1555.50004	1538.36385	1525.24422
2025-08-19T11:00:59Z	949.00000	1555.50801	1538.37121	1525.25423
2025-08-19T11:00:59Z	949.00000	1555.50212	1538.36983	1525.24766
2025-08-19T11:00:59Z	949.00000	1555.47039	1538.33690	1525.21488
2025-08-19T11:01:00Z	949.00000	1555.47614	1538.34136	1525.21902
2025-08-19T11:01:00Z	949.00000	1555.48373	1538.34860	1525.22925
2025-08-19T11:01:00Z	949.00000	1555.48084	1538.34534	1525.22791
2025-08-19T11:01:00Z	950.00000	1555.48149	1538.34795	1525.23089
2025-08-19T11:01:00Z	950.00000	1555.48086	1538.34856	1525.23002
2025-08-19T11:01:00Z	950.00000	1555.48105	1538.34870	1525.23107
2025-08-19T11:01:00Z	950.00000	1555.47954	1538.34789	1525.23093
2025-08-19T11:01:00Z	950.00000	1555.47771	1538.34555	1525.23024
2025-08-19T11:01:00Z	950.00000	1555.47757	1538.34677	1525.23010
2025-08-19T11:01:00Z	950.00000	1555.47452	1538.34429	1525.22764
2025-08-19T11:01:01Z	950.00000	1555.47476	1538.34568	1525.23042
2025-08-19T11:01:01Z	950.00000	1555.47521	1538.34748	1525.23586
2025-08-19T11:01:01Z	950.00000	1555.47489	1538.34658	1525.23598
2025-08-19T11:01:01Z	951.00000	1555.47639	1538.34864	1525.23533
2025-08-19T11:01:01Z	951.00000	1555.47607	1538.34873	1525.23504
2025-08-19T11:01:01Z	951.00000	1555.47576	1538.34750	1525.23404
2025-08-19T11:01:01Z	951.00000	1555.47636	1538.34814	1525.23220
2025-08-19T11:01:01Z	951.00000	1555.47574	1538.34815	1525.23192
2025-08-19T11:01:01Z	951.00000	1555.47706	1538.34828	1525.23287
2025-08-19T11:01:01Z	951.00000	1555.48050	1538.34879	1525.23465
2025-08-19T11:01:02Z	951.00000	1555.48047	1538.34898	1525.23259
2025-08-19T11:01:02Z	951.00000	1555.48017	1538.34848	1525.23339
2025-08-19T11:01:02Z	951.00000	1555.48139	1538.34844	1525.23425
2025-08-19T11:01:02Z	952.00000	1555.47890	1538.34862	1525.23301
2025-08-19T11:01:02Z	952.00000	1555.47426	1538.34445	1525.22886
2025-08-19T11:01:02Z	952.00000	1555.47519	1538.34549	1525.23045
2025-08-19T11:01:02Z	952.00000	1555.47425	1538.34403	1525.22999
2025-08-19T11:01:02Z	952.00000	1555.47538	1538.34568	1525.22965
2025-08-19T11:01:02Z	952.00000	1555.47425	1538.34369	1525.23012
2025-08-19T11:01:02Z	952.00000	1555.47372	1538.34394	1525.22865
2025-08-19T11:01:03Z	952.00000	1555.47432	1538.34192	1525.22603
2025-08-19T11:01:03Z	952.00000	1555.47403	1538.34346	1525.22683
2025-08-19T11:01:03Z	952.00000	1555.47391	1538.34243	1525.22607
2025-08-19T11:01:03Z	953.00000	1555.47416	1538.34289	1525.22721
2025-08-19T11:01:03Z	953.00000	1555.47438	1538.34324	1525.22745
2025-08-19T11:01:03Z	953.00000	1555.47394	1538.34209	1525.22551
2025-08-19T11:01:03Z	953.00000	1555.47082	1538.33804	1525.21766
2025-08-19T11:01:03Z	953.00000	1555.47196	1538.33983	1525.22086
2025-08-19T11:01:03Z	953.00000	1555.47383	1538.34220	1525.22739
2025-08-19T11:01:03Z	953.00000	1555.47418	1538.34272	1525.22558
2025-08-19T11:01:04Z	953.00000	1555.47406	1538.34273	1525.22689
2025-08-19T11:01:04Z	953.00000	1555.47334	1538.34091	1525.22457
2025-08-19T11:01:04Z	953.00000	1555.47368	1538.34294	1525.22770
2025-08-19T11:01:04Z	954.00000	1555.47376	1538.34207	1525.22546
2025-08-19T11:01:04Z	954.00000	1555.47191	1538.34008	1525.22445
2025-08-19T11:01:04Z	954.00000	1555.47424	1538.34251	1525.22744
2025-08-19T11:01:04Z	954.00000	1555.47072	1538.33877	1525.21783
2025-08-19T11:01:04Z	954.00000	1555.47409	1538.34469	1525.22838
2025-08-19T11:01:04Z	954.00000	1555.48303	1538.34880	1525.23426
2025-08-19T11:01:04Z	954.00000	1555.47904	1538.34808	1525.23181
2025-08-19T11:01:05Z	954.00000	1555.48112	1538.34885	1525.23406
2025-08-19T11:01:05Z	954.00000	1555.47996	1538.34835	1525.23268
2025-08-19T11:01:05Z	954.00000	1555.48023	1538.34847	1525.23336
2025-08-19T11:01:05Z	955.00000	1555.48172	1538.34899	1525.23480
2025-08-19T11:01:05Z	955.00000	1555.48107	1538.34842	1525.23442
2025-08-19T11:01:05Z	955.00000	1555.48340	1538.34952	1525.23596
2025-08-19T11:01:05Z	955.00000	1555.48248	1538.34864	1525.23352
2025-08-19T11:01:05Z	955.00000	1555.48031	1538.34872	1525.23407
2025-08-19T11:01:05Z	955.00000	1555.48126	1538.34915	1525.23446
2025-08-19T11:01:05Z	955.00000	1555.48083	1538.34909	1525.23418
2025-08-19T11:01:06Z	955.00000	1555.48057	1538.34871	1525.23363
2025-08-19T11:01:06Z	955.00000	1555.48071	1538.34907	1525.23357
2025-08-19T11:01:06Z	955.00000	1555.48117	1538.34903	1525.23500
2025-08-19T11:01:06Z	956.00000	1555.48133	1538.34897	1525.23515
2025-08-19T11:01:06Z	956.00000	1555.48432	1538.34921	1525.23504
2025-08-19T11:01:06Z	956.00000	1555.48875	1538.35072	1525.23488
2025-08-19T11:01:06Z	956.00000	1555.48930	1538.35093	1525.23624
2025-08-19T11:01:06Z	956.00000	1555.48928	1538.35168	1525.23417
2025-08-19T11:01:06Z	956.00000	1555.48958	1538.35206	1525.23517
2025-08-19T11:01:06Z	956.00000	1555.48869	1538.35090	1525.23517
2025-08-19T11:01:07Z	956.00000	1555.48861	1538.35079	1525.23611
2025-08-19T11:01:07Z	956.00000	1555.48688	1538.34798	1525.23405
2025-08-19T11:01:07Z	956.00000	1555.48652	1538.34843	1525.23420
2025-08-19T11:01:07Z	957.00000	1555.48373	1538.34882	1525.23219
2025-08-19T11:01:07Z	957.00000	1555.48629	1538.34879	1525.23434
2025-08-19T11:01:07Z	957.00000	1555.48769	1538.34870	1525.23224
2025-08-19T11:01:07Z	957.00000	1555.48341	1538.34899	1525.23078
2025-08-19T11:01:07Z	957.00000	1555.48069	1538.34986	1525.22782
2025-08-19T11:01:07Z	957.00000	1555.47924	1538.34894	1525.22332
2025-08-19T11:01:07Z	957.00000	1555.47911	1538.34895	1525.21970
2025-08-19T11:01:08Z	957.00000	1555.48415	1538.34892	1525.22116
2025-08-19T11:01:08Z	957.00000	1555.48744	1538.34386	1525.21799
2025-08-19T11:01:08Z	957.00000	1555.48827	1538.34254	1525.21833
2025-08-19T11:01:08Z	958.00000	1555.48653	1538.34095	1525.21895
2025-08-19T11:01:08Z	958.00000	1555.48243	1538.34175	1525.22344
2025-08-19T11:01:08Z	958.00000	1555.47725	1538.33860	1525.21717
2025-08-19T11:01:08Z	958.00000	1555.47477	1538.33876	1525.21894
2025-08-19T11:01:08Z	958.00000	1555.47351	1538.33657	1525.21676
2025-08-19T11:01:08Z	958.00000	1555.47199	1538.33613	1525.21698
2025-08-19T11:01:08Z	958.00000	1555.47210	1538.33612	1525.21635
2025-08-19T11:01:09Z	958.00000	1555.47424	1538.33966	1525.21776
2025-08-19T11:01:09Z	958.00000	1555.47360	1538.33715	1525.21653
2025-08-19T11:01:09Z	958.00000	1555.47405	1538.33951	1525.22004
2025-08-19T11:01:09Z	959.00000	1555.47226	1538.33856	1525.21845
2025-08-19T11:01:09Z	959.00000	1555.47066	1538.33749	1525.21856
2025-08-19T11:01:09Z	959.00000	1555.47092	1538.33841	1525.22053
2025-08-19T11:01:09Z	959.00000	1555.47001	1538.33748	1525.21946
2025-08-19T11:01:09Z	959.00000	1555.47061	1538.33886	1525.22067
2025-08-19T11:01:09Z	959.00000	1555.47147	1538.34019	1525.22211
2025-08-19T11:01:09Z	959.00000	1555.47115	1538.34078	1525.22377
2025-08-19T11:01:10Z	959.00000	1555.47114	1538.34123	1525.22313
2025-08-19T11:01:10Z	959.00000	1555.47182	1538.34000	1525.21815
2025-08-19T11:01:10Z	959.00000	1555.47291	1538.34402	1525.22715
2025-08-19T11:01:10Z	960.00000	1555.46944	1538.33825	1525.21689
2025-08-19T11:01:10Z	960.00000	1555.47030	1538.34163	1525.22150
2025-08-19T11:01:10Z	960.00000	1555.47209	1538.34290	1525.22444
2025-08-19T11:01:10Z	960.00000	1555.47065	1538.34068	1525.22276
2025-08-19T11:01:10Z	960.00000	1555.47092	1538.34071	1525.22129
2025-08-19T11:01:10Z	960.00000	1555.46950	1538.33841	1525.21809
2025-08-19T11:01:10Z	960.00000	1555.46976	1538.33890	1525.21851
2025-08-19T11:01:11Z	960.00000	1555.47129	1538.34118	1525.22354
2025-08-19T11:01:11Z	960.00000	1555.47053	1538.33869	1525.21711
2025-08-19T11:01:11Z	960.00000	1555.47062	1538.33817	1525.21870
2025-08-19T11:01:11Z	961.00000	1555.47205	1538.34199	1525.22462
2025-08-19T11:01:11Z	961.00000	1555.46967	1538.33759	1525.21842
2025-08-19T11:01:11Z	961.00000	1555.47220	1538.34233	1525.22612
2025-08-19T11:01:11Z	961.00000	1555.47156	1538.34081	1525.22642
2025-08-19T11:01:11Z	961.00000	1555.47088	1538.34066	1525.22582
2025-08-19T11:01:11Z	961.00000	1555.46881	1538.33666	1525.21776
2025-08-19T11:01:11Z	961.00000	1555.47402	1538.34508	1525.23087
2025-08-19T11:01:12Z	961.00000	1555.48018	1538.34791	1525.23510
2025-08-19T11:01:12Z	961.00000	1555.47557	1538.34314	1525.22999
2025-08-19T11:01:12Z	961.00000	1555.47171	1538.34006	1525.22594
2025-08-19T11:01:12Z	962.00000	1555.47233	1538.34223	1525.22856
2025-08-19T11:01:12Z	962.00000	1555.47297	1538.34225	1525.22954
2025-08-19T11:01:12Z	962.00000	1555.47128	1538.34211	1525.22879
2025-08-19T11:01:12Z	962.00000	1555.47189	1538.34289	1525.22976
2025-08-19T11:01:12Z	962.00000	1555.46966	1538.33973	1525.22668
2025-08-19T11:01:12Z	962.00000	1555.46887	1538.34004	1525.22627
2025-08-19T11:01:12Z	962.00000	1555.47315	1538.34467	1525.23010
2025-08-19T11:01:13Z	962.00000	1555.47058	1538.34173	1525.22614
2025-08-19T11:01:13Z	962.00000	1555.47239	1538.34404	1525.22907
2025-08-19T11:01:13Z	962.00000	1555.47290	1538.34400	1525.22925
2025-08-19T11:01:13Z	963.00000	1555.47391	1538.34287	1525.23051
2025-08-19T11:01:13Z	963.00000	1555.47184	1538.34237	1525.22953
2025-08-19T11:01:13Z	963.00000	1555.47486	1538.34523	1525.23002
2025-08-19T11:01:13Z	963.00000	1555.47455	1538.34472	1525.23010
2025-08-19T11:01:13Z	963.00000	1555.47414	1538.34325	1525.22936
2025-08-19T11:01:13Z	963.00000	1555.47296	1538.34105	1525.22516
2025-08-19T11:01:13Z	963.00000	1555.47513	1538.34384	1525.22955
2025-08-19T11:01:14Z	963.00000	1555.47385	1538.34367	1525.22659
2025-08-19T11:01:14Z	963.00000	1555.47421	1538.34185	1525.22555
2025-08-19T11:01:14Z	963.00000	1555.47395	1538.34168	1525.22586
2025-08-19T11:01:14Z	964.00000	1555.47390	1538.34072	1525.22435
2025-08-19T11:01:14Z	964.00000	1555.47433	1538.34179	1525.22657
2025-08-19T11:01:14Z	964.00000	1555.47390	1538.34084	1525.22515
2025-08-19T11:01:14Z	964.00000	1555.47421	1538.34070	1525.22579
2025-08-19T11:01:14Z	964.00000	1555.47254	1538.33879	1525.22267
2025-08-19T11:01:14Z	964.00000	1555.47430	1538.34075	1525.22762
2025-08-19T11:01:14Z	964.00000	1555.47343	1538.33887	1525.22488
2025-08-19T11:01:15Z	964.00000	1555.47226	1538.33605	1525.22212
2025-08-19T11:01:15Z	964.00000	1555.47366	1538.33586	1525.22482
2025-08-19T11:01:15Z	964.00000	1555.46984	1538.33208	1525.21776
2025-08-19T11:01:15Z	965.00000	1555.47046	1538.33406	1525.22138
2025-08-19T11:01:15Z	965.00000	1555.47042	1538.33555	1525.22412
2025-08-19T11:01:15Z	965.00000	1555.47045	1538.33674	1525.22214
2025-08-19T11:01:15Z	965.00000	1555.47004	1538.33796	1525.22378
2025-08-19T11:01:15Z	965.00000	1555.46915	1538.33587	1525.21823
2025-08-19T11:01:15Z	965.00000	1555.47090	1538.33978	1525.22070
2025-08-19T11:01:15Z	965.00000	1555.46991	1538.34049	1525.21874
2025-08-19T11:01:16Z	965.00000	1555.47246	1538.34435	1525.22003
2025-08-19T11:01:16Z	965.00000	1555.47091	1538.34160	1525.21641
2025-08-19T11:01:16Z	965.00000	1555.46938	1538.33784	1525.21540
2025-08-19T11:01:16Z	966.00000	1555.47421	1538.34360	1525.22160
2025-08-19T11:01:16Z	966.00000	1555.47860	1538.34843	1525.22907
2025-08-19T11:01:16Z	966.00000	1555.48127	1538.34868	1525.23000
2025-08-19T11:01:16Z	966.00000	1555.48188	1538.34800	1525.22974
2025-08-19T11:01:16Z	966.00000	1555.47955	1538.34310	1525.22629
2025-08-19T11:01:16Z	966.00000	1555.47965	1538.34286	1525.22822
2025-08-19T11:01:16Z	966.00000	1555.47513	1538.34086	1525.22713
2025-08-19T11:01:17Z	966.00000	1555.47452	1538.34113	1525.22620
2025-08-19T11:01:17Z	966.00000	1555.47476	1538.34051	1525.22676
2025-08-19T11:01:17Z	966.00000	1555.47451	1538.33998	1525.22391
2025-08-19T11:01:17Z	967.00000	1555.47423	1538.33823	1525.22163
2025-08-19T11:01:17Z	967.00000	1555.47378	1538.34022	1525.22528
2025-08-19T11:01:17Z	967.00000	1555.47049	1538.33404	1525.21665
2025-08-19T11:01:17Z	967.00000	1555.47065	1538.33741	1525.21857
2025-08-19T11:01:17Z	967.00000	1555.47120	1538.33787	1525.21844
2025-08-19T11:01:17Z	967.00000	1555.47167	1538.34008	1525.22704
2025-08-19T11:01:17Z	967.00000	1555.47333	1538.34134	1525.23026
2025-08-19T11:01:18Z	967.00000	1555.47336	1538.34071	1525.22972
2025-08-19T11:01:18Z	967.00000	1555.47419	1538.34194	1525.23244
2025-08-19T11:01:18Z	967.00000	1555.47331	1538.34120	1525.22957
2025-08-19T11:01:18Z	968.00000	1555.47417	1538.34346	1525.23049
2025-08-19T11:01:18Z	968.00000	1555.47115	1538.34066	1525.22717
2025-08-19T11:01:18Z	968.00000	1555.47055	1538.33789	1525.22318
2025-08-19T11:01:18Z	968.00000	1555.47034	1538.33671	1525.22051
2025-08-19T11:01:18Z	968.00000	1555.47650	1538.34396	1525.22980
2025-08-19T11:01:18Z	968.00000	1555.47415	1538.34086	1525.22572
2025-08-19T11:01:18Z	968.00000	1555.47395	1538.34015	1525.22483
2025-08-19T11:01:19Z	968.00000	1555.47268	1538.33969	1525.22076
2025-08-19T11:01:19Z	968.00000	1555.47378	1538.34022	1525.22128
2025-08-19T11:01:19Z	968.00000	1555.47493	1538.34105	1525.22314
2025-08-19T11:01:19Z	969.00000	1555.47557	1538.34093	1525.22247
2025-08-19T11:01:19Z	969.00000	1555.47817	1538.34185	1525.22535
2025-08-19T11:01:19Z	969.00000	1555.47589	1538.34241	1525.22639
2025-08-19T11:01:19Z	969.00000	1555.47620	1538.34290	1525.22670
2025-08-19T11:01:19Z	969.00000	1555.47576	1538.34262	1525.22820
2025-08-19T11:01:19Z	969.00000	1555.47450	1538.34315	1525.22547
2025-08-19T11:01:19Z	969.00000	1555.47520	1538.34554	1525.22735
2025-08-19T11:01:20Z	969.00000	1555.47401	1538.34721	1525.22637
2025-08-19T11:01:20Z	969.00000	1555.47402	1538.34596	1525.22545
2025-08-19T11:01:20Z	969.00000	1555.47445	1538.34531	1525.22504
2025-08-19T11:01:20Z	970.00000	1555.47557	1538.34796	1525.22836
2025-08-19T11:01:20Z	970.00000	1555.47460	1538.34838	1525.22593
2025-08-19T11:01:20Z	970.00000	1555.47379	1538.34770	1525.22467
2025-08-19T11:01:20Z	970.00000	1555.47399	1538.34828	1525.22685
2025-08-19T11:01:20Z	970.00000	1555.47189	1538.34863	1525.21886
2025-08-19T11:01:20Z	970.00000	1555.47410	1538.34808	1525.22047
2025-08-19T11:01:20Z	970.00000	1555.47413	1538.34864	1525.22147
2025-08-19T11:01:21Z	970.00000	1555.47424	1538.34877	1525.22341
2025-08-19T11:01:21Z	970.00000	1555.47399	1538.34582	1525.22107
2025-08-19T11:01:21Z	970.00000	1555.47103	1538.34270	1525.21768
2025-08-19T11:01:21Z	971.00000	1555.48022	1538.34846	1525.23136
2025-08-19T11:01:21Z	971.00000	1555.48147	1538.34969	1525.23322
2025-08-19T11:01:21Z	971.00000	1555.48333	1538.34979	1525.23281
2025-08-19T11:01:21Z	971.00000	1555.48550	1538.35034	1525.23409
2025-08-19T11:01:21Z	971.00000	1555.48202	1538.34838	1525.23200
2025-08-19T11:01:21Z	971.00000	1555.48261	1538.34871	1525.23296
2025-08-19T11:01:21Z	971.00000	1555.48215	1538.34922	1525.23384
2025-08-19T11:01:22Z	971.00000	1555.48137	1538.34902	1525.23260
2025-08-19T11:01:22Z	971.00000	1555.48213	1538.34871	1525.23450
2025-08-19T11:01:22Z	971.00000	1555.48067	1538.34880	1525.23204
2025-08-19T11:01:22Z	972.00000	1555.48141	1538.34902	1525.23356
2025-08-19T11:01:22Z	972.00000	1555.48328	1538.34887	1525.23370
2025-08-19T11:01:22Z	972.00000	1555.48137	1538.34883	1525.23634
2025-08-19T11:01:22Z	972.00000	1555.48288	1538.34887	1525.23835
2025-08-19T11:01:22Z	972.00000	1555.48238	1538.34867	1525.23940
2025-08-19T11:01:22Z	972.00000	1555.48174	1538.34938	1525.23928
2025-08-19T11:01:22Z	972.00000	1555.48247	1538.34859	1525.23966
2025-08-19T11:01:23Z	972.00000	1555.48049	1538.34854	1525.23761
2025-08-19T11:01:23Z	972.00000	1555.48860	1538.35882	1525.24269
2025-08-19T11:01:23Z	972.00000	1555.47681	1538.34914	1525.23591
2025-08-19T11:01:23Z	973.00000	1555.47903	1538.34892	1525.23662
2025-08-19T11:01:23Z	973.00000	1555.48187	1538.34952	1525.23601
2025-08-19T11:01:23Z	973.00000	1555.48979	1538.35953	1525.24474
2025-08-19T11:01:23Z	973.00000	1555.49986	1538.36855	1525.25630
2025-08-19T11:01:23Z	973.00000	1555.49927	1538.36965	1525.25695
2025-08-19T11:01:23Z	973.00000	1555.50108	1538.37065	1525.25861
2025-08-19T11:01:23Z	973.00000	1555.47301	1538.34313	1525.23002
2025-08-19T11:01:24Z	973.00000	1555.44668	1538.31787	1525.20424
2025-08-19T11:01:24Z	973.00000	1555.43597	1538.30480	1525.18910
2025-08-19T11:01:24Z	973.00000	1555.42614	1538.29561	1525.18127
2025-08-19T11:01:24Z	974.00000	1555.40591	1538.26997	1525.15548
2025-08-19T11:01:24Z	974.00000	1555.39464	1538.26041	1525.14681
2025-08-19T11:01:24Z	974.00000	1555.38985	1538.25364	1525.14195
2025-08-19T11:01:24Z	974.00000	1555.38772	1538.25375	1525.13937
2025-08-19T11:01:24Z	974.00000	1555.38519	1538.25053	1525.13455
2025-08-19T11:01:24Z	974.00000	1555.37839	1538.24709	1525.12349
2025-08-19T11:01:24Z	974.00000	1555.36844	1538.23736	1525.12116
2025-08-19T11:01:25Z	974.00000	1555.36338	1538.22970	1525.11440
2025-08-19T11:01:25Z	974.00000	1555.36764	1538.23694	1525.12094
2025-08-19T11:01:25Z	974.00000	1555.37219	1538.23968	1525.12282
2025-08-19T11:01:25Z	975.00000	1555.35411	1538.22211	1525.10684
2025-08-19T11:01:25Z	975.00000	1555.36142	1538.22912	1525.11302
2025-08-19T11:01:25Z	975.00000	1555.36509	1538.23270	1525.12015
2025-08-19T11:01:25Z	975.00000	1555.37219	1538.23989	1525.12292
2025-08-19T11:01:25Z	975.00000	1555.37652	1538.24503	1525.12810
2025-08-19T11:01:25Z	975.00000	1555.36070	1538.22894	1525.11577
2025-08-19T11:01:25Z	975.00000	1555.36329	1538.23252	1525.11965
2025-08-19T11:01:26Z	975.00000	1555.36566	1538.23369	1525.12025
2025-08-19T11:01:26Z	975.00000	1555.36991	1538.23921	1525.12303
2025-08-19T11:01:26Z	975.00000	1555.36504	1538.23156	1525.11879
2025-08-19T11:01:26Z	976.00000	1555.36889	1538.23774	1525.12300
2025-08-19T11:01:26Z	976.00000	1555.36819	1538.23832	1525.12222
2025-08-19T11:01:26Z	976.00000	1555.37051	1538.23817	1525.12248
2025-08-19T11:01:26Z	976.00000	1555.36983	1538.23745	1525.12300
2025-08-19T11:01:26Z	976.00000	1555.37031	1538.23717	1525.12314
2025-08-19T11:01:26Z	976.00000	1555.37159	1538.23794	1525.12224
2025-08-19T11:01:26Z	976.00000	1555.37078	1538.23714	1525.12309
2025-08-19T11:01:27Z	976.00000	1555.36914	1538.23612	1525.12099
2025-08-19T11:01:27Z	976.00000	1555.37050	1538.23802	1525.12172
2025-08-19T11:01:27Z	977.00000	1555.37008	1538.24023	1525.12083
2025-08-19T11:01:27Z	977.00000	1555.36848	1538.23952	1525.11875
2025-08-19T11:01:27Z	977.00000	1555.37064	1538.23789	1525.11890
2025-08-19T11:01:27Z	977.00000	1555.37320	1538.23769	1525.11671
2025-08-19T11:01:27Z	977.00000	1555.37538	1538.23836	1525.12046
2025-08-19T11:01:27Z	977.00000	1555.37449	1538.24084	1525.12296
2025-08-19T11:01:27Z	977.00000	1555.37423	1538.24098	1525.12339
2025-08-19T11:01:28Z	977.00000	1555.37462	1538.24054	1525.12356
2025-08-19T11:01:28Z	977.00000	1555.37363	1538.23922	1525.12584
2025-08-19T11:01:28Z	977.00000	1555.37506	1538.24016	1525.13398
2025-08-19T11:01:28Z	978.00000	1555.37417	1538.24123	1525.12469
2025-08-19T11:01:28Z	978.00000	1555.37461	1538.24260	1525.12435
2025-08-19T11:01:28Z	978.00000	1555.37353	1538.24090	1525.12227
2025-08-19T11:01:28Z	978.00000	1555.37579	1538.24034	1525.12315
2025-08-19T11:01:28Z	978.00000	1555.37569	1538.24218	1525.12280
2025-08-19T11:01:28Z	978.00000	1555.37397	1538.24136	1525.12140
2025-08-19T11:01:28Z	978.00000	1555.37236	1538.24779	1525.12067
2025-08-19T11:01:29Z	978.00000	1555.37208	1538.25049	1525.12024
2025-08-19T11:01:29Z	978.00000	1555.37308	1538.25096	1525.12138
2025-08-19T11:01:29Z	978.00000	1555.36861	1538.24982	1525.11943
2025-08-19T11:01:29Z	979.00000	1555.37301	1538.25090	1525.12298
2025-08-19T11:01:29Z	979.00000	1555.37238	1538.24994	1525.12240
2025-08-19T11:01:29Z	979.00000	1555.37536	1538.25070	1525.11953
2025-08-19T11:01:29Z	979.00000	1555.37585	1538.24960	1525.11557
2025-08-19T11:01:29Z	979.00000	1555.37615	1538.24599	1525.11601
2025-08-19T11:01:29Z	979.00000	1555.37324	1538.24184	1525.11314
2025-08-19T11:01:29Z	979.00000	1555.37247	1538.24203	1525.11110
2025-08-19T11:01:30Z	979.00000	1555.37434	1538.24095	1525.11073
2025-08-19T11:01:30Z	979.00000	1555.37338	1538.24051	1525.11113
2025-08-19T11:01:30Z	980.00000	1555.37115	1538.23998	1525.11046
2025-08-19T11:01:30Z	980.00000	1555.37100	1538.23811	1525.11193
2025-08-19T11:01:30Z	980.00000	1555.36557	1538.23210	1525.10941
2025-08-19T11:01:30Z	980.00000	1555.36474	1538.23064	1525.11044
2025-08-19T11:01:31Z	980.00000	1555.36365	1538.22999	1525.10966
2025-08-19T11:01:31Z	980.00000	1555.36343	1538.23003	1525.10826
2025-08-19T11:01:31Z	981.00000	1555.37217	1538.23943	1525.12138
2025-08-19T11:01:31Z	981.00000	1555.37403	1538.24204	1525.12381
2025-08-19T11:01:31Z	981.00000	1555.37430	1538.24171	1525.12269
2025-08-19T11:01:31Z	981.00000	1555.37287	1538.24020	1525.12221
2025-08-19T11:01:32Z	981.00000	1555.37549	1538.23965	1525.12215
2025-08-19T11:01:32Z	982.00000	1555.38064	1538.24067	1525.12266
2025-08-19T11:01:32Z	982.00000	1555.37991	1538.23883	1525.12249
2025-08-19T11:01:32Z	982.00000	1555.38048	1538.24000	1525.12312
2025-08-19T11:01:32Z	982.00000	1555.37631	1538.23858	1525.12243
2025-08-19T11:01:32Z	982.00000	1555.37559	1538.23864	1525.12243
2025-08-19T11:01:33Z	982.00000	1555.37518	1538.24001	1525.12273
2025-08-19T11:01:33Z	982.00000	1555.37442	1538.23957	1525.12260
2025-08-19T11:01:33Z	983.00000	1555.37326	1538.24041	1525.12288
2025-08-19T11:01:33Z	983.00000	1555.37177	1538.24057	1525.12383
2025-08-19T11:01:33Z	983.00000	1555.37224	1538.24177	1525.12331
2025-08-19T11:01:33Z	983.00000	1555.37436	1538.24271	1525.12338
2025-08-19T11:01:34Z	983.00000	1555.37752	1538.24398	1525.12257
2025-08-19T11:01:34Z	984.00000	1555.37860	1538.24201	1525.12388
2025-08-19T11:01:34Z	984.00000	1555.37768	1538.24094	1525.12327
2025-08-19T11:01:34Z	984.00000	1555.37483	1538.24024	1525.12284
2025-08-19T11:01:34Z	984.00000	1555.37533	1538.24042	1525.12291
2025-08-19T11:01:34Z	984.00000	1555.37435	1538.24104	1525.12290
2025-08-19T11:01:35Z	984.00000	1555.37493	1538.24233	1525.12297
2025-08-19T11:01:35Z	984.00000	1555.37425	1538.24337	1525.12259
2025-08-19T11:01:35Z	984.00000	1555.37435	1538.24313	1525.12276
2025-08-19T11:01:35Z	985.00000	1555.37490	1538.24308	1525.12359
2025-08-19T11:01:35Z	985.00000	1555.37466	1538.24273	1525.12270
2025-08-19T11:01:35Z	985.00000	1555.37422	1538.24269	1525.12291
2025-08-19T11:01:35Z	985.00000	1555.37394	1538.24130	1525.12223
2025-08-19T11:01:35Z	985.00000	1555.37409	1538.24226	1525.12291
2025-08-19T11:01:35Z	985.00000	1555.37366	1538.24282	1525.12262
2025-08-19T11:01:35Z	985.00000	1555.37393	1538.24393	1525.12341
2025-08-19T11:01:36Z	985.00000	1555.37372	1538.24412	1525.12293
2025-08-19T11:01:36Z	985.00000	1555.37377	1538.24634	1525.12218
2025-08-19T11:01:36Z	985.00000	1555.37351	1538.24776	1525.12273
2025-08-19T11:01:36Z	986.00000	1555.37257	1538.24694	1525.12298
2025-08-19T11:01:36Z	986.00000	1555.37250	1538.24796	1525.12205
2025-08-19T11:01:36Z	986.00000	1555.37291	1538.24850	1525.12198
2025-08-19T11:01:36Z	986.00000	1555.37323	1538.24786	1525.12287
2025-08-19T11:01:36Z	986.00000	1555.37268	1538.24592	1525.12260
2025-08-19T11:01:36Z	986.00000	1555.37188	1538.24363	1525.12224
2025-08-19T11:01:36Z	986.00000	1555.37162	1538.24259	1525.12317
2025-08-19T11:01:37Z	986.00000	1555.37157	1538.24285	1525.12267
2025-08-19T11:01:37Z	986.00000	1555.37154	1538.24263	1525.12222
2025-08-19T11:01:37Z	986.00000	1555.37139	1538.24277	1525.12323
2025-08-19T11:01:37Z	987.00000	1555.37255	1538.24232	1525.12251
2025-08-19T11:01:37Z	987.00000	1555.37372	1538.24206	1525.12254
2025-08-19T11:01:37Z	987.00000	1555.37320	1538.24161	1525.12267
2025-08-19T11:01:37Z	987.00000	1555.37220	1538.24169	1525.12246
2025-08-19T11:01:37Z	987.00000	1555.37156	1538.24154	1525.12311
2025-08-19T11:01:37Z	987.00000	1555.37238	1538.24137	1525.12310
2025-08-19T11:01:37Z	987.00000	1555.37095	1538.24086	1525.12356
2025-08-19T11:01:38Z	987.00000	1555.36898	1538.24105	1525.12483
2025-08-19T11:01:38Z	987.00000	1555.36810	1538.24103	1525.12318
2025-08-19T11:01:38Z	987.00000	1555.36872	1538.24151	1525.12807
2025-08-19T11:01:38Z	988.00000	1555.36817	1538.24188	1525.13132
2025-08-19T11:01:38Z	988.00000	1555.36890	1538.24087	1525.13362
2025-08-19T11:01:38Z	988.00000	1555.36822	1538.24045	1525.13265
2025-08-19T11:01:38Z	988.00000	1555.36745	1538.23928	1525.13282
2025-08-19T11:01:38Z	988.00000	1555.36729	1538.23923	1525.13029
2025-08-19T11:01:38Z	988.00000	1555.36508	1538.23930	1525.12423
2025-08-19T11:01:38Z	988.00000	1555.36453	1538.23811	1525.12303
2025-08-19T11:01:39Z	988.00000	1555.36415	1538.23713	1525.12289
2025-08-19T11:01:39Z	988.00000	1555.36472	1538.23768	1525.12210
2025-08-19T11:01:39Z	988.00000	1555.36660	1538.23981	1525.12212
2025-08-19T11:01:39Z	989.00000	1555.36560	1538.24018	1525.12300
2025-08-19T11:01:39Z	989.00000	1555.36443	1538.24014	1525.12280
2025-08-19T11:01:39Z	989.00000	1555.36572	1538.24009	1525.12274
2025-08-19T11:01:39Z	989.00000	1555.36615	1538.23947	1525.12233
2025-08-19T11:01:39Z	989.00000	1555.36876	1538.23903	1525.12324
2025-08-19T11:01:39Z	989.00000	1555.37079	1538.23831	1525.12108
2025-08-19T11:01:39Z	989.00000	1555.37147	1538.23780	1525.12053
2025-08-19T11:01:40Z	989.00000	1555.37224	1538.23686	1525.11900
2025-08-19T11:01:40Z	989.00000	1555.37287	1538.23721	1525.12039
2025-08-19T11:01:40Z	989.00000	1555.37296	1538.23728	1525.11854
2025-08-19T11:01:40Z	990.00000	1555.37122	1538.23587	1525.11495
2025-08-19T11:01:40Z	990.00000	1555.37235	1538.23809	1525.12047
2025-08-19T11:01:40Z	990.00000	1555.37221	1538.23770	1525.11994
2025-08-19T11:01:40Z	990.00000	1555.37227	1538.23832	1525.12151
2025-08-19T11:01:40Z	990.00000	1555.37106	1538.23794	1525.12114
2025-08-19T11:01:40Z	990.00000	1555.36860	1538.23750	1525.12083
2025-08-19T11:01:40Z	990.00000	1555.36760	1538.23634	1525.12091
2025-08-19T11:01:41Z	990.00000	1555.36718	1538.23482	1525.11771
2025-08-19T11:01:41Z	990.00000	1555.36709	1538.23661	1525.12053
2025-08-19T11:01:41Z	990.00000	1555.36589	1538.23555	1525.11648
2025-08-19T11:01:41Z	991.00000	1555.36655	1538.23711	1525.11814
2025-08-19T11:01:41Z	991.00000	1555.36451	1538.23764	1525.11587
2025-08-19T11:01:41Z	991.00000	1555.36330	1538.23722	1525.11611
2025-08-19T11:01:41Z	991.00000	1555.36447	1538.23892	1525.12100
2025-08-19T11:01:41Z	991.00000	1555.36338	1538.23722	1525.12001
2025-08-19T11:01:41Z	991.00000	1555.36164	1538.23490	1525.11930
2025-08-19T11:01:41Z	991.00000	1555.36425	1538.23481	1525.11789
2025-08-19T11:01:42Z	991.00000	1555.36541	1538.23605	1525.11795
2025-08-19T11:01:42Z	991.00000	1555.36729	1538.23611	1525.11888
2025-08-19T11:01:42Z	991.00000	1555.36717	1538.23462	1525.11679
2025-08-19T11:01:42Z	992.00000	1555.37326	1538.24104	1525.12280
2025-08-19T11:01:42Z	992.00000	1555.37586	1538.24153	1525.12326
2025-08-19T11:01:42Z	992.00000	1555.37220	1538.24005	1525.12369
2025-08-19T11:01:42Z	992.00000	1555.36850	1538.23723	1525.12169
2025-08-19T11:01:42Z	992.00000	1555.36662	1538.23610	1525.11871
2025-08-19T11:01:42Z	992.00000	1555.36777	1538.23829	1525.12102
2025-08-19T11:01:42Z	992.00000	1555.36632	1538.23730	1525.12123
2025-08-19T11:01:43Z	992.00000	1555.36832	1538.23803	1525.12283
2025-08-19T11:01:43Z	992.00000	1555.36648	1538.23686	1525.12192
2025-08-19T11:01:43Z	992.00000	1555.36514	1538.23597	1525.12161
2025-08-19T11:01:43Z	993.00000	1555.36555	1538.23671	1525.12219
2025-08-19T11:01:43Z	993.00000	1555.36629	1538.23736	1525.12053
2025-08-19T11:01:43Z	993.00000	1555.36444	1538.23660	1525.12263
2025-08-19T11:01:43Z	993.00000	1555.36432	1538.23709	1525.12068
2025-08-19T11:01:43Z	993.00000	1555.36647	1538.23734	1525.12319
2025-08-19T11:01:43Z	993.00000	1555.36816	1538.23785	1525.12241
2025-08-19T11:01:43Z	993.00000	1555.36818	1538.23876	1525.12322
2025-08-19T11:01:44Z	993.00000	1555.36449	1538.23603	1525.12052
2025-08-19T11:01:44Z	993.00000	1555.36385	1538.23629	1525.11752
2025-08-19T11:01:44Z	993.00000	1555.37356	1538.24299	1525.12292
2025-08-19T11:01:44Z	994.00000	1555.37371	1538.24235	1525.12248
2025-08-19T11:01:44Z	994.00000	1555.37523	1538.24091	1525.12283
2025-08-19T11:01:44Z	994.00000	1555.37437	1538.23944	1525.12159
2025-08-19T11:01:44Z	994.00000	1555.37418	1538.23853	1525.12197
2025-08-19T11:01:44Z	994.00000	1555.37237	1538.23695	1525.12130
2025-08-19T11:01:44Z	994.00000	1555.37208	1538.23894	1525.12230
2025-08-19T11:01:44Z	994.00000	1555.37154	1538.24080	1525.12203
2025-08-19T11:01:45Z	994.00000	1555.36732	1538.23605	1525.12174
2025-08-19T11:01:45Z	994.00000	1555.36859	1538.23656	1525.11944
2025-08-19T11:01:45Z	994.00000	1555.36797	1538.23115	1525.11643
2025-08-19T11:01:45Z	995.00000	1555.36591	1538.22999	1525.11263
2025-08-19T11:01:45Z	995.00000	1555.36782	1538.23172	1525.11505
2025-08-19T11:01:45Z	995.00000	1555.36429	1538.22957	1525.11100
2025-08-19T11:01:45Z	995.00000	1555.36739	1538.23182	1525.11216
2025-08-19T11:01:45Z	995.00000	1555.36477	1538.23060	1525.11136
2025-08-19T11:01:45Z	995.00000	1555.36484	1538.23075	1525.11172
2025-08-19T11:01:45Z	995.00000	1555.36315	1538.22934	1525.10955
2025-08-19T11:01:46Z	995.00000	1555.36061	1538.22811	1525.10824
2025-08-19T11:01:46Z	995.00000	1555.36051	1538.22968	1525.11044
2025-08-19T11:01:46Z	995.00000	1555.36021	1538.22783	1525.11120
2025-08-19T11:01:46Z	996.00000	1555.36005	1538.22704	1525.10972
2025-08-19T11:01:46Z	996.00000	1555.35871	1538.22689	1525.10984
2025-08-19T11:01:46Z	996.00000	1555.36356	1538.22928	1525.12016
2025-08-19T11:01:46Z	996.00000	1555.36035	1538.22547	1525.12178
2025-08-19T11:01:46Z	996.00000	1555.36305	1538.22870	1525.12519
2025-08-19T11:01:46Z	996.00000	1555.36497	1538.22997	1525.12272
2025-08-19T11:01:46Z	996.00000	1555.36506	1538.22845	1525.12275
2025-08-19T11:01:47Z	996.00000	1555.36410	1538.22950	1525.12216
2025-08-19T11:01:47Z	996.00000	1555.36416	1538.22939	1525.12144
2025-08-19T11:01:47Z	996.00000	1555.36453	1538.23142	1525.11579
2025-08-19T11:01:47Z	997.00000	1555.36366	1538.23692	1525.12077
2025-08-19T11:01:47Z	997.00000	1555.36151	1538.23667	1525.12319
2025-08-19T11:01:47Z	997.00000	1555.36456	1538.23896	1525.12320
2025-08-19T11:01:47Z	997.00000	1555.36450	1538.24029	1525.12309
2025-08-19T11:01:47Z	997.00000	1555.36205	1538.23979	1525.12298
2025-08-19T11:01:47Z	997.00000	1555.36209	1538.23963	1525.12288
2025-08-19T11:01:47Z	997.00000	1555.36094	1538.24051	1525.12258
2025-08-19T11:01:48Z	997.00000	1555.36095	1538.23997	1525.12210
2025-08-19T11:01:48Z	997.00000	1555.36141	1538.23919	1525.12199
2025-08-19T11:01:48Z	997.00000	1555.36325	1538.23834	1525.12138
2025-08-19T11:01:48Z	998.00000	1555.36444	1538.23832	1525.11990
2025-08-19T11:01:48Z	998.00000	1555.36452	1538.23799	1525.11478
2025-08-19T11:01:48Z	998.00000	1555.36546	1538.23776	1525.11323
2025-08-19T11:01:48Z	998.00000	1555.36828	1538.23412	1525.11492
2025-08-19T11:01:48Z	998.00000	1555.37143	1538.23567	1525.11733
2025-08-19T11:01:48Z	998.00000	1555.37336	1538.23139	1525.11993
2025-08-19T11:01:48Z	998.00000	1555.37176	1538.23216	1525.12071
2025-08-19T11:01:49Z	998.00000	1555.36956	1538.23221	1525.12209
2025-08-19T11:01:49Z	998.00000	1555.36623	1538.23166	1525.12143
2025-08-19T11:01:49Z	998.00000	1555.36404	1538.23098	1525.11975
2025-08-19T11:01:49Z	999.00000	1555.36439	1538.22906	1525.11611
2025-08-19T11:01:49Z	999.00000	1555.36497	1538.23000	1525.11368
2025-08-19T11:01:49Z	999.00000	1555.36368	1538.22939	1525.11410
2025-08-19T11:01:49Z	999.00000	1555.36406	1538.23075	1525.11377
2025-08-19T11:01:49Z	999.00000	1555.36449	1538.23346	1525.11511
2025-08-19T11:01:49Z	999.00000	1555.36684	1538.23541	1525.11606
2025-08-19T11:01:49Z	999.00000	1555.36498	1538.23001	1525.11541
2025-08-19T11:01:50Z	999.00000	1555.36691	1538.23095	1525.12079
2025-08-19T11:01:50Z	999.00000	1555.36463	1538.23018	1525.11402
2025-08-19T11:01:50Z	999.00000	1555.36242	1538.22738	1525.11070
2025-08-19T11:01:50Z	1000.00000	1555.36439	1538.22972	1525.11312
2025-08-19T11:01:50Z	1000.00000	1555.36285	1538.22868	1525.11401
2025-08-19T11:01:50Z	1000.00000	1555.36069	1538.22655	1525.10989
2025-08-19T11:01:50Z	1000.00000	1555.36518	1538.22986	1525.11474
2025-08-19T11:01:50Z	1000.00000	1555.36495	1538.22954	1525.11451
2025-08-19T11:01:50Z	1000.00000	1555.36490	1538.22898	1525.11346
2025-08-19T11:01:50Z	1000.00000	1555.36670	1538.22926	1525.11515
2025-08-19T11:01:51Z	1000.00000	1555.36636	1538.22874	1525.11337
2025-08-19T11:01:51Z	1000.00000	1555.36528	1538.22856	1525.11435
2025-08-19T11:01:51Z	1000.00000	1555.36205	1538.22751	1525.10985
2025-08-19T11:01:51Z	1001.00000	1555.36065	1538.22830	1525.11090
2025-08-19T11:01:51Z	1001.00000	1555.36101	1538.22888	1525.11137
2025-08-19T11:01:51Z	1001.00000	1555.35919	1538.22763	1525.11026
2025-08-19T11:01:51Z	1001.00000	1555.35960	1538.22835	1525.11125
2025-08-19T11:01:51Z	1001.00000	1555.35751	1538.22780	1525.11071
2025-08-19T11:01:51Z	1001.00000	1555.35691	1538.22960	1525.11389
2025-08-19T11:01:51Z	1001.00000	1555.35857	1538.22957	1525.11428
2025-08-19T11:01:52Z	1001.00000	1555.35882	1538.22885	1525.11431
2025-08-19T11:01:52Z	1001.00000	1555.35847	1538.22758	1525.11201
2025-08-19T11:01:52Z	1001.00000	1555.36023	1538.22799	1525.11329
2025-08-19T11:01:52Z	1002.00000	1555.35928	1538.22838	1525.11414
2025-08-19T11:01:52Z	1002.00000	1555.36110	1538.23071	1525.11727
2025-08-19T11:01:52Z	1002.00000	1555.36067	1538.22952	1525.11469
2025-08-19T11:01:52Z	1002.00000	1555.35952	1538.22840	1525.11219
2025-08-19T11:01:52Z	1002.00000	1555.36060	1538.22806	1525.11294
2025-08-19T11:01:52Z	1002.00000	1555.35847	1538.22544	1525.11049
2025-08-19T11:01:52Z	1002.00000	1555.35847	1538.22606	1525.10990
2025-08-19T11:01:53Z	1002.00000	1555.35889	1538.22679	1525.11058
2025-08-19T11:01:53Z	1002.00000	1555.35707	1538.22918	1525.11341
2025-08-19T11:01:53Z	1002.00000	1555.35861	1538.22898	1525.11305
2025-08-19T11:01:53Z	1003.00000	1555.36179	1538.23257	1525.11881
2025-08-19T11:01:53Z	1003.00000	1555.36003	1538.23118	1525.11590
2025-08-19T11:01:53Z	1003.00000	1555.35849	1538.22827	1525.11037
2025-08-19T11:01:53Z	1003.00000	1555.36812	1538.24047	1525.12297
2025-08-19T11:01:53Z	1003.00000	1555.36773	1538.24062	1525.12181
2025-08-19T11:01:53Z	1003.00000	1555.36709	1538.23799	1525.12295
2025-08-19T11:01:53Z	1003.00000	1555.36864	1538.23888	1525.12344
2025-08-19T11:01:54Z	1003.00000	1555.36911	1538.23902	1525.12339
2025-08-19T11:01:54Z	1003.00000	1555.36914	1538.24047	1525.13040
2025-08-19T11:01:54Z	1003.00000	1555.36992	1538.24089	1525.13016
2025-08-19T11:01:54Z	1004.00000	1555.37073	1538.24006	1525.12576
2025-08-19T11:01:54Z	1004.00000	1555.37063	1538.24015	1525.12444
2025-08-19T11:01:54Z	1004.00000	1555.37043	1538.24079	1525.12339
2025-08-19T11:01:54Z	1004.00000	1555.36980	1538.24028	1525.12258
2025-08-19T11:01:54Z	1004.00000	1555.36852	1538.23928	1525.12277
2025-08-19T11:01:54Z	1004.00000	1555.36995	1538.24017	1525.12270
2025-08-19T11:01:54Z	1004.00000	1555.37011	1538.24069	1525.12275
2025-08-19T11:01:55Z	1004.00000	1555.36874	1538.24022	1525.12267
2025-08-19T11:01:55Z	1004.00000	1555.37051	1538.24045	1525.12282
2025-08-19T11:01:55Z	1004.00000	1555.37153	1538.24099	1525.12322
2025-08-19T11:01:55Z	1005.00000	1555.37213	1538.23998	1525.12320
2025-08-19T11:01:55Z	1005.00000	1555.37203	1538.24016	1525.12256
2025-08-19T11:01:55Z	1005.00000	1555.37142	1538.23968	1525.12230
2025-08-19T11:01:55Z	1005.00000	1555.37179	1538.24086	1525.12271
2025-08-19T11:01:55Z	1005.00000	1555.37186	1538.24028	1525.12289
2025-08-19T11:01:55Z	1005.00000	1555.37249	1538.23971	1525.12288
2025-08-19T11:01:55Z	1005.00000	1555.37217	1538.24077	1525.12274
2025-08-19T11:01:56Z	1005.00000	1555.37178	1538.24078	1525.12306
2025-08-19T11:01:56Z	1005.00000	1555.37521	1538.24311	1525.12340
2025-08-19T11:01:56Z	1005.00000	1555.37324	1538.24043	1525.12346
2025-08-19T11:01:56Z	1006.00000	1555.37354	1538.24081	1525.12315
2025-08-19T11:01:56Z	1006.00000	1555.37427	1538.24133	1525.12256
2025-08-19T11:01:56Z	1006.00000	1555.37348	1538.24017	1525.12375
2025-08-19T11:01:56Z	1006.00000	1555.37361	1538.24092	1525.12239
2025-08-19T11:01:56Z	1006.00000	1555.35727	1538.22582	1525.11080
2025-08-19T11:01:56Z	1006.00000	1555.37608	1538.24401	1525.12654
2025-08-19T11:01:56Z	1006.00000	1555.38265	1538.25104	1525.13454
2025-08-19T11:01:57Z	1006.00000	1555.37352	1538.24318	1525.12199
2025-08-19T11:01:57Z	1006.00000	1555.33785	1538.21000	1525.08665
2025-08-19T11:01:57Z	1006.00000	1555.37095	1538.24106	1525.12087
2025-08-19T11:01:57Z	1007.00000	1555.37242	1538.24434	1525.12273
2025-08-19T11:01:57Z	1007.00000	1555.37422	1538.24619	1525.12185
2025-08-19T11:01:57Z	1007.00000	1555.38826	1538.25989	1525.13237
2025-08-19T11:01:57Z	1007.00000	1555.38792	1538.25980	1525.13128
2025-08-19T11:01:57Z	1007.00000	1555.38506	1538.25524	1525.12912
2025-08-19T11:01:57Z	1007.00000	1555.38326	1538.25107	1525.12462
2025-08-19T11:01:57Z	1007.00000	1555.36983	1538.23666	1525.11498
2025-08-19T11:01:58Z	1007.00000	1555.36919	1538.23500	1525.11580
2025-08-19T11:01:58Z	1007.00000	1555.35334	1538.21811	1525.09804
2025-08-19T11:01:58Z	1007.00000	1555.36016	1538.22592	1525.10539
2025-08-19T11:01:58Z	1008.00000	1555.33842	1538.20221	1525.08008
2025-08-19T11:01:58Z	1008.00000	1555.32849	1538.19534	1525.07825
2025-08-19T11:01:58Z	1008.00000	1555.32162	1538.18723	1525.06656
2025-08-19T11:01:58Z	1008.00000	1555.31658	1538.18389	1525.06374
2025-08-19T11:01:58Z	1008.00000	1555.31486	1538.17928	1525.06038
2025-08-19T11:01:58Z	1008.00000	1555.30335	1538.17169	1525.05141
2025-08-19T11:01:58Z	1008.00000	1555.30005	1538.16357	1525.04291
2025-08-19T11:01:59Z	1008.00000	1555.30314	1538.16772	1525.05084
2025-08-19T11:01:59Z	1008.00000	1555.30051	1538.16381	1525.04773
2025-08-19T11:01:59Z	1008.00000	1555.29453	1538.16202	1525.04134
2025-08-19T11:01:59Z	1009.00000	1555.28732	1538.15486	1525.03407
2025-08-19T11:01:59Z	1009.00000	1555.27583	1538.14181	1525.01938
2025-08-19T11:01:59Z	1009.00000	1555.28230	1538.14644	1525.02781
2025-08-19T11:01:59Z	1009.00000	1555.27595	1538.14267	1525.02495
2025-08-19T11:01:59Z	1009.00000	1555.27449	1538.14228	1525.02318
2025-08-19T11:01:59Z	1009.00000	1555.26931	1538.14116	1525.01525
2025-08-19T11:01:59Z	1009.00000	1555.27029	1538.14112	1525.01680
2025-08-19T11:02:00Z	1009.00000	1555.26998	1538.14154	1525.01772
2025-08-19T11:02:00Z	1009.00000	1555.27215	1538.14198	1525.01969
2025-08-19T11:02:00Z	1009.00000	1555.27172	1538.14188	1525.01697
2025-08-19T11:02:00Z	1010.00000	1555.27096	1538.14162	1525.01546
2025-08-19T11:02:00Z	1010.00000	1555.26655	1538.13338	1525.01186
2025-08-19T11:02:00Z	1010.00000	1555.26033	1538.12954	1525.00852
2025-08-19T11:02:00Z	1010.00000	1555.24899	1538.11600	1524.99072
2025-08-19T11:02:00Z	1010.00000	1555.25578	1538.12410	1525.00679
2025-08-19T11:02:00Z	1010.00000	1555.25989	1538.12803	1525.00936
2025-08-19T11:02:00Z	1010.00000	1555.25800	1538.12489	1525.00735
2025-08-19T11:02:01Z	1010.00000	1555.25304	1538.12106	1525.00238
2025-08-19T11:02:01Z	1010.00000	1555.25689	1538.12362	1525.00662
2025-08-19T11:02:01Z	1010.00000	1555.25174	1538.11640	1524.99625
2025-08-19T11:02:01Z	1011.00000	1555.27036	1538.13657	1525.01455
2025-08-19T11:02:01Z	1011.00000	1555.25468	1538.12247	1525.00310
2025-08-19T11:02:01Z	1011.00000	1555.25080	1538.12123	1524.99950
2025-08-19T11:02:01Z	1011.00000	1555.25430	1538.12368	1525.00449
2025-08-19T11:02:01Z	1011.00000	1555.25517	1538.12287	1525.00320
2025-08-19T11:02:01Z	1011.00000	1555.25684	1538.12442	1525.00596
2025-08-19T11:02:01Z	1011.00000	1555.25601	1538.12394	1525.00524
2025-08-19T11:02:02Z	1011.00000	1555.25533	1538.12398	1525.00621
2025-08-19T11:02:02Z	1011.00000	1555.25672	1538.12490	1525.00592
2025-08-19T11:02:02Z	1011.00000	1555.25544	1538.12417	1525.00449
2025-08-19T11:02:02Z	1012.00000	1555.25522	1538.12441	1525.00485
2025-08-19T11:02:02Z	1012.00000	1555.25473	1538.12435	1525.00489
2025-08-19T11:02:02Z	1012.00000	1555.25319	1538.12381	1525.00476
2025-08-19T11:02:02Z	1012.00000	1555.25469	1538.12343	1525.00644
2025-08-19T11:02:02Z	1012.00000	1555.25605	1538.12362	1525.00687
2025-08-19T11:02:02Z	1012.00000	1555.25624	1538.12390	1525.00857
2025-08-19T11:02:02Z	1012.00000	1555.25683	1538.12333	1525.00860
2025-08-19T11:02:03Z	1012.00000	1555.25468	1538.12355	1525.00907
2025-08-19T11:02:03Z	1012.00000	1555.25399	1538.12465	1525.00868
2025-08-19T11:02:03Z	1012.00000	1555.25393	1538.12446	1525.00805
2025-08-19T11:02:03Z	1013.00000	1555.25464	1538.12411	1525.00867
2025-08-19T11:02:03Z	1013.00000	1555.25420	1538.12424	1525.00804
2025-08-19T11:02:03Z	1013.00000	1555.25581	1538.12536	1525.01041
2025-08-19T11:02:03Z	1013.00000	1555.25517	1538.12464	1525.01027
2025-08-19T11:02:03Z	1013.00000	1555.25626	1538.12586	1525.01026
2025-08-19T11:02:03Z	1013.00000	1555.25655	1538.12539	1525.01144
2025-08-19T11:02:03Z	1013.00000	1555.25677	1538.12609	1525.01085
2025-08-19T11:02:04Z	1013.00000	1555.25544	1538.12689	1525.01574
2025-08-19T11:02:04Z	1013.00000	1555.25551	1538.12967	1525.02469
2025-08-19T11:02:04Z	1013.00000	1555.25769	1538.13915	1525.02919
2025-08-19T11:02:04Z	1014.00000	1555.25782	1538.13964	1525.02935
2025-08-19T11:02:04Z	1014.00000	1555.26266	1538.14169	1525.03149
2025-08-19T11:02:04Z	1014.00000	1555.26460	1538.14037	1525.02823
2025-08-19T11:02:04Z	1014.00000	1555.26813	1538.14107	1525.02503
2025-08-19T11:02:04Z	1014.00000	1555.26739	1538.14496	1525.01720
2025-08-19T11:02:04Z	1014.00000	1555.26493	1538.14146	1525.01307
2025-08-19T11:02:04Z	1014.00000	1555.26330	1538.14057	1525.01128
2025-08-19T11:02:05Z	1014.00000	1555.26350	1538.14163	1525.01254
2025-08-19T11:02:05Z	1014.00000	1555.26222	1538.14101	1525.01143
2025-08-19T11:02:05Z	1014.00000	1555.26232	1538.13366	1525.00761
2025-08-19T11:02:05Z	1015.00000	1555.26385	1538.13237	1525.00646
2025-08-19T11:02:05Z	1015.00000	1555.26335	1538.13076	1525.00717
2025-08-19T11:02:05Z	1015.00000	1555.26333	1538.13093	1525.00712
2025-08-19T11:02:05Z	1015.00000	1555.26365	1538.12976	1525.00296
2025-08-19T11:02:05Z	1015.00000	1555.26042	1538.12578	1524.99819
2025-08-19T11:02:05Z	1015.00000	1555.26086	1538.12528	1525.00192
2025-08-19T11:02:05Z	1015.00000	1555.25912	1538.12341	1524.99611
2025-08-19T11:02:06Z	1015.00000	1555.26238	1538.12552	1525.00309
2025-08-19T11:02:06Z	1015.00000	1555.25820	1538.12621	1525.00011
2025-08-19T11:02:06Z	1015.00000	1555.25289	1538.12321	1524.99182
2025-08-19T11:02:06Z	1016.00000	1555.25508	1538.12884	1525.00131
2025-08-19T11:02:06Z	1016.00000	1555.25766	1538.12957	1525.00557
2025-08-19T11:02:06Z	1016.00000	1555.25745	1538.13292	1525.00585
2025-08-19T11:02:06Z	1016.00000	1555.25868	1538.13516	1525.00764
2025-08-19T11:02:06Z	1016.00000	1555.26070	1538.14198	1525.00885
2025-08-19T11:02:06Z	1016.00000	1555.25794	1538.14294	1525.00706
2025-08-19T11:02:06Z	1016.00000	1555.25972	1538.14241	1525.00781
2025-08-19T11:02:07Z	1016.00000	1555.26122	1538.15181	1525.00884
2025-08-19T11:02:07Z	1016.00000	1555.25682	1538.14892	1525.00674
2025-08-19T11:02:07Z	1016.00000	1555.26530	1538.15263	1525.01117
2025-08-19T11:02:07Z	1017.00000	1555.26301	1538.15377	1525.01075
2025-08-19T11:02:07Z	1017.00000	1555.26215	1538.15395	1525.01143
2025-08-19T11:02:07Z	1017.00000	1555.26350	1538.15247	1525.01320
2025-08-19T11:02:07Z	1017.00000	1555.26470	1538.15243	1525.01167
2025-08-19T11:02:07Z	1017.00000	1555.27000	1538.14575	1525.01120
2025-08-19T11:02:07Z	1017.00000	1555.27220	1538.14157	1525.01222
2025-08-19T11:02:07Z	1017.00000	1555.27229	1538.13678	1525.01174
2025-08-19T11:02:08Z	1017.00000	1555.27336	1538.13349	1525.01277
2025-08-19T11:02:08Z	1017.00000	1555.26737	1538.13313	1525.01234
2025-08-19T11:02:08Z	1017.00000	1555.26594	1538.13184	1525.01133
2025-08-19T11:02:08Z	1018.00000	1555.26470	1538.13188	1525.01211
2025-08-19T11:02:08Z	1018.00000	1555.26335	1538.12970	1525.01141
2025-08-19T11:02:08Z	1018.00000	1555.26326	1538.13021	1525.01077
2025-08-19T11:02:08Z	1018.00000	1555.26306	1538.12750	1525.00698
2025-08-19T11:02:08Z	1018.00000	1555.26305	1538.12468	1525.00979
2025-08-19T11:02:08Z	1018.00000	1555.26209	1538.12585	1525.01078
2025-08-19T11:02:08Z	1018.00000	1555.26101	1538.12525	1525.01096
2025-08-19T11:02:09Z	1018.00000	1555.26018	1538.12592	1525.01212
2025-08-19T11:02:09Z	1018.00000	1555.25908	1538.12439	1525.01154
2025-08-19T11:02:09Z	1018.00000	1555.25919	1538.12608	1525.01319
2025-08-19T11:02:09Z	1019.00000	1555.26271	1538.12432	1525.01051
2025-08-19T11:02:09Z	1019.00000	1555.26336	1538.12124	1525.00571
2025-08-19T11:02:09Z	1019.00000	1555.26641	1538.12486	1525.00658
2025-08-19T11:02:09Z	1019.00000	1555.26669	1538.12582	1525.00582
2025-08-19T11:02:09Z	1019.00000	1555.26344	1538.12501	1525.00517
2025-08-19T11:02:09Z	1019.00000	1555.25914	1538.11732	1524.99507
2025-08-19T11:02:09Z	1019.00000	1555.25515	1538.11669	1524.99189
2025-08-19T11:02:10Z	1019.00000	1555.25116	1538.11734	1524.99341
2025-08-19T11:02:10Z	1019.00000	1555.25109	1538.11797	1524.99492
2025-08-19T11:02:10Z	1019.00000	1555.24887	1538.11450	1524.99099
2025-08-19T11:02:10Z	1020.00000	1555.25562	1538.11488	1524.98952
2025-08-19T11:02:10Z	1020.00000	1555.25697	1538.11590	1524.99440
2025-08-19T11:02:10Z	1020.00000	1555.24934	1538.11458	1524.99068
2025-08-19T11:02:10Z	1020.00000	1555.24952	1538.11532	1524.99203
2025-08-19T11:02:10Z	1020.00000	1555.24774	1538.11151	1524.98879
2025-08-19T11:02:10Z	1020.00000	1555.24756	1538.11061	1524.98613
2025-08-19T11:02:10Z	1020.00000	1555.25016	1538.11611	1524.99158
2025-08-19T11:02:11Z	1020.00000	1555.24954	1538.11561	1524.99100
2025-08-19T11:02:11Z	1020.00000	1555.24813	1538.11457	1524.98832
2025-08-19T11:02:11Z	1020.00000	1555.24856	1538.11432	1524.98935
2025-08-19T11:02:11Z	1021.00000	1555.24897	1538.11271	1524.98693
2025-08-19T11:02:11Z	1021.00000	1555.25133	1538.11687	1524.99177
2025-08-19T11:02:11Z	1021.00000	1555.24990	1538.11508	1524.99088
2025-08-19T11:02:11Z	1021.00000	1555.24896	1538.11381	1524.98902
2025-08-19T11:02:11Z	1021.00000	1555.24858	1538.11334	1524.98967
2025-08-19T11:02:11Z	1021.00000	1555.24814	1538.11333	1524.99015
2025-08-19T11:02:11Z	1021.00000	1555.25042	1538.11837	1525.00255
2025-08-19T11:02:12Z	1021.00000	1555.24985	1538.11998	1525.00510
2025-08-19T11:02:12Z	1021.00000	1555.25569	1538.12894	1525.01006
2025-08-19T11:02:12Z	1021.00000	1555.25389	1538.12516	1525.00865
2025-08-19T11:02:12Z	1022.00000	1555.25240	1538.12496	1525.00654
2025-08-19T11:02:12Z	1022.00000	1555.25381	1538.12264	1525.00205
2025-08-19T11:02:12Z	1022.00000	1555.25567	1538.12303	1525.00513
2025-08-19T11:02:12Z	1022.00000	1555.26212	1538.12418	1525.00252
2025-08-19T11:02:12Z	1022.00000	1555.26579	1538.12451	1525.00114
2025-08-19T11:02:12Z	1022.00000	1555.26410	1538.11911	1524.99873
2025-08-19T11:02:13Z	1022.00000	1555.26757	1538.11547	1524.99749
2025-08-19T11:02:13Z	1022.00000	1555.26786	1538.11743	1524.99771
2025-08-19T11:02:13Z	1022.00000	1555.26542	1538.11518	1524.99979
2025-08-19T11:02:13Z	1023.00000	1555.26439	1538.11565	1525.00019
2025-08-19T11:02:13Z	1023.00000	1555.26746	1538.11486	1524.99438
2025-08-19T11:02:13Z	1023.00000	1555.27404	1538.11187	1524.99528
2025-08-19T11:02:13Z	1023.00000	1555.27620	1538.11343	1524.99560
2025-08-19T11:02:13Z	1023.00000	1555.27503	1538.11333	1524.99490
2025-08-19T11:02:13Z	1023.00000	1555.26859	1538.11238	1524.99142
2025-08-19T11:02:13Z	1023.00000	1555.26528	1538.11268	1524.99073
2025-08-19T11:02:14Z	1023.00000	1555.27268	1538.11640	1524.99987
2025-08-19T11:02:14Z	1023.00000	1555.27699	1538.12444	1525.00710
2025-08-19T11:02:14Z	1023.00000	1555.28270	1538.12999	1525.01338
2025-08-19T11:02:14Z	1024.00000	1555.28585	1538.13012	1525.01319
2025-08-19T11:02:14Z	1024.00000	1555.28358	1538.12971	1525.01140
2025-08-19T11:02:14Z	1024.00000	1555.27410	1538.12978	1525.01011
2025-08-19T11:02:14Z	1024.00000	1555.26424	1538.13302	1525.00807
2025-08-19T11:02:14Z	1024.00000	1555.26051	1538.13516	1525.00716
2025-08-19T11:02:15Z	1024.00000	1555.25699	1538.13341	1525.00661
2025-08-19T11:02:15Z	1024.00000	1555.25589	1538.13396	1525.00426
2025-08-19T11:02:15Z	1025.00000	1555.25841	1538.13208	1525.00139
2025-08-19T11:02:15Z	1025.00000	1555.25949	1538.13260	1525.00170
2025-08-19T11:02:15Z	1025.00000	1555.26114	1538.13428	1525.00018
2025-08-19T11:02:15Z	1025.00000	1555.26038	1538.14216	1524.99542
2025-08-19T11:02:15Z	1025.00000	1555.26320	1538.13483	1525.00119
2025-08-19T11:02:15Z	1025.00000	1555.26387	1538.13215	1524.99857
2025-08-19T11:02:15Z	1025.00000	1555.26320	1538.12885	1524.99310
2025-08-19T11:02:16Z	1025.00000	1555.26176	1538.12497	1524.99914
2025-08-19T11:02:16Z	1025.00000	1555.25783	1538.12231	1524.99585
2025-08-19T11:02:16Z	1025.00000	1555.25869	1538.12155	1524.99827
2025-08-19T11:02:16Z	1026.00000	1555.25555	1538.11865	1524.99459
2025-08-19T11:02:16Z	1026.00000	1555.25473	1538.11785	1524.99503
2025-08-19T11:02:16Z	1026.00000	1555.26173	1538.12971	1525.00188
2025-08-19T11:02:16Z	1026.00000	1555.26324	1538.12015	1524.99979
2025-08-19T11:02:17Z	1026.00000	1555.26720	1538.13216	1525.00624
2025-08-19T11:02:17Z	1026.00000	1555.26179	1538.13492	1524.99363
2025-08-19T11:02:17Z	1026.00000	1555.26712	1538.14775	1525.00678
2025-08-19T11:02:17Z	1027.00000	1555.26678	1538.13717	1525.00483
2025-08-19T11:02:17Z	1027.00000	1555.26718	1538.13080	1524.99587
2025-08-19T11:02:17Z	1027.00000	1555.26621	1538.12770	1524.99817
2025-08-19T11:02:18Z	1027.00000	1555.26724	1538.12487	1525.00238
2025-08-19T11:02:18Z	1027.00000	1555.26335	1538.12950	1525.00580
2025-08-19T11:02:18Z	1028.00000	1555.26057	1538.12773	1524.99738
2025-08-19T11:02:18Z	1028.00000	1555.25993	1538.12573	1524.99731
2025-08-19T11:02:18Z	1028.00000	1555.25923	1538.12235	1524.99581
2025-08-19T11:02:18Z	1028.00000	1555.25864	1538.12115	1524.99633
2025-08-19T11:02:18Z	1028.00000	1555.25689	1538.12047	1524.99764
2025-08-19T11:02:18Z	1028.00000	1555.25220	1538.11623	1524.99243
2025-08-19T11:02:19Z	1028.00000	1555.24999	1538.11617	1524.99253
2025-08-19T11:02:19Z	1028.00000	1555.25064	1538.11565	1524.99805
2025-08-19T11:02:19Z	1028.00000	1555.25202	1538.11618	1524.99528
2025-08-19T11:02:19Z	1029.00000	1555.25305	1538.11578	1524.99672
2025-08-19T11:02:19Z	1029.00000	1555.24929	1538.11769	1524.99396
2025-08-19T11:02:19Z	1029.00000	1555.24907	1538.11635	1524.99595
2025-08-19T11:02:19Z	1029.00000	1555.24972	1538.11772	1525.00103
2025-08-19T11:02:19Z	1029.00000	1555.24923	1538.11774	1525.00148
2025-08-19T11:02:19Z	1029.00000	1555.25034	1538.11793	1525.00187
2025-08-19T11:02:20Z	1029.00000	1555.24935	1538.11667	1525.00045
2025-08-19T11:02:20Z	1029.00000	1555.25011	1538.11761	1525.00231
2025-08-19T11:02:20Z	1029.00000	1555.25317	1538.11717	1524.99979
2025-08-19T11:02:20Z	1030.00000	1555.25840	1538.11727	1524.99953
2025-08-19T11:02:20Z	1030.00000	1555.26041	1538.11753	1524.99625
2025-08-19T11:02:20Z	1030.00000	1555.26072	1538.11928	1524.99802
2025-08-19T11:02:20Z	1030.00000	1555.25906	1538.11943	1524.99664
2025-08-19T11:02:20Z	1030.00000	1555.26121	1538.12020	1524.99857
2025-08-19T11:02:20Z	1030.00000	1555.26093	1538.11970	1524.99755
2025-08-19T11:02:20Z	1030.00000	1555.25934	1538.11951	1524.99933
2025-08-19T11:02:21Z	1030.00000	1555.26049	1538.12299	1525.00095
2025-08-19T11:02:21Z	1030.00000	1555.26331	1538.12976	1525.00252
2025-08-19T11:02:21Z	1030.00000	1555.26084	1538.12970	1525.00258
2025-08-19T11:02:21Z	1031.00000	1555.26107	1538.12915	1525.00313
2025-08-19T11:02:21Z	1031.00000	1555.26075	1538.12618	1525.00131
2025-08-19T11:02:21Z	1031.00000	1555.25957	1538.12531	1525.00203
2025-08-19T11:02:21Z	1031.00000	1555.26303	1538.12521	1525.00164
2025-08-19T11:02:21Z	1031.00000	1555.26385	1538.12530	1525.00471
2025-08-19T11:02:21Z	1031.00000	1555.26404	1538.12432	1525.00489
2025-08-19T11:02:21Z	1031.00000	1555.26458	1538.12618	1525.00435
2025-08-19T11:02:22Z	1031.00000	1555.26482	1538.12473	1525.00532
2025-08-19T11:02:22Z	1031.00000	1555.26396	1538.12444	1525.00579
2025-08-19T11:02:22Z	1031.00000	1555.26295	1538.12426	1525.00621
2025-08-19T11:02:22Z	1032.00000	1555.26048	1538.12294	1525.00641
2025-08-19T11:02:22Z	1032.00000	1555.25989	1538.12272	1525.00674
2025-08-19T11:02:22Z	1032.00000	1555.26002	1538.12089	1525.00542
2025-08-19T11:02:22Z	1032.00000	1555.26421	1538.12175	1525.00320
2025-08-19T11:02:22Z	1032.00000	1555.26269	1538.12533	1525.00308
2025-08-19T11:02:22Z	1032.00000	1555.26215	1538.12484	1525.00544
2025-08-19T11:02:22Z	1032.00000	1555.25952	1538.12947	1525.00451
2025-08-19T11:02:23Z	1032.00000	1555.25813	1538.13609	1525.00506
2025-08-19T11:02:23Z	1032.00000	1555.25771	1538.13616	1525.00594
2025-08-19T11:02:23Z	1032.00000	1555.25748	1538.13278	1525.00659
2025-08-19T11:02:23Z	1033.00000	1555.25705	1538.13191	1525.00692
2025-08-19T11:02:23Z	1033.00000	1555.26316	1538.13119	1525.00709
2025-08-19T11:02:23Z	1033.00000	1555.27581	1538.13416	1525.01356
2025-08-19T11:02:23Z	1033.00000	1555.28244	1538.13990	1525.01008
2025-08-19T11:02:23Z	1033.00000	1555.28076	1538.13487	1525.01025
2025-08-19T11:02:23Z	1033.00000	1555.27717	1538.13420	1525.01154
2025-08-19T11:02:23Z	1033.00000	1555.27785	1538.13349	1525.01316
2025-08-19T11:02:24Z	1033.00000	1555.27650	1538.13176	1525.01048
2025-08-19T11:02:24Z	1033.00000	1555.27555	1538.13431	1525.01095
2025-08-19T11:02:24Z	1033.00000	1555.27455	1538.13247	1525.01044
2025-08-19T11:02:24Z	1034.00000	1555.26920	1538.13288	1525.01228
2025-08-19T11:02:24Z	1034.00000	1555.27313	1538.13163	1525.01086
2025-08-19T11:02:24Z	1034.00000	1555.27660	1538.13186	1525.01102
2025-08-19T11:02:24Z	1034.00000	1555.27117	1538.13012	1525.01253
2025-08-19T11:02:24Z	1034.00000	1555.26768	1538.12952	1525.01161
2025-08-19T11:02:24Z	1034.00000	1555.26545	1538.13015	1525.01345
2025-08-19T11:02:24Z	1034.00000	1555.26702	1538.12964	1525.01189
2025-08-19T11:02:25Z	1034.00000	1555.26474	1538.12970	1525.01111
2025-08-19T11:02:25Z	1034.00000	1555.26316	1538.12934	1525.01034
2025-08-19T11:02:25Z	1034.00000	1555.26396	1538.12975	1525.01132
2025-08-19T11:02:25Z	1035.00000	1555.26179	1538.12977	1525.01200
2025-08-19T11:02:25Z	1035.00000	1555.26255	1538.12975	1525.01211
2025-08-19T11:02:25Z	1035.00000	1555.26284	1538.13081	1525.01069
2025-08-19T11:02:25Z	1035.00000	1555.26430	1538.13181	1525.01063
2025-08-19T11:02:25Z	1035.00000	1555.26497	1538.13285	1525.01170
2025-08-19T11:02:25Z	1035.00000	1555.26407	1538.13215	1525.01207
2025-08-19T11:02:25Z	1035.00000	1555.26583	1538.13135	1525.01098
2025-08-19T11:02:26Z	1035.00000	1555.26634	1538.12989	1525.01297
2025-08-19T11:02:26Z	1035.00000	1555.26652	1538.12964	1525.01017
2025-08-19T11:02:26Z	1035.00000	1555.26675	1538.12958	1525.00922
2025-08-19T11:02:26Z	1036.00000	1555.26568	1538.12859	1525.00951
2025-08-19T11:02:26Z	1036.00000	1555.26423	1538.12770	1525.01018
2025-08-19T11:02:26Z	1036.00000	1555.26319	1538.13276	1525.00839
2025-08-19T11:02:26Z	1036.00000	1555.26471	1538.13399	1525.00844
2025-08-19T11:02:26Z	1036.00000	1555.26603	1538.14199	1525.00651
2025-08-19T11:02:26Z	1036.00000	1555.26373	1538.14128	1525.00442
2025-08-19T11:02:26Z	1036.00000	1555.26390	1538.13714	1524.99960
2025-08-19T11:02:27Z	1036.00000	1555.26337	1538.13564	1524.99654
2025-08-19T11:02:27Z	1036.00000	1555.26418	1538.13366	1524.99337
2025-08-19T11:02:27Z	1036.00000	1555.26415	1538.13118	1524.99472
2025-08-19T11:02:27Z	1037.00000	1555.26249	1538.12801	1524.99271
2025-08-19T11:02:27Z	1037.00000	1555.26350	1538.12699	1524.99968
2025-08-19T11:02:27Z	1037.00000	1555.26340	1538.12338	1524.99713
2025-08-19T11:02:27Z	1037.00000	1555.26122	1538.11788	1524.99124
2025-08-19T11:02:27Z	1037.00000	1555.26370	1538.11631	1524.99402
2025-08-19T11:02:27Z	1037.00000	1555.26362	1538.11679	1524.99471
2025-08-19T11:02:27Z	1037.00000	1555.26914	1538.12301	1524.99651
2025-08-19T11:02:28Z	1037.00000	1555.27012	1538.12479	1524.99551
2025-08-19T11:02:28Z	1037.00000	1555.26712	1538.12531	1524.99107
2025-08-19T11:02:28Z	1037.00000	1555.27724	1538.13054	1525.00707
2025-08-19T11:02:28Z	1038.00000	1555.27700	1538.13261	1525.01184
2025-08-19T11:02:28Z	1038.00000	1555.27138	1538.13175	1525.01124
2025-08-19T11:02:28Z	1038.00000	1555.26760	1538.12966	1525.01181
2025-08-19T11:02:28Z	1038.00000	1555.26670	1538.12931	1525.01188
2025-08-19T11:02:28Z	1038.00000	1555.26337	1538.12589	1525.00860
2025-08-19T11:02:28Z	1038.00000	1555.26188	1538.12479	1525.00776
2025-08-19T11:02:28Z	1038.00000	1555.26030	1538.12333	1525.00601
2025-08-19T11:02:29Z	1038.00000	1555.26033	1538.12465	1525.00676
2025-08-19T11:02:29Z	1038.00000	1555.25793	1538.12308	1525.00586
2025-08-19T11:02:29Z	1038.00000	1555.25656	1538.12198	1525.00518
2025-08-19T11:02:29Z	1039.00000	1555.25671	1538.12943	1525.00670
2025-08-19T11:02:29Z	1039.00000	1555.25588	1538.12917	1525.00712
2025-08-19T11:02:29Z	1039.00000	1555.25582	1538.12769	1525.00687
2025-08-19T11:02:29Z	1039.00000	1555.25456	1538.12557	1525.00799
2025-08-19T11:02:29Z	1039.00000	1555.25566	1538.12494	1525.00700
2025-08-19T11:02:29Z	1039.00000	1555.25636	1538.12571	1525.00730
2025-08-19T11:02:29Z	1039.00000	1555.25595	1538.12593	1525.00652
2025-08-19T11:02:30Z	1039.00000	1555.25586	1538.12639	1525.00711
2025-08-19T11:02:30Z	1039.00000	1555.25572	1538.12634	1525.00723
2025-08-19T11:02:30Z	1039.00000	1555.25578	1538.12635	1525.00656
2025-08-19T11:02:30Z	1040.00000	1555.25568	1538.12668	1525.00777
2025-08-19T11:02:30Z	1040.00000	1555.26151	1538.12959	1525.00730
2025-08-19T11:02:30Z	1040.00000	1555.26013	1538.12963	1525.00373
2025-08-19T11:02:30Z	1040.00000	1555.25976	1538.13000	1525.00421
2025-08-19T11:02:30Z	1040.00000	1555.25953	1538.12743	1525.00334
2025-08-19T11:02:30Z	1040.00000	1555.26245	1538.12897	1525.00680
2025-08-19T11:02:30Z	1040.00000	1555.26268	1538.12941	1525.00713
2025-08-19T11:02:31Z	1040.00000	1555.26171	1538.12720	1525.00630
2025-08-19T11:02:31Z	1040.00000	1555.26332	1538.12980	1525.00710
2025-08-19T11:02:31Z	1040.00000	1555.26321	1538.12957	1525.00711
2025-08-19T11:02:31Z	1041.00000	1555.26381	1538.12902	1525.00688
2025-08-19T11:02:31Z	1041.00000	1555.26373	1538.12867	1525.00803
2025-08-19T11:02:31Z	1041.00000	1555.26338	1538.12655	1525.00675
2025-08-19T11:02:31Z	1041.00000	1555.26270	1538.12701	1525.00724
2025-08-19T11:02:31Z	1041.00000	1555.26242	1538.12846	1525.00663
2025-08-19T11:02:31Z	1041.00000	1555.26058	1538.12772	1525.00681
2025-08-19T11:02:31Z	1041.00000	1555.26024	1538.12683	1525.00772
2025-08-19T11:02:32Z	1041.00000	1555.25972	1538.12736	1525.00651
2025-08-19T11:02:32Z	1041.00000	1555.26446	1538.12918	1525.00746
2025-08-19T11:02:32Z	1041.00000	1555.26601	1538.12922	1525.00762
2025-08-19T11:02:32Z	1042.00000	1555.26487	1538.12875	1525.00657
2025-08-19T11:02:32Z	1042.00000	1555.26389	1538.12538	1525.00698
2025-08-19T11:02:32Z	1042.00000	1555.26338	1538.12429	1525.00502
2025-08-19T11:02:32Z	1042.00000	1555.26655	1538.12614	1525.00645
2025-08-19T11:02:32Z	1042.00000	1555.27962	1538.13383	1525.01171
2025-08-19T11:02:32Z	1042.00000	1555.27648	1538.13267	1525.00945
2025-08-19T11:02:32Z	1042.00000	1555.27876	1538.13267	1525.01151
2025-08-19T11:02:33Z	1042.00000	1555.27589	1538.13310	1525.01169
2025-08-19T11:02:33Z	1042.00000	1555.27246	1538.13312	1525.01127
2025-08-19T11:02:33Z	1042.00000	1555.27127	1538.13325	1525.01069
2025-08-19T11:02:33Z	1043.00000	1555.26977	1538.13269	1525.01084
2025-08-19T11:02:33Z	1043.00000	1555.27161	1538.13331	1525.01091
2025-08-19T11:02:33Z	1043.00000	1555.26930	1538.13323	1525.01007
2025-08-19T11:02:33Z	1043.00000	1555.27059	1538.13365	1525.01259
2025-08-19T11:02:33Z	1043.00000	1555.26972	1538.13348	1525.01171
2025-08-19T11:02:33Z	1043.00000	1555.26821	1538.13296	1525.01044
2025-08-19T11:02:33Z	1043.00000	1555.26761	1538.13257	1525.01078
2025-08-19T11:02:34Z	1043.00000	1555.26813	1538.13532	1525.01318
2025-08-19T11:02:34Z	1043.00000	1555.26744	1538.13842	1525.01282
2025-08-19T11:02:34Z	1043.00000	1555.26764	1538.13411	1525.01316
2025-08-19T11:02:34Z	1044.00000	1555.26819	1538.13322	1525.01246
2025-08-19T11:02:34Z	1044.00000	1555.26750	1538.13324	1525.01100
2025-08-19T11:02:34Z	1044.00000	1555.26857	1538.13267	1525.01197
2025-08-19T11:02:34Z	1044.00000	1555.26908	1538.13285	1525.01219
2025-08-19T11:02:34Z	1044.00000	1555.27025	1538.13307	1525.01156
2025-08-19T11:02:34Z	1044.00000	1555.26879	1538.13222	1525.01021
2025-08-19T11:02:34Z	1044.00000	1555.26784	1538.13187	1525.01172
2025-08-19T11:02:35Z	1044.00000	1555.26763	1538.13197	1525.01062
2025-08-19T11:02:35Z	1044.00000	1555.26768	1538.13183	1525.01007
2025-08-19T11:02:35Z	1044.00000	1555.26756	1538.13186	1525.01140
2025-08-19T11:02:35Z	1045.00000	1555.26710	1538.13172	1525.01098
2025-08-19T11:02:35Z	1045.00000	1555.26776	1538.13276	1525.01047
2025-08-19T11:02:35Z	1045.00000	1555.26729	1538.13292	1525.01168
2025-08-19T11:02:35Z	1045.00000	1555.26728	1538.13327	1525.01193
2025-08-19T11:02:35Z	1045.00000	1555.26721	1538.13377	1525.01072
2025-08-19T11:02:35Z	1045.00000	1555.26763	1538.13406	1525.01151
2025-08-19T11:02:35Z	1045.00000	1555.26665	1538.13316	1525.01143
2025-08-19T11:02:36Z	1045.00000	1555.26679	1538.13395	1525.01189
2025-08-19T11:02:36Z	1045.00000	1555.26706	1538.13347	1525.01178
2025-08-19T11:02:36Z	1045.00000	1555.26659	1538.13384	1525.01290
2025-08-19T11:02:36Z	1046.00000	1555.26687	1538.13360	1525.01359
2025-08-19T11:02:36Z	1046.00000	1555.26657	1538.13346	1525.01405
2025-08-19T11:02:36Z	1046.00000	1555.26711	1538.13390	1525.01354
2025-08-19T11:02:36Z	1046.00000	1555.26709	1538.13361	1525.01309
2025-08-19T11:02:36Z	1046.00000	1555.26707	1538.13715	1525.01359
2025-08-19T11:02:36Z	1046.00000	1555.26752	1538.13693	1525.01376
2025-08-19T11:02:36Z	1046.00000	1555.26677	1538.13571	1525.01328
2025-08-19T11:02:37Z	1046.00000	1555.26700	1538.13521	1525.01369
2025-08-19T11:02:37Z	1046.00000	1555.26711	1538.13463	1525.01295
2025-08-19T11:02:37Z	1046.00000	1555.26673	1538.13401	1525.01302
2025-08-19T11:02:37Z	1047.00000	1555.26703	1538.13482	1525.01353
2025-08-19T11:02:37Z	1047.00000	1555.26699	1538.13408	1525.01358
2025-08-19T11:02:37Z	1047.00000	1555.26725	1538.13348	1525.01407
2025-08-19T11:02:37Z	1047.00000	1555.26588	1538.13358	1525.01204
2025-08-19T11:02:37Z	1047.00000	1555.26719	1538.13415	1525.01281
2025-08-19T11:02:37Z	1047.00000	1555.26721	1538.13444	1525.01412
2025-08-19T11:02:37Z	1047.00000	1555.26728	1538.13457	1525.01461
2025-08-19T11:02:38Z	1047.00000	1555.26694	1538.13426	1525.01269
2025-08-19T11:02:38Z	1047.00000	1555.26734	1538.13506	1525.01338
2025-08-19T11:02:38Z	1047.00000	1555.26720	1538.13404	1525.01364
2025-08-19T11:02:38Z	1048.00000	1555.26734	1538.13474	1525.01358
2025-08-19T11:02:38Z	1048.00000	1555.26749	1538.13518	1525.01288
2025-08-19T11:02:38Z	1048.00000	1555.26756	1538.13535	1525.01342
2025-08-19T11:02:38Z	1048.00000	1555.26685	1538.13505	1525.01256
2025-08-19T11:02:38Z	1048.00000	1555.26722	1538.13486	1525.01330
2025-08-19T11:02:38Z	1048.00000	1555.26670	1538.13433	1525.01355
2025-08-19T11:02:38Z	1048.00000	1555.26704	1538.13533	1525.01311
2025-08-19T11:02:39Z	1048.00000	1555.26712	1538.13437	1525.01239
2025-08-19T11:02:39Z	1048.00000	1555.26511	1538.13323	1525.01192
2025-08-19T11:02:39Z	1048.00000	1555.26645	1538.13429	1525.01291
2025-08-19T11:02:39Z	1049.00000	1555.26674	1538.13512	1525.01348
2025-08-19T11:02:39Z	1049.00000	1555.26373	1538.13355	1525.01175
2025-08-19T11:02:39Z	1049.00000	1555.26752	1538.13599	1525.01253
2025-08-19T11:02:39Z	1049.00000	1555.26751	1538.13537	1525.01274
2025-08-19T11:02:39Z	1049.00000	1555.26633	1538.13377	1525.01371
2025-08-19T11:02:39Z	1049.00000	1555.26690	1538.13391	1525.01331
2025-08-19T11:02:39Z	1049.00000	1555.26696	1538.13472	1525.01234
2025-08-19T11:02:40Z	1049.00000	1555.26683	1538.13491	1525.01351
2025-08-19T11:02:40Z	1049.00000	1555.26677	1538.13432	1525.01293
2025-08-19T11:02:40Z	1049.00000	1555.26673	1538.13419	1525.01305
2025-08-19T11:02:40Z	1050.00000	1555.26741	1538.13790	1525.01323
2025-08-19T11:02:40Z	1050.00000	1555.26698	1538.13906	1525.01405
2025-08-19T11:02:40Z	1050.00000	1555.26730	1538.14014	1525.01348
2025-08-19T11:02:40Z	1050.00000	1555.26689	1538.14035	1525.01269
2025-08-19T11:02:40Z	1050.00000	1555.26749	1538.13983	1525.01283
2025-08-19T11:02:40Z	1050.00000	1555.26706	1538.13721	1525.01325
2025-08-19T11:02:40Z	1050.00000	1555.26717	1538.13626	1525.01317
2025-08-19T11:02:41Z	1050.00000	1555.26715	1538.13632	1525.01449
2025-08-19T11:02:41Z	1050.00000	1555.26758	1538.13568	1525.01509
2025-08-19T11:02:41Z	1050.00000	1555.26750	1538.13582	1525.01592
2025-08-19T11:02:41Z	1051.00000	1555.26747	1538.13623	1525.01697
2025-08-19T11:02:41Z	1051.00000	1555.26721	1538.13563	1525.01751
2025-08-19T11:02:41Z	1051.00000	1555.26746	1538.13620	1525.01912
2025-08-19T11:02:41Z	1051.00000	1555.26804	1538.13644	1525.01847
2025-08-19T11:02:41Z	1051.00000	1555.26694	1538.13531	1525.01739
2025-08-19T11:02:41Z	1051.00000	1555.26723	1538.13544	1525.01734
2025-08-19T11:02:41Z	1051.00000	1555.26730	1538.13795	1525.01656
2025-08-19T11:02:42Z	1051.00000	1555.26754	1538.13953	1525.01538
2025-08-19T11:02:42Z	1051.00000	1555.26733	1538.13938	1525.01437
2025-08-19T11:02:42Z	1051.00000	1555.26703	1538.13931	1525.01452
2025-08-19T11:02:42Z	1052.00000	1555.26738	1538.13933	1525.01340
2025-08-19T11:02:42Z	1052.00000	1555.26788	1538.13941	1525.01401
2025-08-19T11:02:42Z	1052.00000	1555.26920	1538.13866	1525.01317
2025-08-19T11:02:42Z	1052.00000	1555.26910	1538.13800	1525.01424
2025-08-19T11:02:42Z	1052.00000	1555.27089	1538.13740	1525.01326
2025-08-19T11:02:42Z	1052.00000	1555.27358	1538.13644	1525.01331
2025-08-19T11:02:42Z	1052.00000	1555.27299	1538.13576	1525.01256
2025-08-19T11:02:43Z	1052.00000	1555.27183	1538.13515	1525.01403
2025-08-19T11:02:43Z	1052.00000	1555.27400	1538.13640	1525.01424
2025-08-19T11:02:43Z	1052.00000	1555.27376	1538.13537	1525.01304
2025-08-19T11:02:43Z	1053.00000	1555.27409	1538.13494	1525.01377
2025-08-19T11:02:43Z	1053.00000	1555.27483	1538.13489	1525.01420
2025-08-19T11:02:43Z	1053.00000	1555.27402	1538.13530	1525.01378
2025-08-19T11:02:43Z	1053.00000	1555.27270	1538.13662	1525.01317
2025-08-19T11:02:43Z	1053.00000	1555.27050	1538.13926	1525.01412
2025-08-19T11:02:43Z	1053.00000	1555.26928	1538.14145	1525.01232
2025-08-19T11:02:43Z	1053.00000	1555.26961	1538.14273	1525.01276
2025-08-19T11:02:44Z	1053.00000	1555.26821	1538.14270	1525.01219
2025-08-19T11:02:44Z	1053.00000	1555.26916	1538.14173	1525.01333
2025-08-19T11:02:44Z	1053.00000	1555.26799	1538.14139	1525.01200
2025-08-19T11:02:44Z	1054.00000	1555.26765	1538.14118	1525.01196
2025-08-19T11:02:44Z	1054.00000	1555.26879	1538.14079	1525.01255
2025-08-19T11:02:44Z	1054.00000	1555.26835	1538.13873	1525.01291
2025-08-19T11:02:44Z	1054.00000	1555.26804	1538.13862	1525.01375
2025-08-19T11:02:44Z	1054.00000	1555.26801	1538.13483	1525.01451
2025-08-19T11:02:44Z	1054.00000	1555.26861	1538.13375	1525.01245
2025-08-19T11:02:44Z	1054.00000	1555.27188	1538.13460	1525.01358
2025-08-19T11:02:45Z	1054.00000	1555.27144	1538.13451	1525.01321
2025-08-19T11:02:45Z	1054.00000	1555.26998	1538.13518	1525.01298
2025-08-19T11:02:45Z	1054.00000	1555.26930	1538.13579	1525.01282
2025-08-19T11:02:45Z	1055.00000	1555.26905	1538.13546	1525.01335
2025-08-19T11:02:45Z	1055.00000	1555.26843	1538.13644	1525.01313
2025-08-19T11:02:45Z	1055.00000	1555.26836	1538.13577	1525.01430
2025-08-19T11:02:45Z	1055.00000	1555.26835	1538.13784	1525.01416
2025-08-19T11:02:45Z	1055.00000	1555.26843	1538.13692	1525.01512
2025-08-19T11:02:45Z	1055.00000	1555.26787	1538.13748	1525.01495
2025-08-19T11:02:45Z	1055.00000	1555.26825	1538.13719	1525.01507
2025-08-19T11:02:46Z	1055.00000	1555.26769	1538.13879	1525.01490
2025-08-19T11:02:46Z	1055.00000	1555.26781	1538.13912	1525.01516
2025-08-19T11:02:46Z	1055.00000	1555.26895	1538.13941	1525.01409
2025-08-19T11:02:46Z	1056.00000	1555.26926	1538.13971	1525.01485
2025-08-19T11:02:46Z	1056.00000	1555.26888	1538.14011	1525.01576
2025-08-19T11:02:46Z	1056.00000	1555.26912	1538.13962	1525.01404
2025-08-19T11:02:46Z	1056.00000	1555.26874	1538.13943	1525.01297
2025-08-19T11:02:46Z	1056.00000	1555.26899	1538.13940	1525.01337
2025-08-19T11:02:46Z	1056.00000	1555.26894	1538.13965	1525.01363
2025-08-19T11:02:46Z	1056.00000	1555.26897	1538.13971	1525.01360
2025-08-19T11:02:47Z	1056.00000	1555.26922	1538.13884	1525.01337
2025-08-19T11:02:47Z	1056.00000	1555.26978	1538.13948	1525.01358
2025-08-19T11:02:47Z	1056.00000	1555.27008	1538.14026	1525.01296
2025-08-19T11:02:47Z	1057.00000	1555.26934	1538.13899	1525.01378
2025-08-19T11:02:47Z	1057.00000	1555.26935	1538.13932	1525.01402
2025-08-19T11:02:47Z	1057.00000	1555.26930	1538.13942	1525.01395
2025-08-19T11:02:47Z	1057.00000	1555.26885	1538.13865	1525.01270
2025-08-19T11:02:47Z	1057.00000	1555.26892	1538.13982	1525.01311
2025-08-19T11:02:47Z	1057.00000	1555.26784	1538.13784	1525.01344
2025-08-19T11:02:47Z	1057.00000	1555.26859	1538.13592	1525.01294
2025-08-19T11:02:48Z	1057.00000	1555.26836	1538.13711	1525.01367
2025-08-19T11:02:48Z	1057.00000	1555.26874	1538.13772	1525.01320
2025-08-19T11:02:48Z	1057.00000	1555.26822	1538.13709	1525.01277
2025-08-19T11:02:48Z	1058.00000	1555.26823	1538.13667	1525.01392
2025-08-19T11:02:48Z	1058.00000	1555.26764	1538.13617	1525.01406
2025-08-19T11:02:48Z	1058.00000	1555.26834	1538.13675	1525.01386
2025-08-19T11:02:48Z	1058.00000	1555.26746	1538.13510	1525.01370
2025-08-19T11:02:48Z	1058.00000	1555.26774	1538.13594	1525.01372
2025-08-19T11:02:48Z	1058.00000	1555.26827	1538.13582	1525.01363
2025-08-19T11:02:48Z	1058.00000	1555.26898	1538.13658	1525.01424
2025-08-19T11:02:49Z	1058.00000	1555.26859	1538.13540	1525.01435
2025-08-19T11:02:49Z	1058.00000	1555.26795	1538.13558	1525.01352
2025-08-19T11:02:49Z	1058.00000	1555.26812	1538.13510	1525.01382
2025-08-19T11:02:49Z	1059.00000	1555.26850	1538.13575	1525.01368
2025-08-19T11:02:49Z	1059.00000	1555.26828	1538.13531	1525.01406
2025-08-19T11:02:49Z	1059.00000	1555.26780	1538.13524	1525.01314
2025-08-19T11:02:49Z	1059.00000	1555.26512	1538.13235	1525.01242
2025-08-19T11:02:49Z	1059.00000	1555.26669	1538.13302	1525.01309
2025-08-19T11:02:49Z	1059.00000	1555.26738	1538.13582	1525.01373
2025-08-19T11:02:49Z	1059.00000	1555.26729	1538.13432	1525.01285
2025-08-19T11:02:50Z	1059.00000	1555.26755	1538.13536	1525.01328
2025-08-19T11:02:50Z	1059.00000	1555.26779	1538.13515	1525.01473
2025-08-19T11:02:50Z	1059.00000	1555.26787	1538.13584	1525.01361
2025-08-19T11:02:50Z	1060.00000	1555.26837	1538.13881	1525.01359
2025-08-19T11:02:50Z	1060.00000	1555.26792	1538.13860	1525.01420
2025-08-19T11:02:50Z	1060.00000	1555.26761	1538.13878	1525.01381
2025-08-19T11:02:50Z	1060.00000	1555.26787	1538.13762	1525.01445
2025-08-19T11:02:50Z	1060.00000	1555.26839	1538.13558	1525.01442
2025-08-19T11:02:50Z	1060.00000	1555.26818	1538.13619	1525.01402
2025-08-19T11:02:50Z	1060.00000	1555.26727	1538.13517	1525.01427
2025-08-19T11:02:51Z	1060.00000	1555.26802	1538.13618	1525.01373
2025-08-19T11:02:51Z	1060.00000	1555.26856	1538.13891	1525.01540
2025-08-19T11:02:51Z	1060.00000	1555.26917	1538.13793	1525.01570
2025-08-19T11:02:51Z	1061.00000	1555.26713	1538.13977	1525.01631
2025-08-19T11:02:51Z	1061.00000	1555.26820	1538.13886	1525.01608
2025-08-19T11:02:51Z	1061.00000	1555.26854	1538.13916	1525.01626
2025-08-19T11:02:51Z	1061.00000	1555.26767	1538.13898	1525.01585
2025-08-19T11:02:51Z	1061.00000	1555.26886	1538.13842	1525.01658
2025-08-19T11:02:51Z	1061.00000	1555.26863	1538.14025	1525.01690
2025-08-19T11:02:51Z	1061.00000	1555.26945	1538.13920	1525.01579
2025-08-19T11:02:52Z	1061.00000	1555.26898	1538.13952	1525.01643
2025-08-19T11:02:52Z	1061.00000	1555.26858	1538.13873	1525.01668
2025-08-19T11:02:52Z	1061.00000	1555.26923	1538.13862	1525.01654
2025-08-19T11:02:52Z	1062.00000	1555.26935	1538.13940	1525.01683
2025-08-19T11:02:52Z	1062.00000	1555.26964	1538.13908	1525.01616
2025-08-19T11:02:52Z	1062.00000	1555.26981	1538.13792	1525.01452
2025-08-19T11:02:52Z	1062.00000	1555.26958	1538.13852	1525.01361
2025-08-19T11:02:52Z	1062.00000	1555.27014	1538.13912	1525.01469
2025-08-19T11:02:52Z	1062.00000	1555.27076	1538.13829	1525.01304
2025-08-19T11:02:52Z	1062.00000	1555.27149	1538.13971	1525.01387
2025-08-19T11:02:53Z	1062.00000	1555.27040	1538.13950	1525.01415
2025-08-19T11:02:53Z	1062.00000	1555.27023	1538.13741	1525.01314
2025-08-19T11:02:53Z	1062.00000	1555.26872	1538.13659	1525.01451
2025-08-19T11:02:53Z	1063.00000	1555.26865	1538.13509	1525.01431
2025-08-19T11:02:53Z	1063.00000	1555.26855	1538.13619	1525.01368
2025-08-19T11:02:53Z	1063.00000	1555.26855	1538.13690	1525.01369
2025-08-19T11:02:53Z	1063.00000	1555.26761	1538.13621	1525.01471
2025-08-19T11:02:53Z	1063.00000	1555.26759	1538.13585	1525.01415
2025-08-19T11:02:53Z	1063.00000	1555.26796	1538.13552	1525.01437
2025-08-19T11:02:53Z	1063.00000	1555.26809	1538.13784	1525.01558
2025-08-19T11:02:54Z	1063.00000	1555.26770	1538.13721	1525.01565
2025-08-19T11:02:54Z	1063.00000	1555.26878	1538.13558	1525.01644
2025-08-19T11:02:54Z	1063.00000	1555.26814	1538.13685	1525.01668
2025-08-19T11:02:54Z	1064.00000	1555.26698	1538.13865	1525.01636
2025-08-19T11:02:54Z	1064.00000	1555.26787	1538.13867	1525.01532
2025-08-19T11:02:54Z	1064.00000	1555.26793	1538.13997	1525.01596
2025-08-19T11:02:54Z	1064.00000	1555.26778	1538.14048	1525.01448
2025-08-19T11:02:54Z	1064.00000	1555.26801	1538.14082	1525.01457
2025-08-19T11:02:54Z	1064.00000	1555.26863	1538.14054	1525.01441
2025-08-19T11:02:54Z	1064.00000	1555.26865	1538.14134	1525.01385
2025-08-19T11:02:55Z	1064.00000	1555.26826	1538.13992	1525.01374
2025-08-19T11:02:55Z	1064.00000	1555.26862	1538.14085	1525.01314
2025-08-19T11:02:55Z	1064.00000	1555.26838	1538.14103	1525.01393
2025-08-19T11:02:55Z	1065.00000	1555.26870	1538.14049	1525.01378
2025-08-19T11:02:55Z	1065.00000	1555.26993	1538.14025	1525.01382
2025-08-19T11:02:55Z	1065.00000	1555.26976	1538.13956	1525.01323
2025-08-19T11:02:55Z	1065.00000	1555.26915	1538.13927	1525.01347
2025-08-19T11:02:55Z	1065.00000	1555.26868	1538.13826	1525.01363
2025-08-19T11:02:55Z	1065.00000	1555.26859	1538.13700	1525.01334
2025-08-19T11:02:55Z	1065.00000	1555.26831	1538.13808	1525.01292
2025-08-19T11:02:56Z	1065.00000	1555.26784	1538.13823	1525.01370
2025-08-19T11:02:56Z	1065.00000	1555.26738	1538.13907	1525.01382
2025-08-19T11:02:56Z	1065.00000	1555.26802	1538.13769	1525.01293
2025-08-19T11:02:56Z	1066.00000	1555.26798	1538.13634	1525.01405
2025-08-19T11:02:56Z	1066.00000	1555.26764	1538.13609	1525.01358
2025-08-19T11:02:56Z	1066.00000	1555.26862	1538.13711	1525.01378
2025-08-19T11:02:56Z	1066.00000	1555.26769	1538.13666	1525.01427
2025-08-19T11:02:56Z	1066.00000	1555.26886	1538.13506	1525.01451
2025-08-19T11:02:56Z	1066.00000	1555.26807	1538.13632	1525.01253
2025-08-19T11:02:56Z	1066.00000	1555.26812	1538.13541	1525.01319
2025-08-19T11:02:57Z	1066.00000	1555.26745	1538.13571	1525.01310
2025-08-19T11:02:57Z	1066.00000	1555.26769	1538.13480	1525.01390
2025-08-19T11:02:57Z	1066.00000	1555.26820	1538.13577	1525.01387
2025-08-19T11:02:57Z	1067.00000	1555.26780	1538.13625	1525.01402
2025-08-19T11:02:57Z	1067.00000	1555.26765	1538.13489	1525.01249
2025-08-19T11:02:57Z	1067.00000	1555.26761	1538.13527	1525.01261
2025-08-19T11:02:57Z	1067.00000	1555.26761	1538.13552	1525.01323
2025-08-19T11:02:57Z	1067.00000	1555.26741	1538.13453	1525.01414
2025-08-19T11:02:58Z	1067.00000	1555.26724	1538.13603	1525.01414
2025-08-19T11:02:58Z	1067.00000	1555.26749	1538.13549	1525.01337
2025-08-19T11:02:58Z	1068.00000	1555.26751	1538.13601	1525.01445
2025-08-19T11:02:58Z	1068.00000	1555.26785	1538.13559	1525.01345
2025-08-19T11:02:58Z	1068.00000	1555.26792	1538.13718	1525.01277
2025-08-19T11:02:58Z	1068.00000	1555.26759	1538.13716	1525.01378
2025-08-19T11:02:58Z	1068.00000	1555.26768	1538.13588	1525.01299
2025-08-19T11:02:58Z	1068.00000	1555.26737	1538.13642	1525.01231
2025-08-19T11:02:58Z	1068.00000	1555.26853	1538.13745	1525.01418
2025-08-19T11:02:59Z	1068.00000	1555.26836	1538.13805	1525.01418
2025-08-19T11:02:59Z	1068.00000	1555.26795	1538.13535	1525.01215
2025-08-19T11:02:59Z	1069.00000	1555.26843	1538.13614	1525.01386
2025-08-19T11:02:59Z	1069.00000	1555.26775	1538.13612	1525.01342
2025-08-19T11:02:59Z	1069.00000	1555.26829	1538.13578	1525.01328
2025-08-19T11:03:00Z	1069.00000	1555.26752	1538.13559	1525.01299
2025-08-19T11:03:00Z	1069.00000	1555.26789	1538.13572	1525.01396
2025-08-19T11:03:00Z	1069.00000	1555.26787	1538.13526	1525.01352
2025-08-19T11:03:00Z	1070.00000	1555.26760	1538.13563	1525.01412
2025-08-19T11:03:00Z	1070.00000	1555.26754	1538.13483	1525.01378
2025-08-19T11:03:00Z	1070.00000	1555.26791	1538.13526	1525.01352
2025-08-19T11:03:00Z	1070.00000	1555.26778	1538.13529	1525.01339
2025-08-19T11:03:01Z	1070.00000	1555.26743	1538.13554	1525.01290
2025-08-19T11:03:01Z	1070.00000	1555.26771	1538.13537	1525.01329
2025-08-19T11:03:01Z	1071.00000	1555.26693	1538.13590	1525.01249
2025-08-19T11:03:01Z	1071.00000	1555.26728	1538.13603	1525.01318
